posted_date,raw_date,amount,amount_minor,direction,section,description,description_raw,statement_start,statement_end,account_last4,source_file,raw_lines_json
2023-08-21,08/21/23,100.00,10000,credit,deposits,Agent Assisted transfer from CHK 3765 Confirmation# 2oz765d7q,08/21/23 Agent Assisted transfer from CHK 3765 Confirmation# 2oz765d7q,"August 21, 2023","September 18, 2023",2061,eStmt_2023-09-18.pdf,"[""08/21/23 Agent Assisted transfer from CHK 3765 Confirmation# 2oz765d7q 100.00""]"
2023-08-21,08/21/23,100.00,10000,credit,deposits,Online Banking transfer from CHK 3765 Confirmation# 7747861458,08/21/23 Online Banking transfer from CHK 3765 Confirmation# 7747861458,"August 21, 2023","September 18, 2023",2061,eStmt_2023-09-18.pdf,"[""08/21/23 Online Banking transfer from CHK 3765 Confirmation# 7747861458 100.00""]"
2023-08-21,08/21/23,150.00,15000,credit,deposits,Online Banking transfer from CHK 3765 Confirmation# 7157012483,08/21/23 Online Banking transfer from CHK 3765 Confirmation# 7157012483,"August 21, 2023","September 18, 2023",2061,eStmt_2023-09-18.pdf,"[""08/21/23 Online Banking transfer from CHK 3765 Confirmation# 7157012483 150.00""]"
2023-08-21,08/21/23,150.00,15000,credit,deposits,Online Banking transfer from CHK 8534 Confirmation# 7147838570,08/21/23 Online Banking transfer from CHK 8534 Confirmation# 7147838570,"August 21, 2023","September 18, 2023",2061,eStmt_2023-09-18.pdf,"[""08/21/23 Online Banking transfer from CHK 8534 Confirmation# 7147838570 150.00""]"
2023-08-22,08/22/23,43.00,4300,credit,deposits,VENMO DES:CASHOUT ID:1028932300605 INDN:MOUSTAFA NASR CO ID:5264681992 PPD,08/22/23 VENMO DES:CASHOUT ID:1028932300605 INDN:MOUSTAFA NASR CO ID:5264681992 PPD,"August 21, 2023","September 18, 2023",2061,eStmt_2023-09-18.pdf,"[""08/22/23 VENMO            DES:CASHOUT    ID:1028932300605  INDN:MOUSTAFA NASR           CO"", ""ID:5264681992 PPD43.00""]"
2023-08-24,08/24/23,-398.71,-39871,debit,withdrawals,CHECKCARD 0823 AMZN MKTP US*T33HF3C62 AMZN.COM/BILLWA 24431063235083325580744,08/24/23 CHECKCARD 0823 AMZN MKTP US*T33HF3C62 AMZN.COM/BILLWA 24431063235083325580744,"August 21, 2023","September 18, 2023",2061,eStmt_2023-09-18.pdf,"[""08/24/23 CHECKCARD  0823 AMZN MKTP US*T33HF3C62 AMZN.COM/BILLWA"", ""24431063235083325580744-398.71""]"
2023-08-24,08/24/23,-21.18,-2118,debit,withdrawals,PURCHASE 0823 AMZN Mktp US*T34ZZ8CH2 Amzn.com/billWA,08/24/23 PURCHASE 0823 AMZN Mktp US*T34ZZ8CH2 Amzn.com/billWA,"August 21, 2023","September 18, 2023",2061,eStmt_2023-09-18.pdf,"[""08/24/23 PURCHASE   0823 AMZN Mktp US*T34ZZ8CH2 Amzn.com/billWA -21.18""]"
2023-08-24,08/24/23,-15.91,-1591,debit,withdrawals,PURCHASE 0823 AMZN Mktp US*TQ8326D81 Amzn.com/billWA,08/24/23 PURCHASE 0823 AMZN Mktp US*TQ8326D81 Amzn.com/billWA,"August 21, 2023","September 18, 2023",2061,eStmt_2023-09-18.pdf,"[""08/24/23 PURCHASE   0823 AMZN Mktp US*TQ8326D81 Amzn.com/billWA -15.91""]"
2023-08-24,08/24/23,-11.99,-1199,debit,withdrawals,CHECKCARD 0823 AMZN MKTP US*TQ78G3Q61 AMZN.COM/BILLWA 24431063235083710468505,08/24/23 CHECKCARD 0823 AMZN MKTP US*TQ78G3Q61 AMZN.COM/BILLWA 24431063235083710468505,"August 21, 2023","September 18, 2023",2061,eStmt_2023-09-18.pdf,"[""08/24/23 CHECKCARD  0823 AMZN MKTP US*TQ78G3Q61 AMZN.COM/BILLWA"", ""24431063235083710468505-11.99""]"
2023-08-28,08/28/23,25.46,2546,credit,deposits,CHECKCARD 0828 AMZN MKTP US AMZN.COM/B AMZN.COM/BILLWA 7443106324008300702,08/28/23 CHECKCARD 0828 AMZN MKTP US AMZN.COM/B AMZN.COM/BILLWA 7443106324008300702,"August 21, 2023","September 18, 2023",2061,eStmt_2023-09-18.pdf,"[""08/28/23 CHECKCARD  0828 AMZN MKTP US AMZN.COM/B AMZN.COM/BILLWA 7443106324008300702 25.46""]"
2023-08-30,08/30/23,-15.50,-1550,debit,withdrawals,NWS NEW BRUNSW 08/30 #000005328 MOBILE PURCHASE 1 PENN PLAZA EAST NEW BRUNSWICK NJ,08/30/23 NWS NEW BRUNSW 08/30 #000005328 MOBILE PURCHASE 1 PENN PLAZA EAST NEW BRUNSWICK NJ,"August 21, 2023","September 18, 2023",2061,eStmt_2023-09-18.pdf,"[""08/30/23 NWS NEW BRUNSW  08/30 #000005328 MOBILE PURCHASE 1 PENN PLAZA EAST  NEW"", ""BRUNSWICK NJ-15.50""]"
2023-08-30,08/30/23,90.00,9000,credit,deposits,VENMO DES:CASHOUT ID:1029081475185 INDN:MOUSTAFA NASR CO ID:5264681992 PPD,08/30/23 VENMO DES:CASHOUT ID:1029081475185 INDN:MOUSTAFA NASR CO ID:5264681992 PPD,"August 21, 2023","September 18, 2023",2061,eStmt_2023-09-18.pdf,"[""08/30/23 VENMO            DES:CASHOUT    ID:1029081475185  INDN:MOUSTAFA NASR           CO"", ""ID:5264681992 PPD90.00""]"
2023-08-31,08/31/23,-10.00,-1000,debit,withdrawals,"PURCHASE 0829 CG LAUNDRY RUTGERS COLL 804-7846100 NJ continued on the next page MOUSTAFA MOHAMED NASR ! Account # 3810 6904 2061 ! August 21, 2023 to September 18, 2023","08/31/23 PURCHASE 0829 CG LAUNDRY RUTGERS COLL 804-7846100 NJ continued on the next page MOUSTAFA MOHAMED NASR ! Account # 3810 6904 2061 ! August 21, 2023 to September 18, 2023","August 21, 2023","September 18, 2023",2061,eStmt_2023-09-18.pdf,"[""08/31/23 PURCHASE   0829 CG LAUNDRY RUTGERS COLL 804-7846100  NJ -10.00"", ""continued on the next page"", ""MOUSTAFA MOHAMED NASR   !   Account # 3810 6904 2061   !   August 21, 2023 to September 18, 2023""]"
2023-09-01,09/01/23,-13.00,-1300,debit,withdrawals,MOBILE PURCHASE 0830 110 HONEYGROW-RUTGERS NEW BRUNSWICKNJ,09/01/23 MOBILE PURCHASE 0830 110 HONEYGROW-RUTGERS NEW BRUNSWICKNJ,"August 21, 2023","September 18, 2023",2061,eStmt_2023-09-18.pdf,"[""09/01/23 MOBILE PURCHASE 0830  110 HONEYGROW-RUTGERS NEW BRUNSWICKNJ -13.00""]"
2023-09-05,09/05/23,-11.20,-1120,debit,withdrawals,MOBILE PURCHASE 0901 TST* El Jefes Taqueria NEW BRUNSWICKNJ,09/05/23 MOBILE PURCHASE 0901 TST* El Jefes Taqueria NEW BRUNSWICKNJ,"August 21, 2023","September 18, 2023",2061,eStmt_2023-09-18.pdf,"[""09/05/23 MOBILE PURCHASE 0901  TST* El Jefes Taqueria NEW BRUNSWICKNJ -11.20""]"
2023-09-06,09/06/23,-5.24,-524,debit,withdrawals,MOBILE PURCHASE 0904 KING OF GYRO NEW BRUNSWICKNJ,09/06/23 MOBILE PURCHASE 0904 KING OF GYRO NEW BRUNSWICKNJ,"August 21, 2023","September 18, 2023",2061,eStmt_2023-09-18.pdf,"[""09/06/23 MOBILE PURCHASE 0904  KING OF GYRO NEW BRUNSWICKNJ -5.24""]"
2023-09-07,09/07/23,-44.00,-4400,debit,withdrawals,PMNT SENT 0906 APPLE CASH SENT MONEY 1INFINITELOOPCA,09/07/23 PMNT SENT 0906 APPLE CASH SENT MONEY 1INFINITELOOPCA,"August 21, 2023","September 18, 2023",2061,eStmt_2023-09-18.pdf,"[""09/07/23 PMNT SENT  0906 APPLE CASH SENT MONEY 1INFINITELOOPCA -44.00""]"
2023-09-07,09/07/23,150.00,15000,credit,deposits,Online Banking transfer from CHK 3765 Confirmation# 7912926445,09/07/23 Online Banking transfer from CHK 3765 Confirmation# 7912926445,"August 21, 2023","September 18, 2023",2061,eStmt_2023-09-18.pdf,"[""09/07/23 Online Banking transfer from CHK 3765 Confirmation# 7912926445 150.00""]"
2023-09-11,09/11/23,-85.29,-8529,debit,withdrawals,CHECKCARD 0908 AWL*PEARSON EDUCATION PRSONCS.COM NJ 24692163251103000054343,09/11/23 CHECKCARD 0908 AWL*PEARSON EDUCATION PRSONCS.COM NJ 24692163251103000054343,"August 21, 2023","September 18, 2023",2061,eStmt_2023-09-18.pdf,"[""09/11/23 CHECKCARD  0908 AWL*PEARSON EDUCATION PRSONCS.COM  NJ 24692163251103000054343 -85.29""]"
2023-09-11,09/11/23,-38.25,-3825,debit,withdrawals,CHECKCARD 0910 Instacart San FranciscoCA,09/11/23 CHECKCARD 0910 Instacart San FranciscoCA,"August 21, 2023","September 18, 2023",2061,eStmt_2023-09-18.pdf,"[""09/11/23 CHECKCARD  0910 Instacart San FranciscoCA -38.25""]"
2023-09-11,09/11/23,-35.00,-3500,debit,withdrawals,CHECKCARD 0908 EXPRT TA COL HOMEWORK 918-770-9876 TN 24915073251206479200362,09/11/23 CHECKCARD 0908 EXPRT TA COL HOMEWORK 918-770-9876 TN 24915073251206479200362,"August 21, 2023","September 18, 2023",2061,eStmt_2023-09-18.pdf,"[""09/11/23 CHECKCARD  0908 EXPRT TA COL HOMEWORK 918-770-9876 TN 24915073251206479200362 -35.00""]"
2023-09-11,09/11/23,-11.72,-1172,debit,withdrawals,MOBILE PURCHASE 0909 NNT KNIGHTEXPR NEW BRUNSWICKNJ,09/11/23 MOBILE PURCHASE 0909 NNT KNIGHTEXPR NEW BRUNSWICKNJ,"August 21, 2023","September 18, 2023",2061,eStmt_2023-09-18.pdf,"[""09/11/23 MOBILE PURCHASE 0909  NNT KNIGHTEXPR NEW BRUNSWICKNJ -11.72""]"
2023-09-13,09/13/23,-10.00,-1000,debit,withdrawals,PURCHASE 0909 CG LAUNDRY RUTGERS COLL 804-7846100 NJ,09/13/23 PURCHASE 0909 CG LAUNDRY RUTGERS COLL 804-7846100 NJ,"August 21, 2023","September 18, 2023",2061,eStmt_2023-09-18.pdf,"[""09/13/23 PURCHASE   0909 CG LAUNDRY RUTGERS COLL 804-7846100  NJ -10.00""]"
2023-09-18,09/18/23,100.00,10000,credit,deposits,Online Banking transfer from CHK 3765 Confirmation# 7806695877,09/18/23 Online Banking transfer from CHK 3765 Confirmation# 7806695877,"August 21, 2023","September 18, 2023",2061,eStmt_2023-09-18.pdf,"[""09/18/23 Online Banking transfer from CHK 3765 Confirmation# 7806695877 100.00""]"
2023-09-19,09/19/23,-99.00,-9900,debit,withdrawals,CHECKCARD 0918 ZYBOOK COLLEGE TXTBOOK HTTPSWWW.ZYBOCA 24492163261000042848270,09/19/23 CHECKCARD 0918 ZYBOOK COLLEGE TXTBOOK HTTPSWWW.ZYBOCA 24492163261000042848270,"September 19, 2023","October 18, 2023",2061,eStmt_2023-10-18.pdf,"[""09/19/23 CHECKCARD  0918 ZYBOOK COLLEGE TXTBOOK HTTPSWWW.ZYBOCA"", ""24492163261000042848270-99.00""]"
2023-09-20,09/20/23,-3.28,-328,debit,withdrawals,MOBILE PURCHASE 0920 SNACK* TRIBOS PERI PER 120-36845156 CA,09/20/23 MOBILE PURCHASE 0920 SNACK* TRIBOS PERI PER 120-36845156 CA,"September 19, 2023","October 18, 2023",2061,eStmt_2023-10-18.pdf,"[""09/20/23 MOBILE PURCHASE 0920  SNACK* TRIBOS PERI PER 120-36845156 CA -3.28""]"
2023-09-25,09/25/23,-15.94,-1594,debit,withdrawals,MOBILE PURCHASE 0922 RU BOOKSTORE 6600 NEW BRUNSWICKNJ,09/25/23 MOBILE PURCHASE 0922 RU BOOKSTORE 6600 NEW BRUNSWICKNJ,"September 19, 2023","October 18, 2023",2061,eStmt_2023-10-18.pdf,"[""09/25/23 MOBILE PURCHASE 0922  RU BOOKSTORE 6600 NEW BRUNSWICKNJ -15.94""]"
2023-09-25,09/25/23,-2.93,-293,debit,withdrawals,MOBILE PURCHASE 0923 TST* El Jefes Taqueria NEW BRUNSWICKNJ,09/25/23 MOBILE PURCHASE 0923 TST* El Jefes Taqueria NEW BRUNSWICKNJ,"September 19, 2023","October 18, 2023",2061,eStmt_2023-10-18.pdf,"[""09/25/23 MOBILE PURCHASE 0923  TST* El Jefes Taqueria NEW BRUNSWICKNJ -2.93""]"
2023-09-25,09/25/23,200.00,20000,credit,deposits,Online Banking transfer from CHK 3765 Confirmation# 7548609685,09/25/23 Online Banking transfer from CHK 3765 Confirmation# 7548609685,"September 19, 2023","October 18, 2023",2061,eStmt_2023-10-18.pdf,"[""09/25/23 Online Banking transfer from CHK 3765 Confirmation# 7548609685 200.00""]"
2023-09-26,09/26/23,-118.17,-11817,debit,withdrawals,PURCHASE 0925 AMZN Mktp US*TX8GH2WC1 Amzn.com/billWA,09/26/23 PURCHASE 0925 AMZN Mktp US*TX8GH2WC1 Amzn.com/billWA,"September 19, 2023","October 18, 2023",2061,eStmt_2023-10-18.pdf,"[""09/26/23 PURCHASE   0925 AMZN Mktp US*TX8GH2WC1 Amzn.com/billWA -118.17""]"
2023-09-26,09/26/23,-79.92,-7992,debit,withdrawals,CHECKCARD 0925 AMZN MKTP US*T10WL5KH2 SEATTLE WA 24431063268083714833456,09/26/23 CHECKCARD 0925 AMZN MKTP US*T10WL5KH2 SEATTLE WA 24431063268083714833456,"September 19, 2023","October 18, 2023",2061,eStmt_2023-10-18.pdf,"[""09/26/23 CHECKCARD  0925 AMZN MKTP US*T10WL5KH2 SEATTLE      WA 24431063268083714833456 -79.92""]"
2023-09-26,09/26/23,-0.85,-85,debit,withdrawals,MOBILE PURCHASE 0924 BARNES & NOBLE #2162 EDISON NJ,09/26/23 MOBILE PURCHASE 0924 BARNES & NOBLE #2162 EDISON NJ,"September 19, 2023","October 18, 2023",2061,eStmt_2023-10-18.pdf,"[""09/26/23 MOBILE PURCHASE 0924  BARNES & NOBLE #2162 EDISON       NJ -0.85""]"
2023-10-02,10/02/23,-52.25,-5225,debit,withdrawals,MOBILE PURCHASE 0930 APPLE STORE #R067 EDISON NJ,10/02/23 MOBILE PURCHASE 0930 APPLE STORE #R067 EDISON NJ,"September 19, 2023","October 18, 2023",2061,eStmt_2023-10-18.pdf,"[""10/02/23 MOBILE PURCHASE 0930  APPLE STORE  #R067 EDISON       NJ -52.25""]"
2023-10-02,10/02/23,-13.00,-1300,debit,withdrawals,MOBILE PURCHASE 0929 SQ *SURREAL CREAMERY New BrunswickNJ,10/02/23 MOBILE PURCHASE 0929 SQ *SURREAL CREAMERY New BrunswickNJ,"September 19, 2023","October 18, 2023",2061,eStmt_2023-10-18.pdf,"[""10/02/23 MOBILE PURCHASE 0929  SQ *SURREAL CREAMERY New BrunswickNJ -13.00""]"
2023-10-02,10/02/23,-0.90,-90,debit,withdrawals,MOBILE PURCHASE 1001 STARBUCKS TRUCK PISCATAWAY NJ,10/02/23 MOBILE PURCHASE 1001 STARBUCKS TRUCK PISCATAWAY NJ,"September 19, 2023","October 18, 2023",2061,eStmt_2023-10-18.pdf,"[""10/02/23 MOBILE PURCHASE 1001  STARBUCKS TRUCK PISCATAWAY   NJ -0.90""]"
2023-10-02,10/02/23,50.00,5000,credit,deposits,Online Banking transfer from CHK 3765 Confirmation# 7408859363,10/02/23 Online Banking transfer from CHK 3765 Confirmation# 7408859363,"September 19, 2023","October 18, 2023",2061,eStmt_2023-10-18.pdf,"[""10/02/23 Online Banking transfer from CHK 3765 Confirmation# 7408859363 50.00""]"
2023-10-05,10/05/23,-10.00,-1000,debit,withdrawals,PURCHASE 1003 CG LAUNDRY RUTGERS COLL 804-7846100 NJ,10/05/23 PURCHASE 1003 CG LAUNDRY RUTGERS COLL 804-7846100 NJ,"September 19, 2023","October 18, 2023",2061,eStmt_2023-10-18.pdf,"[""10/05/23 PURCHASE   1003 CG LAUNDRY RUTGERS COLL 804-7846100  NJ -10.00""]"
2023-10-10,10/10/23,-17.94,-1794,debit,withdrawals,CHECKCARD 1008 AMAZON.COM*TE1WX61G0 SEATTLE WA 24431063281083350715028,10/10/23 CHECKCARD 1008 AMAZON.COM*TE1WX61G0 SEATTLE WA 24431063281083350715028,"September 19, 2023","October 18, 2023",2061,eStmt_2023-10-18.pdf,"[""10/10/23 CHECKCARD  1008 AMAZON.COM*TE1WX61G0 SEATTLE      WA 24431063281083350715028 -17.94""]"
2023-10-10,10/10/23,-10.00,-1000,debit,withdrawals,MOBILE PURCHASE 1006 WAWA 8386 PISCATAWAY NJ,10/10/23 MOBILE PURCHASE 1006 WAWA 8386 PISCATAWAY NJ,"September 19, 2023","October 18, 2023",2061,eStmt_2023-10-18.pdf,"[""10/10/23 MOBILE PURCHASE 1006  WAWA 8386 PISCATAWAY   NJ -10.00""]"
2023-10-10,10/10/23,100.00,10000,credit,deposits,Online Banking transfer from CHK 3765 Confirmation# 7686368183,10/10/23 Online Banking transfer from CHK 3765 Confirmation# 7686368183,"September 19, 2023","October 18, 2023",2061,eStmt_2023-10-18.pdf,"[""10/10/23 Online Banking transfer from CHK 3765 Confirmation# 7686368183 100.00""]"
2023-10-12,10/12/23,-12.27,-1227,debit,withdrawals,MOBILE PURCHASE 1011 R U HUNGRY NEW BRUNSWICKNJ,10/12/23 MOBILE PURCHASE 1011 R U HUNGRY NEW BRUNSWICKNJ,"September 19, 2023","October 18, 2023",2061,eStmt_2023-10-18.pdf,"[""10/12/23 MOBILE PURCHASE 1011  R U HUNGRY NEW BRUNSWICKNJ -12.27""]"
2023-10-12,10/12/23,-10.00,-1000,debit,withdrawals,"PURCHASE 1011 WWW.VEORIDE.COM WWW.VEORIDE.CIL continued on the next page MOUSTAFA MOHAMED NASR ! Account # 3810 6904 2061 ! September 19, 2023 to October 18, 2023","10/12/23 PURCHASE 1011 WWW.VEORIDE.COM WWW.VEORIDE.CIL continued on the next page MOUSTAFA MOHAMED NASR ! Account # 3810 6904 2061 ! September 19, 2023 to October 18, 2023","September 19, 2023","October 18, 2023",2061,eStmt_2023-10-18.pdf,"[""10/12/23 PURCHASE   1011 WWW.VEORIDE.COM WWW.VEORIDE.CIL -10.00"", ""continued on the next page"", ""MOUSTAFA MOHAMED NASR   !   Account # 3810 6904 2061   !   September 19, 2023 to October 18, 2023""]"
2023-10-16,10/16/23,-12.90,-1290,debit,withdrawals,MOBILE PURCHASE 1014 CHIPOTLE 1256 NEW BRUNSWICKNJ,10/16/23 MOBILE PURCHASE 1014 CHIPOTLE 1256 NEW BRUNSWICKNJ,"September 19, 2023","October 18, 2023",2061,eStmt_2023-10-18.pdf,"[""10/16/23 MOBILE PURCHASE 1014  CHIPOTLE 1256 NEW BRUNSWICKNJ -12.90""]"
2023-10-17,10/17/23,-10.00,-1000,debit,withdrawals,PURCHASE 1015 CG LAUNDRY RUTGERS COLL 804-7846100 NJ,10/17/23 PURCHASE 1015 CG LAUNDRY RUTGERS COLL 804-7846100 NJ,"September 19, 2023","October 18, 2023",2061,eStmt_2023-10-18.pdf,"[""10/17/23 PURCHASE   1015 CG LAUNDRY RUTGERS COLL 804-7846100  NJ -10.00""]"
2023-10-17,10/17/23,-5.54,-554,debit,withdrawals,MOBILE PURCHASE 1017 SNACK* AKIHI BUBBLE TE 186-68682146 CA,10/17/23 MOBILE PURCHASE 1017 SNACK* AKIHI BUBBLE TE 186-68682146 CA,"September 19, 2023","October 18, 2023",2061,eStmt_2023-10-18.pdf,"[""10/17/23 MOBILE PURCHASE 1017  SNACK* AKIHI BUBBLE TE 186-68682146 CA -5.54""]"
2023-10-20,10/20/23,-0.45,-45,debit,withdrawals,MOBILE PURCHASE 1018 CAFE WEST NEW BRUNSWICKNJ,10/20/23 MOBILE PURCHASE 1018 CAFE WEST NEW BRUNSWICKNJ,"October 19, 2023","November 16, 2023",2061,eStmt_2023-11-16.pdf,"[""10/20/23 MOBILE PURCHASE 1018  CAFE WEST NEW BRUNSWICKNJ -0.45""]"
2023-10-23,10/23/23,-9.87,-987,debit,withdrawals,PURCHASE 1022 WWW.VEORIDE.COM WWW.VEORIDE.CIL,10/23/23 PURCHASE 1022 WWW.VEORIDE.COM WWW.VEORIDE.CIL,"October 19, 2023","November 16, 2023",2061,eStmt_2023-11-16.pdf,"[""10/23/23 PURCHASE   1022 WWW.VEORIDE.COM WWW.VEORIDE.CIL -9.87""]"
2023-10-24,10/24/23,-30.37,-3037,debit,withdrawals,MOBILE PURCHASE 1023 KBG KOREAN BBQ & GRILL 131-27305592 IL,10/24/23 MOBILE PURCHASE 1023 KBG KOREAN BBQ & GRILL 131-27305592 IL,"October 19, 2023","November 16, 2023",2061,eStmt_2023-11-16.pdf,"[""10/24/23 MOBILE PURCHASE 1023  KBG KOREAN BBQ & GRILL 131-27305592 IL -30.37""]"
2023-10-24,10/24/23,-13.33,-1333,debit,withdrawals,MOBILE PURCHASE 1023 TST* FRITZ'S NEW BRUNSWICKNJ,10/24/23 MOBILE PURCHASE 1023 TST* FRITZ'S NEW BRUNSWICKNJ,"October 19, 2023","November 16, 2023",2061,eStmt_2023-11-16.pdf,"[""10/24/23 MOBILE PURCHASE 1023  TST* FRITZ'S NEW BRUNSWICKNJ -13.33""]"
2023-10-24,10/24/23,1.00,100,credit,deposits,Zelle payment from FATIMA IBRAHIM Conf# 0HZ422QOU,10/24/23 Zelle payment from FATIMA IBRAHIM Conf# 0HZ422QOU,"October 19, 2023","November 16, 2023",2061,eStmt_2023-11-16.pdf,"[""10/24/23 Zelle payment from  FATIMA IBRAHIM Conf# 0HZ422QOU 1.00""]"
2023-10-25,10/25/23,-3.00,-300,debit,other_subtractions,VENMO DES:RETRY PYMT ID:1030136788427 INDN:MOUSTAFA NASR CO ID:3264681992 WEB,10/25/23 VENMO DES:RETRY PYMT ID:1030136788427 INDN:MOUSTAFA NASR CO ID:3264681992 WEB,"October 19, 2023","November 16, 2023",2061,eStmt_2023-11-16.pdf,"[""10/25/23 VENMO            DES:RETRY PYMT ID:1030136788427  INDN:MOUSTAFA NASR           CO"", ""ID:3264681992 WEB-3.00""]"
2023-10-26,10/26/23,100.00,10000,credit,deposits,Zelle payment from MOHAMED NASR Conf# g4rr7m4u9,10/26/23 Zelle payment from MOHAMED NASR Conf# g4rr7m4u9,"October 19, 2023","November 16, 2023",2061,eStmt_2023-11-16.pdf,"[""10/26/23 Zelle payment from MOHAMED NASR Conf# g4rr7m4u9 100.00""]"
2023-10-27,10/27/23,-2000.00,-200000,debit,other_subtractions,Online Banking transfer to CHK 8534 Confirmation# 7845596438,10/27/23 Online Banking transfer to CHK 8534 Confirmation# 7845596438,"October 19, 2023","November 16, 2023",2061,eStmt_2023-11-16.pdf,"[""10/27/23 Online Banking transfer to CHK 8534 Confirmation# 7845596438 -2,000.00""]"
2023-10-27,10/27/23,2088.50,208850,credit,deposits,Rutgers The Stat DES:NBS REFUND ID:9084285 INDN:MOUSTAFA NASR CO ID:8470751402 PPD,10/27/23 Rutgers The Stat DES:NBS REFUND ID:9084285 INDN:MOUSTAFA NASR CO ID:8470751402 PPD,"October 19, 2023","November 16, 2023",2061,eStmt_2023-11-16.pdf,"[""10/27/23 Rutgers The Stat DES:NBS REFUND ID:9084285  INDN:MOUSTAFA NASR           CO"", ""ID:8470751402 PPD2,088.50""]"
2023-10-30,10/30/23,-89.00,-8900,debit,other_subtractions,Online Banking transfer to CHK 3765 Confirmation# 8049678920,10/30/23 Online Banking transfer to CHK 3765 Confirmation# 8049678920,"October 19, 2023","November 16, 2023",2061,eStmt_2023-11-16.pdf,"[""10/30/23 Online Banking transfer to CHK 3765 Confirmation# 8049678920 -89.00""]"
2023-10-30,10/30/23,-13.33,-1333,debit,withdrawals,MOBILE PURCHASE 1029 TST* FRITZ'S NEW BRUNSWICKNJ,10/30/23 MOBILE PURCHASE 1029 TST* FRITZ'S NEW BRUNSWICKNJ,"October 19, 2023","November 16, 2023",2061,eStmt_2023-11-16.pdf,"[""10/30/23 MOBILE PURCHASE 1029  TST* FRITZ'S NEW BRUNSWICKNJ -13.33""]"
2023-10-30,10/30/23,-7.93,-793,debit,withdrawals,MOBILE PURCHASE 1028 SNACK* AKIHI BUBBLE TE 186-68682146 CA,10/30/23 MOBILE PURCHASE 1028 SNACK* AKIHI BUBBLE TE 186-68682146 CA,"October 19, 2023","November 16, 2023",2061,eStmt_2023-11-16.pdf,"[""10/30/23 MOBILE PURCHASE 1028  SNACK* AKIHI BUBBLE TE 186-68682146 CA -7.93""]"
2023-10-30,10/30/23,-7.01,-701,debit,other_subtractions,VENMO DES:PAYMENT ID:1030257639687 INDN:MOUSTAFA NASR CO ID:3264681992 WEB,10/30/23 VENMO DES:PAYMENT ID:1030257639687 INDN:MOUSTAFA NASR CO ID:3264681992 WEB,"October 19, 2023","November 16, 2023",2061,eStmt_2023-11-16.pdf,"[""10/30/23 VENMO            DES:PAYMENT    ID:1030257639687  INDN:MOUSTAFA NASR           CO"", ""ID:3264681992 WEB-7.01""]"
2023-10-30,10/30/23,-6.38,-638,debit,other_subtractions,VENMO DES:PAYMENT ID:1030295310205 INDN:MOUSTAFA NASR CO ID:3264681992 WEB,10/30/23 VENMO DES:PAYMENT ID:1030295310205 INDN:MOUSTAFA NASR CO ID:3264681992 WEB,"October 19, 2023","November 16, 2023",2061,eStmt_2023-11-16.pdf,"[""10/30/23 VENMO            DES:PAYMENT    ID:1030295310205  INDN:MOUSTAFA NASR           CO"", ""ID:3264681992 WEB-6.38""]"
2023-10-30,10/30/23,-1.75,-175,debit,other_subtractions,VENMO DES:PAYMENT ID:1030279820976 INDN:MOUSTAFA NASR CO ID:3264681992 WEB,10/30/23 VENMO DES:PAYMENT ID:1030279820976 INDN:MOUSTAFA NASR CO ID:3264681992 WEB,"October 19, 2023","November 16, 2023",2061,eStmt_2023-11-16.pdf,"[""10/30/23 VENMO            DES:PAYMENT    ID:1030279820976  INDN:MOUSTAFA NASR           CO"", ""ID:3264681992 WEB-1.75""]"
2023-10-30,10/30/23,-1.75,-175,debit,other_subtractions,VENMO DES:PAYMENT ID:1030279840983 INDN:MOUSTAFA NASR CO ID:3264681992 WEB,10/30/23 VENMO DES:PAYMENT ID:1030279840983 INDN:MOUSTAFA NASR CO ID:3264681992 WEB,"October 19, 2023","November 16, 2023",2061,eStmt_2023-11-16.pdf,"[""10/30/23 VENMO            DES:PAYMENT    ID:1030279840983  INDN:MOUSTAFA NASR           CO"", ""ID:3264681992 WEB-1.75""]"
2023-11-03,11/03/23,-19.99,-1999,debit,withdrawals,MOBILE PURCHASE 1101 TST* Nirvanis Indian Ki New BrunswickNJ,11/03/23 MOBILE PURCHASE 1101 TST* Nirvanis Indian Ki New BrunswickNJ,"October 19, 2023","November 16, 2023",2061,eStmt_2023-11-16.pdf,"[""11/03/23 MOBILE PURCHASE 1101  TST* Nirvanis Indian Ki New BrunswickNJ -19.99""]"
2023-11-03,11/03/23,100.00,10000,credit,deposits,BANK OF AMERICA DES:PAYMENT ID:000445554704257 INDN:NASR MOUSTAFA CO ID:3941687655 PPD,11/03/23 BANK OF AMERICA DES:PAYMENT ID:000445554704257 INDN:NASR MOUSTAFA CO ID:3941687655 PPD,"October 19, 2023","November 16, 2023",2061,eStmt_2023-11-16.pdf,"[""11/03/23 BANK OF AMERICA  DES:PAYMENT    ID:000445554704257  INDN:NASR MOUSTAFA           CO"", ""ID:3941687655 PPD100.00""]"
2023-11-06,11/06/23,-11.20,-1120,debit,withdrawals,MOBILE PURCHASE 1102 TST* El Jefes Taqueria NEW BRUNSWICKNJ,11/06/23 MOBILE PURCHASE 1102 TST* El Jefes Taqueria NEW BRUNSWICKNJ,"October 19, 2023","November 16, 2023",2061,eStmt_2023-11-16.pdf,"[""11/06/23 MOBILE PURCHASE 1102  TST* El Jefes Taqueria NEW BRUNSWICKNJ -11.20""]"
2023-11-06,11/06/23,-1.00,-100,debit,withdrawals,MOBILE PURCHASE 1103 CAFE WEST NEW BRUNSWICKNJ,11/06/23 MOBILE PURCHASE 1103 CAFE WEST NEW BRUNSWICKNJ,"October 19, 2023","November 16, 2023",2061,eStmt_2023-11-16.pdf,"[""11/06/23 MOBILE PURCHASE 1103  CAFE WEST NEW BRUNSWICKNJ -1.00""]"
2023-11-06,11/06/23,-0.40,-40,debit,withdrawals,MOBILE PURCHASE 1104 STARBUCKS TRUCK PISCATAWAY NJ,11/06/23 MOBILE PURCHASE 1104 STARBUCKS TRUCK PISCATAWAY NJ,"October 19, 2023","November 16, 2023",2061,eStmt_2023-11-16.pdf,"[""11/06/23 MOBILE PURCHASE 1104  STARBUCKS TRUCK PISCATAWAY   NJ -0.40""]"
2023-11-07,11/07/23,-7.41,-741,debit,withdrawals,"MOBILE PURCHASE 1105 JERSEY MIKES 1066 NEW BRUNSWICKNJ continued on the next page MOUSTAFA MOHAMED NASR ! Account # 3810 6904 2061 ! October 19, 2023 to November 16, 2023","11/07/23 MOBILE PURCHASE 1105 JERSEY MIKES 1066 NEW BRUNSWICKNJ continued on the next page MOUSTAFA MOHAMED NASR ! Account # 3810 6904 2061 ! October 19, 2023 to November 16, 2023","October 19, 2023","November 16, 2023",2061,eStmt_2023-11-16.pdf,"[""11/07/23 MOBILE PURCHASE 1105  JERSEY MIKES 1066 NEW BRUNSWICKNJ -7.41"", ""continued on the next page"", ""MOUSTAFA MOHAMED NASR   !   Account # 3810 6904 2061   !   October 19, 2023 to November 16, 2023""]"
2023-11-09,11/09/23,-11.20,-1120,debit,withdrawals,MOBILE PURCHASE 1107 TST* El Jefes Taqueria NEW BRUNSWICKNJ,11/09/23 MOBILE PURCHASE 1107 TST* El Jefes Taqueria NEW BRUNSWICKNJ,"October 19, 2023","November 16, 2023",2061,eStmt_2023-11-16.pdf,"[""11/09/23 MOBILE PURCHASE 1107  TST* El Jefes Taqueria NEW BRUNSWICKNJ -11.20""]"
2023-11-09,11/09/23,-6.31,-631,debit,withdrawals,MOBILE PURCHASE 1108 GLORIA JEANS COFFEES NEW BRUNWICK NJ,11/09/23 MOBILE PURCHASE 1108 GLORIA JEANS COFFEES NEW BRUNWICK NJ,"October 19, 2023","November 16, 2023",2061,eStmt_2023-11-16.pdf,"[""11/09/23 MOBILE PURCHASE 1108  GLORIA JEANS COFFEES NEW BRUNWICK NJ -6.31""]"
2023-11-13,11/13/23,-4.36,-436,debit,other_subtractions,"Zelle payment to POOJA PARIKH for ""installment 1""; Conf# gw5d5oi7d","11/13/23 Zelle payment to POOJA PARIKH for ""installment 1""; Conf# gw5d5oi7d","October 19, 2023","November 16, 2023",2061,eStmt_2023-11-16.pdf,"[""11/13/23 Zelle payment to  POOJA PARIKH for \""installment 1\""; Conf# gw5d5oi7d -4.36""]"
2023-11-17,11/17/23,-12.77,-1277,debit,other_subtractions,VENMO DES:PAYMENT ID:1030656534769 INDN:MOUSTAFA NASR CO ID:3264681992 WEB,11/17/23 VENMO DES:PAYMENT ID:1030656534769 INDN:MOUSTAFA NASR CO ID:3264681992 WEB,"November 17, 2023","December 15, 2023",2061,eStmt_2023-12-15.pdf,"[""11/17/23 VENMO            DES:PAYMENT    ID:1030656534769  INDN:MOUSTAFA NASR           CO"", ""ID:3264681992 WEB-12.77""]"
2023-11-20,11/20/23,-5.50,-550,debit,withdrawals,MOBILE PURCHASE 1116 GERLANDAS PIZZA 732-4631616 NJ,11/20/23 MOBILE PURCHASE 1116 GERLANDAS PIZZA 732-4631616 NJ,"November 17, 2023","December 15, 2023",2061,eStmt_2023-12-15.pdf,"[""11/20/23 MOBILE PURCHASE 1116  GERLANDAS PIZZA 732-4631616  NJ -5.50""]"
2023-11-21,11/21/23,-17.57,-1757,debit,withdrawals,MOBILE PURCHASE 1119 MAMOUN'S FALAFEL NEW BRUNSWICKNJ,11/21/23 MOBILE PURCHASE 1119 MAMOUN'S FALAFEL NEW BRUNSWICKNJ,"November 17, 2023","December 15, 2023",2061,eStmt_2023-12-15.pdf,"[""11/21/23 MOBILE PURCHASE 1119  MAMOUN'S FALAFEL NEW BRUNSWICKNJ -17.57""]"
2023-11-21,11/21/23,-3.20,-320,debit,withdrawals,PURCHASE 1121 PANERA SIP CLUB 601492 732-981-8221 NJ,11/21/23 PURCHASE 1121 PANERA SIP CLUB 601492 732-981-8221 NJ,"November 17, 2023","December 15, 2023",2061,eStmt_2023-12-15.pdf,"[""11/21/23 PURCHASE   1121 PANERA SIP CLUB 601492 732-981-8221 NJ -3.20""]"
2023-11-24,11/24/23,-266.55,-26655,debit,withdrawals,NST BEST BUY 11/24 #000181314 MOBILE PURCHASE 1851 DEPTFORD CEN DEPTFORD NJ,11/24/23 NST BEST BUY 11/24 #000181314 MOBILE PURCHASE 1851 DEPTFORD CEN DEPTFORD NJ,"November 17, 2023","December 15, 2023",2061,eStmt_2023-12-15.pdf,"[""11/24/23 NST BEST BUY    11/24 #000181314 MOBILE PURCHASE 1851 DEPTFORD CEN  DEPTFORD      NJ -266.55""]"
2023-11-24,11/24/23,-5.92,-592,debit,withdrawals,MOBILE PURCHASE 1121 GIOVANELLIS - PIZZA NEW BRUNSWICKNJ,11/24/23 MOBILE PURCHASE 1121 GIOVANELLIS - PIZZA NEW BRUNSWICKNJ,"November 17, 2023","December 15, 2023",2061,eStmt_2023-12-15.pdf,"[""11/24/23 MOBILE PURCHASE 1121  GIOVANELLIS - PIZZA NEW BRUNSWICKNJ -5.92""]"
2023-11-24,11/24/23,100.00,10000,credit,deposits,Online Banking transfer from CHK 3765 Confirmation# 7484479851,11/24/23 Online Banking transfer from CHK 3765 Confirmation# 7484479851,"November 17, 2023","December 15, 2023",2061,eStmt_2023-12-15.pdf,"[""11/24/23 Online Banking transfer from CHK 3765 Confirmation# 7484479851 100.00""]"
2023-11-24,11/24/23,250.00,25000,credit,deposits,Online Banking transfer from CHK 3765 Confirmation# 7184512983,11/24/23 Online Banking transfer from CHK 3765 Confirmation# 7184512983,"November 17, 2023","December 15, 2023",2061,eStmt_2023-12-15.pdf,"[""11/24/23 Online Banking transfer from CHK 3765 Confirmation# 7184512983 250.00""]"
2023-11-27,11/27/23,-35.00,-3500,debit,other_subtractions,VENMO DES:PAYMENT ID:1030857935195 INDN:MOUSTAFA NASR CO ID:3264681992 WEB,11/27/23 VENMO DES:PAYMENT ID:1030857935195 INDN:MOUSTAFA NASR CO ID:3264681992 WEB,"November 17, 2023","December 15, 2023",2061,eStmt_2023-12-15.pdf,"[""11/27/23 VENMO            DES:PAYMENT    ID:1030857935195  INDN:MOUSTAFA NASR           CO"", ""ID:3264681992 WEB-35.00""]"
2023-11-27,11/27/23,-21.31,-2131,debit,withdrawals,CHECKCARD 1126 AMAZON.COM*1O0812B33 SEATTLE WA 24431063330083321143434,11/27/23 CHECKCARD 1126 AMAZON.COM*1O0812B33 SEATTLE WA 24431063330083321143434,"November 17, 2023","December 15, 2023",2061,eStmt_2023-12-15.pdf,"[""11/27/23 CHECKCARD  1126 AMAZON.COM*1O0812B33 SEATTLE      WA 24431063330083321143434 -21.31""]"
2023-11-29,11/29/23,-0.45,-45,debit,withdrawals,MOBILE PURCHASE 1127 CAFE WEST NEW BRUNSWICKNJ,11/29/23 MOBILE PURCHASE 1127 CAFE WEST NEW BRUNSWICKNJ,"November 17, 2023","December 15, 2023",2061,eStmt_2023-12-15.pdf,"[""11/29/23 MOBILE PURCHASE 1127  CAFE WEST NEW BRUNSWICKNJ -0.45""]"
2023-11-29,11/29/23,50.00,5000,credit,deposits,Zelle payment from MOHAMED NASR Conf# k3z5shh4b,11/29/23 Zelle payment from MOHAMED NASR Conf# k3z5shh4b,"November 17, 2023","December 15, 2023",2061,eStmt_2023-12-15.pdf,"[""11/29/23 Zelle payment from MOHAMED NASR Conf# k3z5shh4b 50.00""]"
2023-11-30,11/30/23,25.00,2500,credit,deposits,Online Banking transfer from CHK 3765 Confirmation# 7437179043,11/30/23 Online Banking transfer from CHK 3765 Confirmation# 7437179043,"November 17, 2023","December 15, 2023",2061,eStmt_2023-12-15.pdf,"[""11/30/23 Online Banking transfer from CHK 3765 Confirmation# 7437179043 25.00""]"
2023-12-01,12/01/23,-9.15,-915,debit,withdrawals,MOBILE PURCHASE 1201 PANERA BREAD #606003 K NEW BRUNSWICKNJ,12/01/23 MOBILE PURCHASE 1201 PANERA BREAD #606003 K NEW BRUNSWICKNJ,"November 17, 2023","December 15, 2023",2061,eStmt_2023-12-15.pdf,"[""12/01/23 MOBILE PURCHASE 1201  PANERA BREAD #606003 K NEW BRUNSWICKNJ -9.15""]"
2023-12-01,12/01/23,-6.38,-638,debit,withdrawals,CHECKCARD 1201 Spotify USA 877-7781161 NY 24204293335000854043065 RECURRING,12/01/23 CHECKCARD 1201 Spotify USA 877-7781161 NY 24204293335000854043065 RECURRING,"November 17, 2023","December 15, 2023",2061,eStmt_2023-12-15.pdf,"[""12/01/23 CHECKCARD  1201 Spotify USA 877-7781161  NY 24204293335000854043065 RECURRING -6.38""]"
2023-12-04,12/04/23,-22.89,-2289,debit,withdrawals,"CHECKCARD 1203 AMZN MKTP US*ST8IW9XW3 SEATTLE WA 24431063337083704187951 continued on the next page MOUSTAFA MOHAMED NASR ! Account # 3810 6904 2061 ! November 17, 2023 to December 15, 2023","12/04/23 CHECKCARD 1203 AMZN MKTP US*ST8IW9XW3 SEATTLE WA 24431063337083704187951 continued on the next page MOUSTAFA MOHAMED NASR ! Account # 3810 6904 2061 ! November 17, 2023 to December 15, 2023","November 17, 2023","December 15, 2023",2061,eStmt_2023-12-15.pdf,"[""12/04/23 CHECKCARD  1203 AMZN MKTP US*ST8IW9XW3 SEATTLE      WA 24431063337083704187951 -22.89"", ""continued on the next page"", ""MOUSTAFA MOHAMED NASR   !   Account # 3810 6904 2061   !   November 17, 2023 to December 15, 2023""]"
2023-12-04,12/04/23,-5.00,-500,debit,other_subtractions,Zelle payment to SAGE THOMPSON Conf# qlyvof6ep,12/04/23 Zelle payment to SAGE THOMPSON Conf# qlyvof6ep,"November 17, 2023","December 15, 2023",2061,eStmt_2023-12-15.pdf,"[""12/04/23 Zelle payment to  SAGE THOMPSON Conf# qlyvof6ep -5.00""]"
2023-12-05,12/05/23,-14.13,-1413,debit,withdrawals,MOBILE PURCHASE 1204 TST* EL JEFES TAQUERIA NEW BRUNSWICKNJ,12/05/23 MOBILE PURCHASE 1204 TST* EL JEFES TAQUERIA NEW BRUNSWICKNJ,"November 17, 2023","December 15, 2023",2061,eStmt_2023-12-15.pdf,"[""12/05/23 MOBILE PURCHASE 1204  TST* EL JEFES TAQUERIA NEW BRUNSWICKNJ -14.13""]"
2023-12-06,12/06/23,24.62,2462,credit,deposits,APPLE CASH INS 12/06 #000209139 PMNT RCVD APPLE CASH INST X Visa Direct CA,12/06/23 APPLE CASH INS 12/06 #000209139 PMNT RCVD APPLE CASH INST X Visa Direct CA,"November 17, 2023","December 15, 2023",2061,eStmt_2023-12-15.pdf,"[""12/06/23 APPLE CASH INS  12/06 #000209139 PMNT RCVD APPLE CASH INST X  Visa Direct   CA 24.62""]"
2023-12-07,12/07/23,-35.30,-3530,debit,withdrawals,PURCHASE 1205 PAYPAL *PAND9GSA 13957131840,12/07/23 PURCHASE 1205 PAYPAL *PAND9GSA 13957131840,"November 17, 2023","December 15, 2023",2061,eStmt_2023-12-15.pdf,"[""12/07/23 PURCHASE   1205 PAYPAL *PAND9GSA 13957131840 -35.30""]"
2023-12-08,12/08/23,-34.79,-3479,debit,withdrawals,PURCHASE 1207 PAYPAL *HM 855-466-7467 NJ,12/08/23 PURCHASE 1207 PAYPAL *HM 855-466-7467 NJ,"November 17, 2023","December 15, 2023",2061,eStmt_2023-12-15.pdf,"[""12/08/23 PURCHASE   1207 PAYPAL *HM 855-466-7467 NJ -34.79""]"
2023-12-11,12/11/23,-50.81,-5081,debit,other_subtractions,HANG ZHOU PAN DA DES:IAT PAYPAL ID:1031181409657 INDN:MOUSTAFA NASR CO ID:XXXXXXXXXC IAT PMT INFO: WEB 000000000000005081,12/11/23 HANG ZHOU PAN DA DES:IAT PAYPAL ID:1031181409657 INDN:MOUSTAFA NASR CO ID:XXXXXXXXXC IAT PMT INFO: WEB 000000000000005081,"November 17, 2023","December 15, 2023",2061,eStmt_2023-12-15.pdf,"[""12/11/23 HANG ZHOU PAN DA DES:IAT PAYPAL ID:1031181409657  INDN:MOUSTAFA NASR           CO"", ""ID:XXXXXXXXXC IAT  PMT INFO: WEB 000000000000005081-50.81""]"
2023-12-11,12/11/23,-23.67,-2367,debit,withdrawals,PURCHASE 1206 PAYPAL *PAND9GSA 13957131840,12/11/23 PURCHASE 1206 PAYPAL *PAND9GSA 13957131840,"November 17, 2023","December 15, 2023",2061,eStmt_2023-12-15.pdf,"[""12/11/23 PURCHASE   1206 PAYPAL *PAND9GSA 13957131840 -23.67""]"
2023-12-11,12/11/23,-17.84,-1784,debit,withdrawals,MOBILE PURCHASE 1210 R U HUNGRY NEW BRUNSWICKNJ,12/11/23 MOBILE PURCHASE 1210 R U HUNGRY NEW BRUNSWICKNJ,"November 17, 2023","December 15, 2023",2061,eStmt_2023-12-15.pdf,"[""12/11/23 MOBILE PURCHASE 1210  R U HUNGRY NEW BRUNSWICKNJ -17.84""]"
2023-12-11,12/11/23,-4.95,-495,debit,withdrawals,MOBILE PURCHASE 1208 TST* 16 HANDLES - RUTGE PISCATAWAY NJ,12/11/23 MOBILE PURCHASE 1208 TST* 16 HANDLES - RUTGE PISCATAWAY NJ,"November 17, 2023","December 15, 2023",2061,eStmt_2023-12-15.pdf,"[""12/11/23 MOBILE PURCHASE 1208  TST* 16 HANDLES - RUTGE PISCATAWAY   NJ -4.95""]"
2023-12-11,12/11/23,-2.93,-293,debit,withdrawals,MOBILE PURCHASE 1209 TST* 25 BURGERS- NEW New BrunswickNJ,12/11/23 MOBILE PURCHASE 1209 TST* 25 BURGERS- NEW New BrunswickNJ,"November 17, 2023","December 15, 2023",2061,eStmt_2023-12-15.pdf,"[""12/11/23 MOBILE PURCHASE 1209  TST* 25 BURGERS- NEW New BrunswickNJ -2.93""]"
2023-12-11,12/11/23,50.00,5000,credit,deposits,BKOFAMERICA ATM 12/09 #000008792 DEPOSIT NEW BRUNSWICK NEW BRUNSWICK NJ,12/11/23 BKOFAMERICA ATM 12/09 #000008792 DEPOSIT NEW BRUNSWICK NEW BRUNSWICK NJ,"November 17, 2023","December 15, 2023",2061,eStmt_2023-12-15.pdf,"[""12/11/23 BKOFAMERICA ATM 12/09 #000008792 DEPOSIT NEW BRUNSWICK      NEW BRUNSWICK NJ 50.00""]"
2023-12-11,12/11/23,50.00,5000,credit,deposits,Online Banking transfer from CHK 3765 Confirmation# 7731740231,12/11/23 Online Banking transfer from CHK 3765 Confirmation# 7731740231,"November 17, 2023","December 15, 2023",2061,eStmt_2023-12-15.pdf,"[""12/11/23 Online Banking transfer from CHK 3765 Confirmation# 7731740231 50.00""]"
2023-12-12,12/12/23,-5.33,-533,debit,withdrawals,MOBILE PURCHASE 1211 TST* FRITZ'S NEW BRUNSWICKNJ,12/12/23 MOBILE PURCHASE 1211 TST* FRITZ'S NEW BRUNSWICKNJ,"November 17, 2023","December 15, 2023",2061,eStmt_2023-12-15.pdf,"[""12/12/23 MOBILE PURCHASE 1211  TST* FRITZ'S NEW BRUNSWICKNJ -5.33""]"
2023-12-13,12/13/23,-18.13,-1813,debit,withdrawals,MOBILE PURCHASE 1212 CHIPOTLE 1256 NEW BRUNSWICKNJ,12/13/23 MOBILE PURCHASE 1212 CHIPOTLE 1256 NEW BRUNSWICKNJ,"November 17, 2023","December 15, 2023",2061,eStmt_2023-12-15.pdf,"[""12/13/23 MOBILE PURCHASE 1212  CHIPOTLE 1256 NEW BRUNSWICKNJ -18.13""]"
2023-12-14,12/14/23,-1.70,-170,debit,withdrawals,MOBILE PURCHASE 1213 R U HUNGRY NEW BRUNSWICKNJ,12/14/23 MOBILE PURCHASE 1213 R U HUNGRY NEW BRUNSWICKNJ,"November 17, 2023","December 15, 2023",2061,eStmt_2023-12-15.pdf,"[""12/14/23 MOBILE PURCHASE 1213  R U HUNGRY NEW BRUNSWICKNJ -1.70""]"
2023-12-15,12/15/23,-1.89,-189,debit,other_subtractions,HANG ZHOU PAN DA DES:IAT PAYPAL ID:1031222128523 INDN:MOUSTAFA NASR CO ID:XXXXXXXXXC IAT PMT INFO: WEB 000000000000000189,12/15/23 HANG ZHOU PAN DA DES:IAT PAYPAL ID:1031222128523 INDN:MOUSTAFA NASR CO ID:XXXXXXXXXC IAT PMT INFO: WEB 000000000000000189,"November 17, 2023","December 15, 2023",2061,eStmt_2023-12-15.pdf,"[""12/15/23 HANG ZHOU PAN DA DES:IAT PAYPAL ID:1031222128523  INDN:MOUSTAFA NASR           CO"", ""ID:XXXXXXXXXC IAT  PMT INFO: WEB 000000000000000189-1.89""]"
2023-12-15,12/15/23,900.00,90000,credit,deposits,Online Banking transfer from CHK 3765 Confirmation# 7966703091,12/15/23 Online Banking transfer from CHK 3765 Confirmation# 7966703091,"November 17, 2023","December 15, 2023",2061,eStmt_2023-12-15.pdf,"[""12/15/23 Online Banking transfer from CHK 3765 Confirmation# 7966703091 900.00""]"
2023-12-18,12/18/23,-25.00,-2500,debit,withdrawals,PMNT SENT 1216 APPLE CASH SENT MONEY 1INFINITELOOPCA,12/18/23 PMNT SENT 1216 APPLE CASH SENT MONEY 1INFINITELOOPCA,"December 16, 2023","January 18, 2024",2061,eStmt_2024-01-18.pdf,"[""12/18/23 PMNT SENT  1216 APPLE CASH SENT MONEY 1INFINITELOOPCA -25.00""]"
2023-12-18,12/18/23,-10.00,-1000,debit,withdrawals,PURCHASE 1215 CG LAUNDRY RUTGERS COLL 804-7846100 NJ,12/18/23 PURCHASE 1215 CG LAUNDRY RUTGERS COLL 804-7846100 NJ,"December 16, 2023","January 18, 2024",2061,eStmt_2024-01-18.pdf,"[""12/18/23 PURCHASE   1215 CG LAUNDRY RUTGERS COLL 804-7846100  NJ -10.00""]"
2023-12-18,12/18/23,-4.57,-457,debit,withdrawals,MOBILE PURCHASE 1216 PANERA BREAD #606003 K NEW BRUNSWICKNJ,12/18/23 MOBILE PURCHASE 1216 PANERA BREAD #606003 K NEW BRUNSWICKNJ,"December 16, 2023","January 18, 2024",2061,eStmt_2024-01-18.pdf,"[""12/18/23 MOBILE PURCHASE 1216  PANERA BREAD #606003 K NEW BRUNSWICKNJ -4.57""]"
2023-12-19,12/19/23,-554.00,-55400,debit,other_subtractions,Rutgers ePay DES:RutgersPay ID:1002002395 INDN:Moustafa Nasr CO ID:1364199567 WEB,12/19/23 Rutgers ePay DES:RutgersPay ID:1002002395 INDN:Moustafa Nasr CO ID:1364199567 WEB,"December 16, 2023","January 18, 2024",2061,eStmt_2024-01-18.pdf,"[""12/19/23 Rutgers ePay     DES:RutgersPay ID:1002002395  INDN:Moustafa Nasr           CO ID:1364199567"", ""WEB-554.00""]"
2023-12-19,12/19/23,-275.00,-27500,debit,other_subtractions,Rutgers ePay DES:RutgersPay ID:1002002387 INDN:Moustafa Nasr CO ID:1364199567 WEB,12/19/23 Rutgers ePay DES:RutgersPay ID:1002002387 INDN:Moustafa Nasr CO ID:1364199567 WEB,"December 16, 2023","January 18, 2024",2061,eStmt_2024-01-18.pdf,"[""12/19/23 Rutgers ePay     DES:RutgersPay ID:1002002387  INDN:Moustafa Nasr           CO ID:1364199567"", ""WEB-275.00""]"
2023-12-22,12/22/23,-0.27,-27,debit,withdrawals,PMNT SENT 1221 APPLE CASH SENT MONEY 1INFINITELOOPCA,12/22/23 PMNT SENT 1221 APPLE CASH SENT MONEY 1INFINITELOOPCA,"December 16, 2023","January 18, 2024",2061,eStmt_2024-01-18.pdf,"[""12/22/23 PMNT SENT  1221 APPLE CASH SENT MONEY 1INFINITELOOPCA -0.27""]"
2023-12-22,12/22/23,20.00,2000,credit,deposits,Zelle payment from MOHAMED NASR Conf# dzd7of7zj,12/22/23 Zelle payment from MOHAMED NASR Conf# dzd7of7zj,"December 16, 2023","January 18, 2024",2061,eStmt_2024-01-18.pdf,"[""12/22/23 Zelle payment from MOHAMED NASR Conf# dzd7of7zj 20.00""]"
2023-12-26,12/26/23,-11.72,-1172,debit,withdrawals,MOBILE PURCHASE 1222 PANERA BREAD #606003 K NEW BRUNSWICKNJ,12/26/23 MOBILE PURCHASE 1222 PANERA BREAD #606003 K NEW BRUNSWICKNJ,"December 16, 2023","January 18, 2024",2061,eStmt_2024-01-18.pdf,"[""12/26/23 MOBILE PURCHASE 1222  PANERA BREAD #606003 K NEW BRUNSWICKNJ -11.72""]"
2023-12-26,12/26/23,-10.77,-1077,debit,withdrawals,"MOBILE PURCHASE 1223 CHIPOTLE 3715 RIO GRANDE NJ continued on the next page MOUSTAFA MOHAMED NASR ! Account # 3810 6904 2061 ! December 16, 2023 to January 18, 2024","12/26/23 MOBILE PURCHASE 1223 CHIPOTLE 3715 RIO GRANDE NJ continued on the next page MOUSTAFA MOHAMED NASR ! Account # 3810 6904 2061 ! December 16, 2023 to January 18, 2024","December 16, 2023","January 18, 2024",2061,eStmt_2024-01-18.pdf,"[""12/26/23 MOBILE PURCHASE 1223  CHIPOTLE 3715 RIO GRANDE   NJ -10.77"", ""continued on the next page"", ""MOUSTAFA MOHAMED NASR   !   Account # 3810 6904 2061   !   December 16, 2023 to January 18, 2024""]"
2023-12-26,12/26/23,-6.38,-638,debit,withdrawals,CHECKCARD 1225 SPOTIFY 877-778-1161 NY 24492153359717446119099 RECURRING,12/26/23 CHECKCARD 1225 SPOTIFY 877-778-1161 NY 24492153359717446119099 RECURRING,"December 16, 2023","January 18, 2024",2061,eStmt_2024-01-18.pdf,"[""12/26/23 CHECKCARD  1225 SPOTIFY 877-778-1161 NY 24492153359717446119099 RECURRING -6.38""]"
2023-12-26,12/26/23,20.00,2000,credit,deposits,APPLE CASH DES:BANK XFER ID:Moustafa Nasr INDN:Moustafa Nasr CO ID:6192912998 WEB,12/26/23 APPLE CASH DES:BANK XFER ID:Moustafa Nasr INDN:Moustafa Nasr CO ID:6192912998 WEB,"December 16, 2023","January 18, 2024",2061,eStmt_2024-01-18.pdf,"[""12/26/23 APPLE CASH       DES:BANK XFER  ID:Moustafa  Nasr  INDN:Moustafa  Nasr          CO"", ""ID:6192912998 WEB20.00""]"
2023-12-27,12/27/23,-5.00,-500,debit,withdrawals,MOBILE PURCHASE 1226 CANTEEN VENDING AVENEL NJ,12/27/23 MOBILE PURCHASE 1226 CANTEEN VENDING AVENEL NJ,"December 16, 2023","January 18, 2024",2061,eStmt_2024-01-18.pdf,"[""12/27/23 MOBILE PURCHASE 1226  CANTEEN VENDING AVENEL       NJ -5.00""]"
2023-12-28,12/28/23,20.00,2000,credit,deposits,Zelle payment from MOHAMED NASR Conf# g4d3q1z9w,12/28/23 Zelle payment from MOHAMED NASR Conf# g4d3q1z9w,"December 16, 2023","January 18, 2024",2061,eStmt_2024-01-18.pdf,"[""12/28/23 Zelle payment from MOHAMED NASR Conf# g4d3q1z9w 20.00""]"
2023-12-29,12/29/23,-28.00,-2800,debit,withdrawals,NWS NEW BRUNSW 12/29 #000009041 MOBILE PURCHASE 1 PENN PLAZA EAST NEW BRUNSWICK NJ,12/29/23 NWS NEW BRUNSW 12/29 #000009041 MOBILE PURCHASE 1 PENN PLAZA EAST NEW BRUNSWICK NJ,"December 16, 2023","January 18, 2024",2061,eStmt_2024-01-18.pdf,"[""12/29/23 NWS NEW BRUNSW  12/29 #000009041 MOBILE PURCHASE 1 PENN PLAZA EAST  NEW"", ""BRUNSWICK NJ-28.00""]"
2023-12-29,12/29/23,-13.88,-1388,debit,withdrawals,PURCHASE 1228 DD DOORDASH RUHUNGRY 855-973-1040 CA,12/29/23 PURCHASE 1228 DD DOORDASH RUHUNGRY 855-973-1040 CA,"December 16, 2023","January 18, 2024",2061,eStmt_2024-01-18.pdf,"[""12/29/23 PURCHASE   1228 DD DOORDASH RUHUNGRY 855-973-1040 CA -13.88""]"
2023-12-29,12/29/23,7.00,700,credit,deposits,Transfer VENMO,12/29/23 Transfer VENMO,"December 16, 2023","January 18, 2024",2061,eStmt_2024-01-18.pdf,"[""12/29/23 Transfer VENMO 7.00""]"
2023-12-29,12/29/23,20.00,2000,credit,deposits,Zelle payment from MOHAMED NASR Conf# ekznjttf9,12/29/23 Zelle payment from MOHAMED NASR Conf# ekznjttf9,"December 16, 2023","January 18, 2024",2061,eStmt_2024-01-18.pdf,"[""12/29/23 Zelle payment from MOHAMED NASR Conf# ekznjttf9 20.00""]"
2024-01-02,01/02/24,-19.95,-1995,debit,withdrawals,MOBILE PURCHASE 1229 KING OF GYRO NEW BRUNSWICKNJ,01/02/24 MOBILE PURCHASE 1229 KING OF GYRO NEW BRUNSWICKNJ,"December 16, 2023","January 18, 2024",2061,eStmt_2024-01-18.pdf,"[""01/02/24 MOBILE PURCHASE 1229  KING OF GYRO NEW BRUNSWICKNJ -19.95""]"
2024-01-02,01/02/24,-15.67,-1567,debit,withdrawals,PURCHASE 1229 DD DOORDASH POPEYESLO 855-973-1040 CA,01/02/24 PURCHASE 1229 DD DOORDASH POPEYESLO 855-973-1040 CA,"December 16, 2023","January 18, 2024",2061,eStmt_2024-01-18.pdf,"[""01/02/24 PURCHASE   1229 DD DOORDASH POPEYESLO 855-973-1040 CA -15.67""]"
2024-01-02,01/02/24,-15.58,-1558,debit,withdrawals,PURCHASE 1229 DD DOORDASH KBGKOREAN 855-973-1040 CA,01/02/24 PURCHASE 1229 DD DOORDASH KBGKOREAN 855-973-1040 CA,"December 16, 2023","January 18, 2024",2061,eStmt_2024-01-18.pdf,"[""01/02/24 PURCHASE   1229 DD DOORDASH KBGKOREAN 855-973-1040 CA -15.58""]"
2024-01-02,01/02/24,-9.78,-978,debit,withdrawals,MOBILE PURCHASE 1229 SQ *WAFELS & DINGES - B New York CityNY,01/02/24 MOBILE PURCHASE 1229 SQ *WAFELS & DINGES - B New York CityNY,"December 16, 2023","January 18, 2024",2061,eStmt_2024-01-18.pdf,"[""01/02/24 MOBILE PURCHASE 1229  SQ *WAFELS & DINGES - B New York CityNY -9.78""]"
2024-01-02,01/02/24,-3.26,-326,debit,withdrawals,MOBILE PURCHASE 1230 TST* BB.Q CHICKEN USA - NEW YORK NY,01/02/24 MOBILE PURCHASE 1230 TST* BB.Q CHICKEN USA - NEW YORK NY,"December 16, 2023","January 18, 2024",2061,eStmt_2024-01-18.pdf,"[""01/02/24 MOBILE PURCHASE 1230  TST* BB.Q CHICKEN USA - NEW YORK     NY -3.26""]"
2024-01-02,01/02/24,-3.00,-300,debit,withdrawals,PMNT SENT 1230 APPLE CASH SENT MONEY 1INFINITELOOPCA,01/02/24 PMNT SENT 1230 APPLE CASH SENT MONEY 1INFINITELOOPCA,"December 16, 2023","January 18, 2024",2061,eStmt_2024-01-18.pdf,"[""01/02/24 PMNT SENT  1230 APPLE CASH SENT MONEY 1INFINITELOOPCA -3.00""]"
2024-01-02,01/02/24,20.00,2000,credit,deposits,Online Banking transfer from CHK 3765 Confirmation# 7822814110,01/02/24 Online Banking transfer from CHK 3765 Confirmation# 7822814110,"December 16, 2023","January 18, 2024",2061,eStmt_2024-01-18.pdf,"[""01/02/24 Online Banking transfer from CHK 3765 Confirmation# 7822814110 20.00""]"
2024-01-03,01/03/24,-17.53,-1753,debit,withdrawals,PURCHASE 0103 TEMU.COM 130-248-0611 MA,01/03/24 PURCHASE 0103 TEMU.COM 130-248-0611 MA,"December 16, 2023","January 18, 2024",2061,eStmt_2024-01-18.pdf,"[""01/03/24 PURCHASE   0103 TEMU.COM 130-248-0611 MA -17.53""]"
2024-01-03,01/03/24,15.00,1500,credit,deposits,Online Banking transfer from CHK 3765 Confirmation# 7530957491,01/03/24 Online Banking transfer from CHK 3765 Confirmation# 7530957491,"December 16, 2023","January 18, 2024",2061,eStmt_2024-01-18.pdf,"[""01/03/24 Online Banking transfer from CHK 3765 Confirmation# 7530957491 15.00""]"
2024-01-04,01/04/24,15.00,1500,credit,deposits,Online Banking transfer from CHK 3765 Confirmation# 7340292905,01/04/24 Online Banking transfer from CHK 3765 Confirmation# 7340292905,"December 16, 2023","January 18, 2024",2061,eStmt_2024-01-18.pdf,"[""01/04/24 Online Banking transfer from CHK 3765 Confirmation# 7340292905 15.00""]"
2024-01-05,01/05/24,-11.51,-1151,debit,withdrawals,MOBILE PURCHASE 0103 KING OF GYRO NEW BRUNSWICKNJ,01/05/24 MOBILE PURCHASE 0103 KING OF GYRO NEW BRUNSWICKNJ,"December 16, 2023","January 18, 2024",2061,eStmt_2024-01-18.pdf,"[""01/05/24 MOBILE PURCHASE 0103  KING OF GYRO NEW BRUNSWICKNJ -11.51""]"
2024-01-05,01/05/24,-5.00,-500,debit,withdrawals,MOBILE PURCHASE 0104 CANTEEN VENDING AVENEL NJ,01/05/24 MOBILE PURCHASE 0104 CANTEEN VENDING AVENEL NJ,"December 16, 2023","January 18, 2024",2061,eStmt_2024-01-18.pdf,"[""01/05/24 MOBILE PURCHASE 0104  CANTEEN VENDING AVENEL       NJ -5.00""]"
2024-01-08,01/08/24,-12.91,-1291,debit,other_subtractions,HANG ZHOU PAN DA DES:IAT PAYPAL ID:1031776314154 INDN:MOUSTAFA NASR CO ID:XXXXXXXXXC IAT PMT INFO: WEB 000000000000001291,01/08/24 HANG ZHOU PAN DA DES:IAT PAYPAL ID:1031776314154 INDN:MOUSTAFA NASR CO ID:XXXXXXXXXC IAT PMT INFO: WEB 000000000000001291,"December 16, 2023","January 18, 2024",2061,eStmt_2024-01-18.pdf,"[""01/08/24 HANG ZHOU PAN DA DES:IAT PAYPAL ID:1031776314154  INDN:MOUSTAFA NASR           CO"", ""ID:XXXXXXXXXC IAT  PMT INFO: WEB 000000000000001291-12.91""]"
2024-01-08,01/08/24,-11.51,-1151,debit,withdrawals,MOBILE PURCHASE 0104 KING OF GYRO NEW BRUNSWICKNJ,01/08/24 MOBILE PURCHASE 0104 KING OF GYRO NEW BRUNSWICKNJ,"December 16, 2023","January 18, 2024",2061,eStmt_2024-01-18.pdf,"[""01/08/24 MOBILE PURCHASE 0104  KING OF GYRO NEW BRUNSWICKNJ -11.51""]"
2024-01-08,01/08/24,-7.50,-750,debit,withdrawals,MOBILE PURCHASE 0105 CANTEEN VENDING AVENEL NJ,01/08/24 MOBILE PURCHASE 0105 CANTEEN VENDING AVENEL NJ,"December 16, 2023","January 18, 2024",2061,eStmt_2024-01-18.pdf,"[""01/08/24 MOBILE PURCHASE 0105  CANTEEN VENDING AVENEL       NJ -7.50""]"
2024-01-08,01/08/24,20.00,2000,credit,deposits,Zelle payment from MOHAMED NASR Conf# lmovl1iua,01/08/24 Zelle payment from MOHAMED NASR Conf# lmovl1iua,"December 16, 2023","January 18, 2024",2061,eStmt_2024-01-18.pdf,"[""01/08/24 Zelle payment from MOHAMED NASR Conf# lmovl1iua 20.00""]"
2024-01-08,01/08/24,35.00,3500,credit,deposits,Online Banking transfer from CHK 3765 Confirmation# 7164657288,01/08/24 Online Banking transfer from CHK 3765 Confirmation# 7164657288,"December 16, 2023","January 18, 2024",2061,eStmt_2024-01-18.pdf,"[""01/08/24 Online Banking transfer from CHK 3765 Confirmation# 7164657288 35.00""]"
2024-01-09,01/09/24,-11.59,-1159,debit,withdrawals,MOBILE PURCHASE 0108 PANERA BREAD #606003 K NEW BRUNSWICKNJ,01/09/24 MOBILE PURCHASE 0108 PANERA BREAD #606003 K NEW BRUNSWICKNJ,"December 16, 2023","January 18, 2024",2061,eStmt_2024-01-18.pdf,"[""01/09/24 MOBILE PURCHASE 0108  PANERA BREAD #606003 K NEW BRUNSWICKNJ -11.59""]"
2024-01-12,01/12/24,-11.00,-1100,debit,other_subtractions,VENMO DES:PAYMENT ID:1031853320991 INDN:MOUSTAFA NASR CO ID:3264681992 WEB,01/12/24 VENMO DES:PAYMENT ID:1031853320991 INDN:MOUSTAFA NASR CO ID:3264681992 WEB,"December 16, 2023","January 18, 2024",2061,eStmt_2024-01-18.pdf,"[""01/12/24 VENMO            DES:PAYMENT    ID:1031853320991  INDN:MOUSTAFA NASR           CO"", ""ID:3264681992 WEB-11.00""]"
2024-01-12,01/12/24,150.00,15000,credit,deposits,Online Banking transfer from CHK 3765 Confirmation# 7906584262,01/12/24 Online Banking transfer from CHK 3765 Confirmation# 7906584262,"December 16, 2023","January 18, 2024",2061,eStmt_2024-01-18.pdf,"[""01/12/24 Online Banking transfer from CHK 3765 Confirmation# 7906584262 150.00""]"
2024-01-16,01/16/24,-41.30,-4130,debit,other_subtractions,HANG ZHOU PAN DA DES:IAT PAYPAL ID:1031894213738 INDN:MOUSTAFA NASR CO ID:XXXXXXXXXC IAT PMT INFO: WEB 000000000000004130,01/16/24 HANG ZHOU PAN DA DES:IAT PAYPAL ID:1031894213738 INDN:MOUSTAFA NASR CO ID:XXXXXXXXXC IAT PMT INFO: WEB 000000000000004130,"December 16, 2023","January 18, 2024",2061,eStmt_2024-01-18.pdf,"[""01/16/24 HANG ZHOU PAN DA DES:IAT PAYPAL ID:1031894213738  INDN:MOUSTAFA NASR           CO"", ""ID:XXXXXXXXXC IAT  PMT INFO: WEB 000000000000004130-41.30""]"
2024-01-16,01/16/24,-25.00,-2500,debit,other_subtractions,VENMO DES:PAYMENT ID:1031881449441 INDN:MOUSTAFA NASR CO ID:3264681992 WEB,01/16/24 VENMO DES:PAYMENT ID:1031881449441 INDN:MOUSTAFA NASR CO ID:3264681992 WEB,"December 16, 2023","January 18, 2024",2061,eStmt_2024-01-18.pdf,"[""01/16/24 VENMO            DES:PAYMENT    ID:1031881449441  INDN:MOUSTAFA NASR           CO"", ""ID:3264681992 WEB-25.00""]"
2024-01-16,01/16/24,25.00,2500,credit,deposits,Zelle payment from MOHAMED NASR Conf# de1ejbjxz,01/16/24 Zelle payment from MOHAMED NASR Conf# de1ejbjxz,"December 16, 2023","January 18, 2024",2061,eStmt_2024-01-18.pdf,"[""01/16/24 Zelle payment from MOHAMED NASR Conf# de1ejbjxz 25.00""]"
2024-01-19,01/19/24,90.00,9000,credit,deposits,Online Banking transfer from CHK 3765 Confirmation# 7568240719,01/19/24 Online Banking transfer from CHK 3765 Confirmation# 7568240719,"January 19, 2024","February 15, 2024",2061,eStmt_2024-02-15.pdf,"[""01/19/24 Online Banking transfer from CHK 3765 Confirmation# 7568240719 90.00""]"
2024-01-19,01/19/24,120.00,12000,credit,deposits,Online Banking transfer from CHK 3765 Confirmation# 7968167810,01/19/24 Online Banking transfer from CHK 3765 Confirmation# 7968167810,"January 19, 2024","February 15, 2024",2061,eStmt_2024-02-15.pdf,"[""01/19/24 Online Banking transfer from CHK 3765 Confirmation# 7968167810 120.00""]"
2024-01-22,01/22/24,-117.28,-11728,debit,withdrawals,PURCHASE 0119 PAYPAL *PEARSONEDUC 800-947-7700 NJ,01/22/24 PURCHASE 0119 PAYPAL *PEARSONEDUC 800-947-7700 NJ,"January 19, 2024","February 15, 2024",2061,eStmt_2024-02-15.pdf,"[""01/22/24 PURCHASE   0119 PAYPAL *PEARSONEDUC 800-947-7700 NJ -117.28""]"
2024-01-22,01/22/24,-5.29,-529,debit,withdrawals,MOBILE PURCHASE 0121 TST* 16 HANDLES - RUTGE PISCATAWAY NJ,01/22/24 MOBILE PURCHASE 0121 TST* 16 HANDLES - RUTGE PISCATAWAY NJ,"January 19, 2024","February 15, 2024",2061,eStmt_2024-02-15.pdf,"[""01/22/24 MOBILE PURCHASE 0121  TST* 16 HANDLES - RUTGE PISCATAWAY   NJ -5.29""]"
2024-01-23,01/23/24,1126.50,112650,credit,deposits,Rutgers The Stat DES:NBS REFUND ID:9400469 INDN:MOUSTAFA NASR CO ID:8470751402 PPD,01/23/24 Rutgers The Stat DES:NBS REFUND ID:9400469 INDN:MOUSTAFA NASR CO ID:8470751402 PPD,"January 19, 2024","February 15, 2024",2061,eStmt_2024-02-15.pdf,"[""01/23/24 Rutgers The Stat DES:NBS REFUND ID:9400469  INDN:MOUSTAFA NASR           CO"", ""ID:8470751402 PPD1,126.50""]"
2024-01-24,01/24/24,-111.11,-11111,debit,other_subtractions,"Zelle payment to May for ""111111111111111111111111""; Conf# oi7wystgf","01/24/24 Zelle payment to May for ""111111111111111111111111""; Conf# oi7wystgf","January 19, 2024","February 15, 2024",2061,eStmt_2024-02-15.pdf,"[""01/24/24 Zelle payment to  May for \""111111111111111111111111\""; Conf# oi7wystgf -111.11""]"
2024-01-25,01/25/24,-1000.00,-100000,debit,other_subtractions,Online Banking transfer to CHK 3765 Confirmation# 7121277994,01/25/24 Online Banking transfer to CHK 3765 Confirmation# 7121277994,"January 19, 2024","February 15, 2024",2061,eStmt_2024-02-15.pdf,"[""01/25/24 Online Banking transfer to CHK 3765 Confirmation# 7121277994 -1,000.00""]"
2024-01-25,01/25/24,-97.78,-9778,debit,other_subtractions,PAYPAL DES:INST XFER ID:CENGAGELEAR INDN:MOUSTAFA NASR CO ID:PAYPALSI77 WEB,01/25/24 PAYPAL DES:INST XFER ID:CENGAGELEAR INDN:MOUSTAFA NASR CO ID:PAYPALSI77 WEB,"January 19, 2024","February 15, 2024",2061,eStmt_2024-02-15.pdf,"[""01/25/24 PAYPAL           DES:INST XFER  ID:CENGAGELEAR  INDN:MOUSTAFA NASR           CO"", ""ID:PAYPALSI77 WEB-97.78""]"
2024-01-25,01/25/24,10.00,1000,credit,deposits,Zelle payment from MOHAMED NASR Conf# dnrfn5ydi,01/25/24 Zelle payment from MOHAMED NASR Conf# dnrfn5ydi,"January 19, 2024","February 15, 2024",2061,eStmt_2024-02-15.pdf,"[""01/25/24 Zelle payment from MOHAMED NASR Conf# dnrfn5ydi 10.00""]"
2024-01-26,01/26/24,-6.38,-638,debit,withdrawals,"PURCHASE 0125 SPOTIFY 877-778-1161 NY continued on the next page MOUSTAFA MOHAMED NASR ! Account # 3810 6904 2061 ! January 19, 2024 to February 15, 2024","01/26/24 PURCHASE 0125 SPOTIFY 877-778-1161 NY continued on the next page MOUSTAFA MOHAMED NASR ! Account # 3810 6904 2061 ! January 19, 2024 to February 15, 2024","January 19, 2024","February 15, 2024",2061,eStmt_2024-02-15.pdf,"[""01/26/24 PURCHASE   0125 SPOTIFY 877-778-1161 NY -6.38"", ""continued on the next page"", ""MOUSTAFA MOHAMED NASR   !   Account # 3810 6904 2061   !   January 19, 2024 to February 15, 2024""]"
2024-01-29,01/29/24,-20.00,-2000,debit,other_subtractions,VENMO DES:PAYMENT ID:1032155683769 INDN:MOUSTAFA NASR CO ID:3264681992 WEB,01/29/24 VENMO DES:PAYMENT ID:1032155683769 INDN:MOUSTAFA NASR CO ID:3264681992 WEB,"January 19, 2024","February 15, 2024",2061,eStmt_2024-02-15.pdf,"[""01/29/24 VENMO            DES:PAYMENT    ID:1032155683769  INDN:MOUSTAFA NASR           CO"", ""ID:3264681992 WEB-20.00""]"
2024-01-29,01/29/24,-10.65,-1065,debit,withdrawals,MOBILE PURCHASE 0128 TST* 25 BURGERS- NEW New BrunswickNJ,01/29/24 MOBILE PURCHASE 0128 TST* 25 BURGERS- NEW New BrunswickNJ,"January 19, 2024","February 15, 2024",2061,eStmt_2024-02-15.pdf,"[""01/29/24 MOBILE PURCHASE 0128  TST* 25 BURGERS- NEW New BrunswickNJ -10.65""]"
2024-01-29,01/29/24,-4.47,-447,debit,withdrawals,MOBILE PURCHASE 0128 PANERA BREAD #606003 P NEW BRUNSWICKNJ,01/29/24 MOBILE PURCHASE 0128 PANERA BREAD #606003 P NEW BRUNSWICKNJ,"January 19, 2024","February 15, 2024",2061,eStmt_2024-02-15.pdf,"[""01/29/24 MOBILE PURCHASE 0128  PANERA BREAD #606003 P NEW BRUNSWICKNJ -4.47""]"
2024-01-29,01/29/24,3.00,300,credit,deposits,APPLE CASH DES:BANK XFER ID:Moustafa Nasr INDN:Moustafa Nasr CO ID:6192912998 WEB,01/29/24 APPLE CASH DES:BANK XFER ID:Moustafa Nasr INDN:Moustafa Nasr CO ID:6192912998 WEB,"January 19, 2024","February 15, 2024",2061,eStmt_2024-02-15.pdf,"[""01/29/24 APPLE CASH       DES:BANK XFER  ID:Moustafa  Nasr  INDN:Moustafa  Nasr          CO"", ""ID:6192912998 WEB3.00""]"
2024-01-30,01/30/24,-85.29,-8529,debit,withdrawals,PURCHASE 0129 PAYPAL *PEARSONEDUC 800-947-7700 NJ,01/30/24 PURCHASE 0129 PAYPAL *PEARSONEDUC 800-947-7700 NJ,"January 19, 2024","February 15, 2024",2061,eStmt_2024-02-15.pdf,"[""01/30/24 PURCHASE   0129 PAYPAL *PEARSONEDUC 800-947-7700 NJ -85.29""]"
2024-01-30,01/30/24,554.00,55400,credit,deposits,BOFA FIN CTR 01/30 #000003231 DEPOSIT 1515 Wildwood Blv Rio Grande NJ,01/30/24 BOFA FIN CTR 01/30 #000003231 DEPOSIT 1515 Wildwood Blv Rio Grande NJ,"January 19, 2024","February 15, 2024",2061,eStmt_2024-02-15.pdf,"[""01/30/24 BOFA FIN CTR    01/30 #000003231 DEPOSIT 1515 Wildwood Blv  Rio Grande    NJ 554.00""]"
2024-02-01,02/01/24,-10.00,-1000,debit,withdrawals,PURCHASE 0130 CG LAUNDRY RUTGERS COLL 804-7846100 NJ,02/01/24 PURCHASE 0130 CG LAUNDRY RUTGERS COLL 804-7846100 NJ,"January 19, 2024","February 15, 2024",2061,eStmt_2024-02-15.pdf,"[""02/01/24 PURCHASE   0130 CG LAUNDRY RUTGERS COLL 804-7846100  NJ -10.00""]"
2024-02-05,02/05/24,-105.97,-10597,debit,withdrawals,PURCHASE 0201 PAYPAL *PAND9GSA 13957131840,02/05/24 PURCHASE 0201 PAYPAL *PAND9GSA 13957131840,"January 19, 2024","February 15, 2024",2061,eStmt_2024-02-15.pdf,"[""02/05/24 PURCHASE   0201 PAYPAL *PAND9GSA 13957131840 -105.97""]"
2024-02-05,02/05/24,-4.45,-445,debit,withdrawals,MOBILE PURCHASE 0202 R U HUNGRY NEW BRUNSWICKNJ,02/05/24 MOBILE PURCHASE 0202 R U HUNGRY NEW BRUNSWICKNJ,"January 19, 2024","February 15, 2024",2061,eStmt_2024-02-15.pdf,"[""02/05/24 MOBILE PURCHASE 0202  R U HUNGRY NEW BRUNSWICKNJ -4.45""]"
2024-02-07,02/07/24,97.78,9778,credit,deposits,PAYPAL DES:TRANSFER ID:1032366819186 INDN:MOUSTAFA NASR CO ID:PAYPALSD11 PPD,02/07/24 PAYPAL DES:TRANSFER ID:1032366819186 INDN:MOUSTAFA NASR CO ID:PAYPALSD11 PPD,"January 19, 2024","February 15, 2024",2061,eStmt_2024-02-15.pdf,"[""02/07/24 PAYPAL           DES:TRANSFER   ID:1032366819186  INDN:MOUSTAFA NASR           CO"", ""ID:PAYPALSD11 PPD97.78""]"
2024-02-08,02/08/24,20.00,2000,credit,deposits,Zelle payment from MOHAMED NASR Conf# bh76tqdg4,02/08/24 Zelle payment from MOHAMED NASR Conf# bh76tqdg4,"January 19, 2024","February 15, 2024",2061,eStmt_2024-02-15.pdf,"[""02/08/24 Zelle payment from MOHAMED NASR Conf# bh76tqdg4 20.00""]"
2024-02-08,02/08/24,85.29,8529,credit,deposits,Temporary Credit Adjustment on 02/08/24,02/08/24 Temporary Credit Adjustment on 02/08/24,"January 19, 2024","February 15, 2024",2061,eStmt_2024-02-15.pdf,"[""02/08/24 Temporary Credit Adjustment on 02/08/24 85.29""]"
2024-02-09,02/09/24,-6.69,-669,debit,withdrawals,MOBILE PURCHASE 0208 R U HUNGRY NEW BRUNSWICKNJ,02/09/24 MOBILE PURCHASE 0208 R U HUNGRY NEW BRUNSWICKNJ,"January 19, 2024","February 15, 2024",2061,eStmt_2024-02-15.pdf,"[""02/09/24 MOBILE PURCHASE 0208  R U HUNGRY NEW BRUNSWICKNJ -6.69""]"
2024-02-12,02/12/24,-18.21,-1821,debit,withdrawals,MOBILE PURCHASE 0209 POPEYES 12202 NEW BRUNSWICKNJ,02/12/24 MOBILE PURCHASE 0209 POPEYES 12202 NEW BRUNSWICKNJ,"January 19, 2024","February 15, 2024",2061,eStmt_2024-02-15.pdf,"[""02/12/24 MOBILE PURCHASE 0209  POPEYES 12202 NEW BRUNSWICKNJ -18.21""]"
2024-02-12,02/12/24,-5.99,-599,debit,withdrawals,PURCHASE 0208 PAYPAL *STUDY.COM 402-935-7733 CA,02/12/24 PURCHASE 0208 PAYPAL *STUDY.COM 402-935-7733 CA,"January 19, 2024","February 15, 2024",2061,eStmt_2024-02-15.pdf,"[""02/12/24 PURCHASE   0208 PAYPAL *STUDY.COM 402-935-7733 CA -5.99""]"
2024-02-12,02/12/24,348.73,34873,credit,deposits,BOFA FIN CTR 02/12 #000005629 DEPOSIT 3841 Bayshore Rd North Cape Ma NJ,02/12/24 BOFA FIN CTR 02/12 #000005629 DEPOSIT 3841 Bayshore Rd North Cape Ma NJ,"January 19, 2024","February 15, 2024",2061,eStmt_2024-02-15.pdf,"[""02/12/24 BOFA FIN CTR    02/12 #000005629 DEPOSIT 3841 Bayshore Rd   North Cape Ma NJ 348.73""]"
2024-02-13,02/13/24,-550.00,-55000,debit,other_subtractions,Online Banking transfer to CHK 3765 Confirmation# 7682589252,02/13/24 Online Banking transfer to CHK 3765 Confirmation# 7682589252,"January 19, 2024","February 15, 2024",2061,eStmt_2024-02-15.pdf,"[""02/13/24 Online Banking transfer to CHK 3765 Confirmation# 7682589252 -550.00""]"
2024-02-13,02/13/24,8.00,800,credit,deposits,Zelle payment from ANDREW RAMOS Conf# 01VV9LJWA,02/13/24 Zelle payment from ANDREW RAMOS Conf# 01VV9LJWA,"January 19, 2024","February 15, 2024",2061,eStmt_2024-02-15.pdf,"[""02/13/24 Zelle payment from  ANDREW RAMOS Conf# 01VV9LJWA 8.00""]"
2024-02-13,02/13/24,233.00,23300,credit,deposits,Zelle payment from ANDREW RAMOS Conf# 01VV9LCMV,02/13/24 Zelle payment from ANDREW RAMOS Conf# 01VV9LCMV,"January 19, 2024","February 15, 2024",2061,eStmt_2024-02-15.pdf,"[""02/13/24 Zelle payment from  ANDREW RAMOS Conf# 01VV9LCMV 233.00""]"
2024-02-13,02/13/24,500.00,50000,credit,deposits,BOFA FIN CTR 02/13 #000005695 DEPOSIT 3841 Bayshore Rd North Cape Ma NJ,02/13/24 BOFA FIN CTR 02/13 #000005695 DEPOSIT 3841 Bayshore Rd North Cape Ma NJ,"January 19, 2024","February 15, 2024",2061,eStmt_2024-02-15.pdf,"[""02/13/24 BOFA FIN CTR    02/13 #000005695 DEPOSIT 3841 Bayshore Rd   North Cape Ma NJ 500.00""]"
2024-02-14,02/14/24,-500.00,-50000,debit,other_subtractions,Online Banking transfer to CHK 3765 Confirmation# 8091874012,02/14/24 Online Banking transfer to CHK 3765 Confirmation# 8091874012,"January 19, 2024","February 15, 2024",2061,eStmt_2024-02-15.pdf,"[""02/14/24 Online Banking transfer to CHK 3765 Confirmation# 8091874012 -500.00""]"
2024-02-15,02/15/24,-14.93,-1493,debit,withdrawals,MOBILE PURCHASE 0214 CHIPOTLE 1256 NEW BRUNSWICKNJ,02/15/24 MOBILE PURCHASE 0214 CHIPOTLE 1256 NEW BRUNSWICKNJ,"January 19, 2024","February 15, 2024",2061,eStmt_2024-02-15.pdf,"[""02/15/24 MOBILE PURCHASE 0214  CHIPOTLE 1256 NEW BRUNSWICKNJ -14.93""]"
2024-02-16,02/16/24,-440.51,-44051,debit,withdrawals,PURCHASE 0213 PAYPAL *PAND9GSA 13957131840,02/16/24 PURCHASE 0213 PAYPAL *PAND9GSA 13957131840,"February 16, 2024","March 18, 2024",2061,eStmt_2024-03-18.pdf,"[""02/16/24 PURCHASE   0213 PAYPAL *PAND9GSA 13957131840 -440.51""]"
2024-02-20,02/20/24,-16.46,-1646,debit,withdrawals,PMNT SENT 0219 APPLE CASH SENT MONEY 1INFINITELOOPCA,02/20/24 PMNT SENT 0219 APPLE CASH SENT MONEY 1INFINITELOOPCA,"February 16, 2024","March 18, 2024",2061,eStmt_2024-03-18.pdf,"[""02/20/24 PMNT SENT  0219 APPLE CASH SENT MONEY 1INFINITELOOPCA -16.46""]"
2024-02-20,02/20/24,-13.22,-1322,debit,withdrawals,MOBILE PURCHASE 0218 CHIPOTLE 1256 NEW BRUNSWICKNJ,02/20/24 MOBILE PURCHASE 0218 CHIPOTLE 1256 NEW BRUNSWICKNJ,"February 16, 2024","March 18, 2024",2061,eStmt_2024-03-18.pdf,"[""02/20/24 MOBILE PURCHASE 0218  CHIPOTLE 1256 NEW BRUNSWICKNJ -13.22""]"
2024-02-20,02/20/24,-10.74,-1074,debit,withdrawals,PURCHASE 0218 LYFT RIDE SUN 11AM 855-865-9553 CA,02/20/24 PURCHASE 0218 LYFT RIDE SUN 11AM 855-865-9553 CA,"February 16, 2024","March 18, 2024",2061,eStmt_2024-03-18.pdf,"[""02/20/24 PURCHASE   0218 LYFT   RIDE SUN 11AM 855-865-9553 CA -10.74""]"
2024-02-20,02/20/24,10.00,1000,credit,deposits,Zelle payment from MARYAM NASR Conf# fu0b7u9bb,02/20/24 Zelle payment from MARYAM NASR Conf# fu0b7u9bb,"February 16, 2024","March 18, 2024",2061,eStmt_2024-03-18.pdf,"[""02/20/24 Zelle payment from MARYAM NASR Conf# fu0b7u9bb 10.00""]"
2024-02-20,02/20/24,16.00,1600,credit,deposits,Online Banking transfer from CHK 3765 Confirmation# 7229885411,02/20/24 Online Banking transfer from CHK 3765 Confirmation# 7229885411,"February 16, 2024","March 18, 2024",2061,eStmt_2024-03-18.pdf,"[""02/20/24 Online Banking transfer from CHK 3765 Confirmation# 7229885411 16.00""]"
2024-02-22,02/22/24,-21.27,-2127,debit,withdrawals,"CHECKCARD 0221 AMZN MKTP US*RW5016JU2 SEATTLE WA 24431064052083755505094 continued on the next page MOUSTAFA MOHAMED NASR ! Account # 3810 6904 2061 ! February 16, 2024 to March 18, 2024","02/22/24 CHECKCARD 0221 AMZN MKTP US*RW5016JU2 SEATTLE WA 24431064052083755505094 continued on the next page MOUSTAFA MOHAMED NASR ! Account # 3810 6904 2061 ! February 16, 2024 to March 18, 2024","February 16, 2024","March 18, 2024",2061,eStmt_2024-03-18.pdf,"[""02/22/24 CHECKCARD  0221 AMZN MKTP US*RW5016JU2 SEATTLE      WA 24431064052083755505094 -21.27"", ""continued on the next page"", ""MOUSTAFA MOHAMED NASR   !   Account # 3810 6904 2061   !   February 16, 2024 to March 18, 2024""]"
2024-02-26,02/26/24,-6.38,-638,debit,withdrawals,PURCHASE 0225 SPOTIFY 877-778-1161 NY,02/26/24 PURCHASE 0225 SPOTIFY 877-778-1161 NY,"February 16, 2024","March 18, 2024",2061,eStmt_2024-03-18.pdf,"[""02/26/24 PURCHASE   0225 SPOTIFY 877-778-1161 NY -6.38""]"
2024-02-26,02/26/24,-3.35,-335,debit,withdrawals,MOBILE PURCHASE 0223 R U HUNGRY NEW BRUNSWICKNJ,02/26/24 MOBILE PURCHASE 0223 R U HUNGRY NEW BRUNSWICKNJ,"February 16, 2024","March 18, 2024",2061,eStmt_2024-03-18.pdf,"[""02/26/24 MOBILE PURCHASE 0223  R U HUNGRY NEW BRUNSWICKNJ -3.35""]"
2024-02-28,02/28/24,-8.41,-841,debit,withdrawals,PURCHASE 0227 APPLE.COM/BILL 866-712-7753 CA,02/28/24 PURCHASE 0227 APPLE.COM/BILL 866-712-7753 CA,"February 16, 2024","March 18, 2024",2061,eStmt_2024-03-18.pdf,"[""02/28/24 PURCHASE   0227 APPLE.COM/BILL 866-712-7753 CA -8.41""]"
2024-02-28,02/28/24,38.00,3800,credit,deposits,Zelle payment from ANDREW RAMOS Conf# 01WAIPKCF,02/28/24 Zelle payment from ANDREW RAMOS Conf# 01WAIPKCF,"February 16, 2024","March 18, 2024",2061,eStmt_2024-03-18.pdf,"[""02/28/24 Zelle payment from  ANDREW RAMOS Conf# 01WAIPKCF 38.00""]"
2024-02-29,02/29/24,-3.20,-320,debit,withdrawals,MOBILE PURCHASE 0227 PY *25BURGERS-BULLHORNS NEW BRUNSWICKNJ,02/29/24 MOBILE PURCHASE 0227 PY *25BURGERS-BULLHORNS NEW BRUNSWICKNJ,"February 16, 2024","March 18, 2024",2061,eStmt_2024-03-18.pdf,"[""02/29/24 MOBILE PURCHASE 0227  PY *25BURGERS-BULLHORNS NEW BRUNSWICKNJ -3.20""]"
2024-02-29,02/29/24,20.00,2000,credit,deposits,Zelle payment from MOHAMED NASR Conf# ijbcb0rsv,02/29/24 Zelle payment from MOHAMED NASR Conf# ijbcb0rsv,"February 16, 2024","March 18, 2024",2061,eStmt_2024-03-18.pdf,"[""02/29/24 Zelle payment from MOHAMED NASR Conf# ijbcb0rsv 20.00""]"
2024-03-01,03/01/24,-38.14,-3814,debit,withdrawals,PURCHASE 0228 PAYPAL *PAND9GSA 13957131840,03/01/24 PURCHASE 0228 PAYPAL *PAND9GSA 13957131840,"February 16, 2024","March 18, 2024",2061,eStmt_2024-03-18.pdf,"[""03/01/24 PURCHASE   0228 PAYPAL *PAND9GSA 13957131840 -38.14""]"
2024-03-04,03/04/24,-5.92,-592,debit,withdrawals,MOBILE PURCHASE 0302 GIOVANELLIS - PIZZA NEW BRUNSWICKNJ,03/04/24 MOBILE PURCHASE 0302 GIOVANELLIS - PIZZA NEW BRUNSWICKNJ,"February 16, 2024","March 18, 2024",2061,eStmt_2024-03-18.pdf,"[""03/04/24 MOBILE PURCHASE 0302  GIOVANELLIS - PIZZA NEW BRUNSWICKNJ -5.92""]"
2024-03-04,03/04/24,-0.41,-41,debit,withdrawals,PMNT SENT 0302 APPLE CASH SENT MONEY 1INFINITELOOPCA,03/04/24 PMNT SENT 0302 APPLE CASH SENT MONEY 1INFINITELOOPCA,"February 16, 2024","March 18, 2024",2061,eStmt_2024-03-18.pdf,"[""03/04/24 PMNT SENT  0302 APPLE CASH SENT MONEY 1INFINITELOOPCA -0.41""]"
2024-03-04,03/04/24,14.74,1474,credit,deposits,Transfer VENMO,03/04/24 Transfer VENMO,"February 16, 2024","March 18, 2024",2061,eStmt_2024-03-18.pdf,"[""03/04/24 Transfer VENMO 14.74""]"
2024-03-04,03/04/24,41.11,4111,credit,deposits,Zelle payment from ANDREW RAMOS Conf# 01WFMMFTZ,03/04/24 Zelle payment from ANDREW RAMOS Conf# 01WFMMFTZ,"February 16, 2024","March 18, 2024",2061,eStmt_2024-03-18.pdf,"[""03/04/24 Zelle payment from  ANDREW RAMOS Conf# 01WFMMFTZ 41.11""]"
2024-03-05,03/05/24,-22.66,-2266,debit,withdrawals,PURCHASE 0303 PAYPAL *CDKEYS COM 4029357733 CA,03/05/24 PURCHASE 0303 PAYPAL *CDKEYS COM 4029357733 CA,"February 16, 2024","March 18, 2024",2061,eStmt_2024-03-18.pdf,"[""03/05/24 PURCHASE   0303 PAYPAL *CDKEYS COM 4029357733   CA -22.66""]"
2024-03-05,03/05/24,-10.00,-1000,debit,withdrawals,PMNT SENT 0304 APPLE CASH SENT MONEY 1INFINITELOOPCA,03/05/24 PMNT SENT 0304 APPLE CASH SENT MONEY 1INFINITELOOPCA,"February 16, 2024","March 18, 2024",2061,eStmt_2024-03-18.pdf,"[""03/05/24 PMNT SENT  0304 APPLE CASH SENT MONEY 1INFINITELOOPCA -10.00""]"
2024-03-05,03/05/24,-3.09,-309,debit,withdrawals,PURCHASE 0303 PAYPAL *CDKEYS COM 4029357733 CA,03/05/24 PURCHASE 0303 PAYPAL *CDKEYS COM 4029357733 CA,"February 16, 2024","March 18, 2024",2061,eStmt_2024-03-18.pdf,"[""03/05/24 PURCHASE   0303 PAYPAL *CDKEYS COM 4029357733   CA -3.09""]"
2024-03-06,03/06/24,-44.87,-4487,debit,withdrawals,PURCHASE 0304 PAYPAL *PAND9GSA 4029357733,03/06/24 PURCHASE 0304 PAYPAL *PAND9GSA 4029357733,"February 16, 2024","March 18, 2024",2061,eStmt_2024-03-18.pdf,"[""03/06/24 PURCHASE   0304 PAYPAL *PAND9GSA 4029357733 -44.87""]"
2024-03-06,03/06/24,-41.11,-4111,debit,withdrawals,PURCHASE 0304 PAYPAL *PAND9GSA 4029357733,03/06/24 PURCHASE 0304 PAYPAL *PAND9GSA 4029357733,"February 16, 2024","March 18, 2024",2061,eStmt_2024-03-18.pdf,"[""03/06/24 PURCHASE   0304 PAYPAL *PAND9GSA 4029357733 -41.11""]"
2024-03-08,03/08/24,-11.70,-1170,debit,withdrawals,MOBILE PURCHASE 0307 R U HUNGRY NEW BRUNSWICKNJ,03/08/24 MOBILE PURCHASE 0307 R U HUNGRY NEW BRUNSWICKNJ,"February 16, 2024","March 18, 2024",2061,eStmt_2024-03-18.pdf,"[""03/08/24 MOBILE PURCHASE 0307  R U HUNGRY NEW BRUNSWICKNJ -11.70""]"
2024-03-08,03/08/24,-10.39,-1039,debit,withdrawals,PURCHASE 0305 PAYPAL *TEMU 402-935-7733 MA,03/08/24 PURCHASE 0305 PAYPAL *TEMU 402-935-7733 MA,"February 16, 2024","March 18, 2024",2061,eStmt_2024-03-18.pdf,"[""03/08/24 PURCHASE   0305 PAYPAL *TEMU 402-935-7733 MA -10.39""]"
2024-03-08,03/08/24,-9.20,-920,debit,withdrawals,PURCHASE 0305 PAYPAL *TEMU 402-935-7733 MA,03/08/24 PURCHASE 0305 PAYPAL *TEMU 402-935-7733 MA,"February 16, 2024","March 18, 2024",2061,eStmt_2024-03-18.pdf,"[""03/08/24 PURCHASE   0305 PAYPAL *TEMU 402-935-7733 MA -9.20""]"
2024-03-11,03/11/24,-13.42,-1342,debit,withdrawals,MOBILE PURCHASE 0310 RITE AID 00407 NEW BRUNSWICKNJ,03/11/24 MOBILE PURCHASE 0310 RITE AID 00407 NEW BRUNSWICKNJ,"February 16, 2024","March 18, 2024",2061,eStmt_2024-03-18.pdf,"[""03/11/24 MOBILE PURCHASE 0310  RITE AID 00407 NEW BRUNSWICKNJ -13.42""]"
2024-03-11,03/11/24,-11.46,-1146,debit,withdrawals,MOBILE PURCHASE 0308 QDOBA 2798 PISCATAWAY NJ,03/11/24 MOBILE PURCHASE 0308 QDOBA 2798 PISCATAWAY NJ,"February 16, 2024","March 18, 2024",2061,eStmt_2024-03-18.pdf,"[""03/11/24 MOBILE PURCHASE 0308  QDOBA 2798 PISCATAWAY   NJ -11.46""]"
2024-03-11,03/11/24,-10.00,-1000,debit,withdrawals,PMNT SENT 0310 APPLE CASH SENT MONEY 1INFINITELOOPCA,03/11/24 PMNT SENT 0310 APPLE CASH SENT MONEY 1INFINITELOOPCA,"February 16, 2024","March 18, 2024",2061,eStmt_2024-03-18.pdf,"[""03/11/24 PMNT SENT  0310 APPLE CASH SENT MONEY 1INFINITELOOPCA -10.00""]"
2024-03-11,03/11/24,25.55,2555,credit,deposits,Transfer VENMO,03/11/24 Transfer VENMO,"February 16, 2024","March 18, 2024",2061,eStmt_2024-03-18.pdf,"[""03/11/24 Transfer VENMO 25.55""]"
2024-03-13,03/13/24,-12.02,-1202,debit,withdrawals,MOBILE PURCHASE 0312 KRISPY PIZZA NEW BRUNSWICKNJ,03/13/24 MOBILE PURCHASE 0312 KRISPY PIZZA NEW BRUNSWICKNJ,"February 16, 2024","March 18, 2024",2061,eStmt_2024-03-18.pdf,"[""03/13/24 MOBILE PURCHASE 0312  KRISPY PIZZA NEW BRUNSWICKNJ -12.02""]"
2024-03-13,03/13/24,-11.15,-1115,debit,withdrawals,MOBILE PURCHASE 0312 R U HUNGRY NEW BRUNSWICKNJ,03/13/24 MOBILE PURCHASE 0312 R U HUNGRY NEW BRUNSWICKNJ,"February 16, 2024","March 18, 2024",2061,eStmt_2024-03-18.pdf,"[""03/13/24 MOBILE PURCHASE 0312  R U HUNGRY NEW BRUNSWICKNJ -11.15""]"
2024-03-13,03/13/24,-6.39,-639,debit,withdrawals,PURCHASE 0312 APPLE.COM/BILL 866-712-7753 CA,03/13/24 PURCHASE 0312 APPLE.COM/BILL 866-712-7753 CA,"February 16, 2024","March 18, 2024",2061,eStmt_2024-03-18.pdf,"[""03/13/24 PURCHASE   0312 APPLE.COM/BILL 866-712-7753 CA -6.39""]"
2024-03-13,03/13/24,7.75,775,credit,deposits,APPLE CASH INS 03/13 #000112119 PMNT RCVD APPLE CASH INST X Visa Direct CA,03/13/24 APPLE CASH INS 03/13 #000112119 PMNT RCVD APPLE CASH INST X Visa Direct CA,"February 16, 2024","March 18, 2024",2061,eStmt_2024-03-18.pdf,"[""03/13/24 APPLE CASH INS  03/13 #000112119 PMNT RCVD APPLE CASH INST X  Visa Direct   CA 7.75""]"
2024-03-14,03/14/24,-19.12,-1912,debit,withdrawals,MOBILE PURCHASE 0313 KRISPY PIZZA NEW BRUNSWICKNJ,03/14/24 MOBILE PURCHASE 0313 KRISPY PIZZA NEW BRUNSWICKNJ,"February 16, 2024","March 18, 2024",2061,eStmt_2024-03-18.pdf,"[""03/14/24 MOBILE PURCHASE 0313  KRISPY PIZZA NEW BRUNSWICKNJ -19.12""]"
2024-03-14,03/14/24,351.00,35100,credit,deposits,"IRS TREAS 310 DES: TAX REF ID:XXXXXXXXXX00908 INDN:NASR, MOUSTAFA M CO ID:9111736946 PPD","03/14/24 IRS TREAS 310 DES: TAX REF ID:XXXXXXXXXX00908 INDN:NASR, MOUSTAFA M CO ID:9111736946 PPD","February 16, 2024","March 18, 2024",2061,eStmt_2024-03-18.pdf,"[""03/14/24 IRS  TREAS 310   DES:  TAX REF  ID:XXXXXXXXXX00908  INDN:NASR, MOUSTAFA M        CO"", ""ID:9111736946 PPD351.00""]"
2024-03-15,03/15/24,6.39,639,credit,deposits,PURCHASE REFUND 0315 APPLE.COM/BILL 866-712-7753 CA 74692164075108618148848,03/15/24 PURCHASE REFUND 0315 APPLE.COM/BILL 866-712-7753 CA 74692164075108618148848,"February 16, 2024","March 18, 2024",2061,eStmt_2024-03-18.pdf,"[""03/15/24 PURCHASE REFUND 0315  APPLE.COM/BILL 866-712-7753 CA 74692164075108618148848 6.39""]"
2024-03-18,03/18/24,-5320.00,-532000,debit,other_subtractions,Online Banking transfer to CHK 3765 Confirmation# 7673621822,03/18/24 Online Banking transfer to CHK 3765 Confirmation# 7673621822,"February 16, 2024","March 18, 2024",2061,eStmt_2024-03-18.pdf,"[""03/18/24 Online Banking transfer to CHK 3765 Confirmation# 7673621822 -5,320.00""]"
2024-03-18,03/18/24,-207.65,-20765,debit,withdrawals,PURCHASE 0316 PAYPAL *PAND9GSA 13957131840,03/18/24 PURCHASE 0316 PAYPAL *PAND9GSA 13957131840,"February 16, 2024","March 18, 2024",2061,eStmt_2024-03-18.pdf,"[""03/18/24 PURCHASE   0316 PAYPAL *PAND9GSA 13957131840 -207.65""]"
2024-03-18,03/18/24,-13.00,-1300,debit,withdrawals,PMNT SENT 0315 APPLE CASH SENT MONEY 1INFINITELOOPCA,03/18/24 PMNT SENT 0315 APPLE CASH SENT MONEY 1INFINITELOOPCA,"February 16, 2024","March 18, 2024",2061,eStmt_2024-03-18.pdf,"[""03/18/24 PMNT SENT  0315 APPLE CASH SENT MONEY 1INFINITELOOPCA -13.00""]"
2024-03-18,03/18/24,-11.20,-1120,debit,withdrawals,MOBILE PURCHASE 0316 TST* EL JEFES TAQUERIA NEW BRUNSWICKNJ,03/18/24 MOBILE PURCHASE 0316 TST* EL JEFES TAQUERIA NEW BRUNSWICKNJ,"February 16, 2024","March 18, 2024",2061,eStmt_2024-03-18.pdf,"[""03/18/24 MOBILE PURCHASE 0316  TST* EL JEFES TAQUERIA NEW BRUNSWICKNJ -11.20""]"
2024-03-18,03/18/24,-3.45,-345,debit,withdrawals,PURCHASE 0315 PAYPAL *PAND9GSA 4029357733,03/18/24 PURCHASE 0315 PAYPAL *PAND9GSA 4029357733,"February 16, 2024","March 18, 2024",2061,eStmt_2024-03-18.pdf,"[""03/18/24 PURCHASE   0315 PAYPAL *PAND9GSA 4029357733 -3.45""]"
2024-03-18,03/18/24,104.00,10400,credit,deposits,Zelle payment from ANDREW RAMOS Conf# 01WSUXJHM,03/18/24 Zelle payment from ANDREW RAMOS Conf# 01WSUXJHM,"February 16, 2024","March 18, 2024",2061,eStmt_2024-03-18.pdf,"[""03/18/24 Zelle payment from  ANDREW RAMOS Conf# 01WSUXJHM 104.00""]"
2024-03-18,03/18/24,5319.00,531900,credit,deposits,Rutgers The Stat DES:NBS REFUND ID:9762727 INDN:MOUSTAFA NASR CO ID:8470751402 PPD,03/18/24 Rutgers The Stat DES:NBS REFUND ID:9762727 INDN:MOUSTAFA NASR CO ID:8470751402 PPD,"February 16, 2024","March 18, 2024",2061,eStmt_2024-03-18.pdf,"[""03/18/24 Rutgers The Stat DES:NBS REFUND ID:9762727  INDN:MOUSTAFA NASR           CO"", ""ID:8470751402 PPD5,319.00""]"
2024-03-19,03/19/24,116.00,11600,credit,deposits,STATE OF N.J. DES:NJSTTAXRFD ID: XXXXX8783 INDN:NASR MOUSTAFA M CO ID:2216000928 PPD,03/19/24 STATE OF N.J. DES:NJSTTAXRFD ID: XXXXX8783 INDN:NASR MOUSTAFA M CO ID:2216000928 PPD,"March 19, 2024","April 17, 2024",2061,eStmt_2024-04-17.pdf,"[""03/19/24 STATE OF N.J.    DES:NJSTTAXRFD ID: XXXXX8783  INDN:NASR MOUSTAFA M         CO"", ""ID:2216000928 PPD116.00""]"
2024-03-20,03/20/24,-21.31,-2131,debit,withdrawals,CHECKCARD 0319 AMZN MKTP US*RH93750W2 SEATTLE WA 24431064079083309995139,03/20/24 CHECKCARD 0319 AMZN MKTP US*RH93750W2 SEATTLE WA 24431064079083309995139,"March 19, 2024","April 17, 2024",2061,eStmt_2024-04-17.pdf,"[""03/20/24 CHECKCARD  0319 AMZN MKTP US*RH93750W2 SEATTLE      WA 24431064079083309995139 -21.31""]"
2024-03-22,03/22/24,-299.35,-29935,debit,withdrawals,RITE AID 00407 03/22 #000145411 MOBILE PURCHASE RITE AID 00407 NEW BRUNSWICK NJ,03/22/24 RITE AID 00407 03/22 #000145411 MOBILE PURCHASE RITE AID 00407 NEW BRUNSWICK NJ,"March 19, 2024","April 17, 2024",2061,eStmt_2024-04-17.pdf,"[""03/22/24 RITE AID 00407  03/22 #000145411 MOBILE PURCHASE RITE AID 00407     NEW BRUNSWICK NJ -299.35""]"
2024-03-22,03/22/24,-45.20,-4520,debit,withdrawals,MOBILE PURCHASE 0322 RITE AID 00407 NEW BRUNSWICKNJ,03/22/24 MOBILE PURCHASE 0322 RITE AID 00407 NEW BRUNSWICKNJ,"March 19, 2024","April 17, 2024",2061,eStmt_2024-04-17.pdf,"[""03/22/24 MOBILE PURCHASE 0322  RITE AID 00407 NEW BRUNSWICKNJ -45.20""]"
2024-03-22,03/22/24,30.00,3000,credit,deposits,Zelle payment from MOHAMED NASR Conf# hqfizlxm8,03/22/24 Zelle payment from MOHAMED NASR Conf# hqfizlxm8,"March 19, 2024","April 17, 2024",2061,eStmt_2024-04-17.pdf,"[""03/22/24 Zelle payment from MOHAMED NASR Conf# hqfizlxm8 30.00""]"
2024-03-22,03/22/24,520.12,52012,credit,deposits,"RUTGERS UNIVERSI DES:DIR DEP ID:00175494 INDN:NASR,MOUSTAFA CO ID:2226001086 PPD","03/22/24 RUTGERS UNIVERSI DES:DIR DEP ID:00175494 INDN:NASR,MOUSTAFA CO ID:2226001086 PPD","March 19, 2024","April 17, 2024",2061,eStmt_2024-04-17.pdf,"[""03/22/24 RUTGERS UNIVERSI DES:DIR DEP    ID:00175494  INDN:NASR,MOUSTAFA           CO"", ""ID:2226001086 PPD520.12""]"
2024-03-25,03/25/24,-11.20,-1120,debit,withdrawals,"MOBILE PURCHASE 0324 Smashville Hot Chicken New BrunswickNJ continued on the next page MOUSTAFA MOHAMED NASR ! Account # 3810 6904 2061 ! March 19, 2024 to April 17, 2024","03/25/24 MOBILE PURCHASE 0324 Smashville Hot Chicken New BrunswickNJ continued on the next page MOUSTAFA MOHAMED NASR ! Account # 3810 6904 2061 ! March 19, 2024 to April 17, 2024","March 19, 2024","April 17, 2024",2061,eStmt_2024-04-17.pdf,"[""03/25/24 MOBILE PURCHASE 0324  Smashville Hot Chicken New BrunswickNJ -11.20"", ""continued on the next page"", ""MOUSTAFA MOHAMED NASR   !   Account # 3810 6904 2061   !   March 19, 2024 to April 17, 2024""]"
2024-03-25,03/25/24,-10.00,-1000,debit,withdrawals,PURCHASE 0323 CG LAUNDRY RUTGERS COLL 804-7846100 NJ,03/25/24 PURCHASE 0323 CG LAUNDRY RUTGERS COLL 804-7846100 NJ,"March 19, 2024","April 17, 2024",2061,eStmt_2024-04-17.pdf,"[""03/25/24 PURCHASE   0323 CG LAUNDRY RUTGERS COLL 804-7846100  NJ -10.00""]"
2024-03-25,03/25/24,-10.00,-1000,debit,withdrawals,PURCHASE 0323 CG LAUNDRY RUTGERS COLL 804-7846100 NJ,03/25/24 PURCHASE 0323 CG LAUNDRY RUTGERS COLL 804-7846100 NJ,"March 19, 2024","April 17, 2024",2061,eStmt_2024-04-17.pdf,"[""03/25/24 PURCHASE   0323 CG LAUNDRY RUTGERS COLL 804-7846100  NJ -10.00""]"
2024-03-26,03/26/24,-6.38,-638,debit,withdrawals,PURCHASE 0325 SPOTIFY 877-778-1161 NY,03/26/24 PURCHASE 0325 SPOTIFY 877-778-1161 NY,"March 19, 2024","April 17, 2024",2061,eStmt_2024-04-17.pdf,"[""03/26/24 PURCHASE   0325 SPOTIFY 877-778-1161 NY -6.38""]"
2024-03-26,03/26/24,-3.49,-349,debit,withdrawals,MOBILE PURCHASE 0325 DUNKIN #310478 Q35 PISCATAWAY NJ,03/26/24 MOBILE PURCHASE 0325 DUNKIN #310478 Q35 PISCATAWAY NJ,"March 19, 2024","April 17, 2024",2061,eStmt_2024-04-17.pdf,"[""03/26/24 MOBILE PURCHASE 0325  DUNKIN #310478 Q35 PISCATAWAY   NJ -3.49""]"
2024-03-27,03/27/24,-22.13,-2213,debit,withdrawals,MOBILE PURCHASE 0326 TST* EL JEFES TAQUERIA NEW BRUNSWICKNJ,03/27/24 MOBILE PURCHASE 0326 TST* EL JEFES TAQUERIA NEW BRUNSWICKNJ,"March 19, 2024","April 17, 2024",2061,eStmt_2024-04-17.pdf,"[""03/27/24 MOBILE PURCHASE 0326  TST* EL JEFES TAQUERIA NEW BRUNSWICKNJ -22.13""]"
2024-03-27,03/27/24,25.00,2500,credit,deposits,Online Banking transfer from CHK 3765 Confirmation# 7655479876,03/27/24 Online Banking transfer from CHK 3765 Confirmation# 7655479876,"March 19, 2024","April 17, 2024",2061,eStmt_2024-04-17.pdf,"[""03/27/24 Online Banking transfer from CHK 3765 Confirmation# 7655479876 25.00""]"
2024-03-28,03/28/24,-64.44,-6444,debit,withdrawals,PURCHASE 0326 PAYPAL *PAND9GSA 4029357733,03/28/24 PURCHASE 0326 PAYPAL *PAND9GSA 4029357733,"March 19, 2024","April 17, 2024",2061,eStmt_2024-04-17.pdf,"[""03/28/24 PURCHASE   0326 PAYPAL *PAND9GSA 4029357733 -64.44""]"
2024-03-28,03/28/24,-25.00,-2500,debit,other_subtractions,VENMO DES:PAYMENT ID:1033386466122 INDN:MOUSTAFA NASR CO ID:3264681992 WEB,03/28/24 VENMO DES:PAYMENT ID:1033386466122 INDN:MOUSTAFA NASR CO ID:3264681992 WEB,"March 19, 2024","April 17, 2024",2061,eStmt_2024-04-17.pdf,"[""03/28/24 VENMO            DES:PAYMENT    ID:1033386466122  INDN:MOUSTAFA NASR           CO"", ""ID:3264681992 WEB-25.00""]"
2024-03-29,03/29/24,-8.00,-800,debit,withdrawals,PMNT SENT 0328 APPLE CASH SENT MONEY 1INFINITELOOPCA,03/29/24 PMNT SENT 0328 APPLE CASH SENT MONEY 1INFINITELOOPCA,"March 19, 2024","April 17, 2024",2061,eStmt_2024-04-17.pdf,"[""03/29/24 PMNT SENT  0328 APPLE CASH SENT MONEY 1INFINITELOOPCA -8.00""]"
2024-04-01,04/01/24,-53.30,-5330,debit,withdrawals,CHECKCARD 0331 AMAZON.COM*RA3R61VF1 SEATTLE WA 24431064091083350273992,04/01/24 CHECKCARD 0331 AMAZON.COM*RA3R61VF1 SEATTLE WA 24431064091083350273992,"March 19, 2024","April 17, 2024",2061,eStmt_2024-04-17.pdf,"[""04/01/24 CHECKCARD  0331 AMAZON.COM*RA3R61VF1 SEATTLE      WA 24431064091083350273992 -53.30""]"
2024-04-01,04/01/24,-13.81,-1381,debit,withdrawals,MOBILE PURCHASE 0330 TST* EL JEFES TAQUERIA NEW BRUNSWICKNJ,04/01/24 MOBILE PURCHASE 0330 TST* EL JEFES TAQUERIA NEW BRUNSWICKNJ,"March 19, 2024","April 17, 2024",2061,eStmt_2024-04-17.pdf,"[""04/01/24 MOBILE PURCHASE 0330  TST* EL JEFES TAQUERIA NEW BRUNSWICKNJ -13.81""]"
2024-04-01,04/01/24,-10.00,-1000,debit,withdrawals,PMNT SENT 0331 APPLE CASH SENT MONEY 1INFINITELOOPCA,04/01/24 PMNT SENT 0331 APPLE CASH SENT MONEY 1INFINITELOOPCA,"March 19, 2024","April 17, 2024",2061,eStmt_2024-04-17.pdf,"[""04/01/24 PMNT SENT  0331 APPLE CASH SENT MONEY 1INFINITELOOPCA -10.00""]"
2024-04-02,04/02/24,-10.41,-1041,debit,withdrawals,PMNT SENT 0401 APPLE CASH SENT MONEY 877-233-8552 CA,04/02/24 PMNT SENT 0401 APPLE CASH SENT MONEY 877-233-8552 CA,"March 19, 2024","April 17, 2024",2061,eStmt_2024-04-17.pdf,"[""04/02/24 PMNT SENT  0401 APPLE CASH SENT MONEY 877-233-8552 CA -10.41""]"
2024-04-02,04/02/24,25.00,2500,credit,deposits,Zelle payment from MOHAMED NASR Conf# hiujhihgj,04/02/24 Zelle payment from MOHAMED NASR Conf# hiujhihgj,"March 19, 2024","April 17, 2024",2061,eStmt_2024-04-17.pdf,"[""04/02/24 Zelle payment from MOHAMED NASR Conf# hiujhihgj 25.00""]"
2024-04-04,04/04/24,-48.67,-4867,debit,withdrawals,PURCHASE 0403 PAYPAL *PAND9GSA 4029357733,04/04/24 PURCHASE 0403 PAYPAL *PAND9GSA 4029357733,"March 19, 2024","April 17, 2024",2061,eStmt_2024-04-17.pdf,"[""04/04/24 PURCHASE   0403 PAYPAL *PAND9GSA 4029357733 -48.67""]"
2024-04-04,04/04/24,-48.67,-4867,debit,withdrawals,PURCHASE 0403 PAYPAL *PAND9GSA 4029357733,04/04/24 PURCHASE 0403 PAYPAL *PAND9GSA 4029357733,"March 19, 2024","April 17, 2024",2061,eStmt_2024-04-17.pdf,"[""04/04/24 PURCHASE   0403 PAYPAL *PAND9GSA 4029357733 -48.67""]"
2024-04-04,04/04/24,-48.67,-4867,debit,withdrawals,PURCHASE 0403 PAYPAL *PAND9GSA 4029357733,04/04/24 PURCHASE 0403 PAYPAL *PAND9GSA 4029357733,"March 19, 2024","April 17, 2024",2061,eStmt_2024-04-17.pdf,"[""04/04/24 PURCHASE   0403 PAYPAL *PAND9GSA 4029357733 -48.67""]"
2024-04-04,04/04/24,-20.00,-2000,debit,withdrawals,CHECKCARD 0403 RUTGERS UNIVERSITY 848-4453500 NJ 24789304094388401542229,04/04/24 CHECKCARD 0403 RUTGERS UNIVERSITY 848-4453500 NJ 24789304094388401542229,"March 19, 2024","April 17, 2024",2061,eStmt_2024-04-17.pdf,"[""04/04/24 CHECKCARD  0403 RUTGERS UNIVERSITY 848-4453500  NJ 24789304094388401542229 -20.00""]"
2024-04-05,04/05/24,-10.00,-1000,debit,withdrawals,PURCHASE 0403 CG LAUNDRY RUTGERS COLL 804-7846100 NJ,04/05/24 PURCHASE 0403 CG LAUNDRY RUTGERS COLL 804-7846100 NJ,"March 19, 2024","April 17, 2024",2061,eStmt_2024-04-17.pdf,"[""04/05/24 PURCHASE   0403 CG LAUNDRY RUTGERS COLL 804-7846100  NJ -10.00""]"
2024-04-08,04/08/24,-25.00,-2500,debit,withdrawals,PMNT SENT 0407 APPLE CASH SENT MONEY 1INFINITELOOPCA,04/08/24 PMNT SENT 0407 APPLE CASH SENT MONEY 1INFINITELOOPCA,"March 19, 2024","April 17, 2024",2061,eStmt_2024-04-17.pdf,"[""04/08/24 PMNT SENT  0407 APPLE CASH SENT MONEY 1INFINITELOOPCA -25.00""]"
2024-04-08,04/08/24,-24.70,-2470,debit,withdrawals,"PURCHASE 0407 Groupon, Inc. groupon.com IL","04/08/24 PURCHASE 0407 Groupon, Inc. groupon.com IL","March 19, 2024","April 17, 2024",2061,eStmt_2024-04-17.pdf,"[""04/08/24 PURCHASE   0407 Groupon, Inc. groupon.com  IL -24.70""]"
2024-04-08,04/08/24,-20.04,-2004,debit,withdrawals,PURCHASE 0406 PAYPAL *BRICKELLPLA SAN JOSE CA,04/08/24 PURCHASE 0406 PAYPAL *BRICKELLPLA SAN JOSE CA,"March 19, 2024","April 17, 2024",2061,eStmt_2024-04-17.pdf,"[""04/08/24 PURCHASE   0406 PAYPAL *BRICKELLPLA SAN JOSE     CA -20.04""]"
2024-04-08,04/08/24,-10.00,-1000,debit,other_subtractions,VENMO DES:PAYMENT ID:1033591376470 INDN:MOUSTAFA NASR CO ID:3264681992 WEB,04/08/24 VENMO DES:PAYMENT ID:1033591376470 INDN:MOUSTAFA NASR CO ID:3264681992 WEB,"March 19, 2024","April 17, 2024",2061,eStmt_2024-04-17.pdf,"[""04/08/24 VENMO            DES:PAYMENT    ID:1033591376470  INDN:MOUSTAFA NASR           CO"", ""ID:3264681992 WEB-10.00""]"
2024-04-09,04/09/24,-34.00,-3400,debit,withdrawals,PMNT SENT 0408 APPLE CASH BALANCE ADD 877-233-8552 CA,04/09/24 PMNT SENT 0408 APPLE CASH BALANCE ADD 877-233-8552 CA,"March 19, 2024","April 17, 2024",2061,eStmt_2024-04-17.pdf,"[""04/09/24 PMNT SENT  0408 APPLE CASH BALANCE ADD 877-233-8552 CA -34.00""]"
2024-04-09,04/09/24,-12.27,-1227,debit,withdrawals,MOBILE PURCHASE 0408 R U HUNGRY NEW BRUNSWICKNJ,04/09/24 MOBILE PURCHASE 0408 R U HUNGRY NEW BRUNSWICKNJ,"March 19, 2024","April 17, 2024",2061,eStmt_2024-04-17.pdf,"[""04/09/24 MOBILE PURCHASE 0408  R U HUNGRY NEW BRUNSWICKNJ -12.27""]"
2024-04-09,04/09/24,25.00,2500,credit,deposits,Online Banking transfer from CHK 3765 Confirmation# 7770734648,04/09/24 Online Banking transfer from CHK 3765 Confirmation# 7770734648,"March 19, 2024","April 17, 2024",2061,eStmt_2024-04-17.pdf,"[""04/09/24 Online Banking transfer from CHK 3765 Confirmation# 7770734648 25.00""]"
2024-04-10,04/10/24,-23.46,-2346,debit,withdrawals,MOBILE PURCHASE 0409 CHIPOTLE 1256 NEW BRUNSWICKNJ,04/10/24 MOBILE PURCHASE 0409 CHIPOTLE 1256 NEW BRUNSWICKNJ,"March 19, 2024","April 17, 2024",2061,eStmt_2024-04-17.pdf,"[""04/10/24 MOBILE PURCHASE 0409  CHIPOTLE 1256 NEW BRUNSWICKNJ -23.46""]"
2024-04-10,04/10/24,50.00,5000,credit,deposits,Zelle payment from MARYAM NASR Conf# cht74nzmk,04/10/24 Zelle payment from MARYAM NASR Conf# cht74nzmk,"March 19, 2024","April 17, 2024",2061,eStmt_2024-04-17.pdf,"[""04/10/24 Zelle payment from MARYAM NASR Conf# cht74nzmk 50.00""]"
2024-04-11,04/11/24,-10.10,-1010,debit,withdrawals,PMNT SENT 0410 APPLE CASH BALANCE ADD 877-233-8552 CA,04/11/24 PMNT SENT 0410 APPLE CASH BALANCE ADD 877-233-8552 CA,"March 19, 2024","April 17, 2024",2061,eStmt_2024-04-17.pdf,"[""04/11/24 PMNT SENT  0410 APPLE CASH BALANCE ADD 877-233-8552 CA -10.10""]"
2024-04-11,04/11/24,-10.00,-1000,debit,other_subtractions,VENMO DES:PAYMENT ID:1033689168737 INDN:MOUSTAFA NASR CO ID:3264681992 WEB,04/11/24 VENMO DES:PAYMENT ID:1033689168737 INDN:MOUSTAFA NASR CO ID:3264681992 WEB,"March 19, 2024","April 17, 2024",2061,eStmt_2024-04-17.pdf,"[""04/11/24 VENMO            DES:PAYMENT    ID:1033689168737  INDN:MOUSTAFA NASR           CO"", ""ID:3264681992 WEB-10.00""]"
2024-04-12,04/12/24,-15.50,-1550,debit,withdrawals,PURCHASE 0411 PAYPAL *NJ TRANSIT 402-935-7733 NJ,04/12/24 PURCHASE 0411 PAYPAL *NJ TRANSIT 402-935-7733 NJ,"March 19, 2024","April 17, 2024",2061,eStmt_2024-04-17.pdf,"[""04/12/24 PURCHASE   0411 PAYPAL *NJ TRANSIT 402-935-7733 NJ -15.50""]"
2024-04-12,04/12/24,-4.99,-499,debit,withdrawals,PURCHASE 0409 PAYPAL *WALMART COM 800-925-6278 CA,04/12/24 PURCHASE 0409 PAYPAL *WALMART COM 800-925-6278 CA,"March 19, 2024","April 17, 2024",2061,eStmt_2024-04-17.pdf,"[""04/12/24 PURCHASE   0409 PAYPAL *WALMART COM 800-925-6278 CA -4.99""]"
2024-04-15,04/15/24,-22.97,-2297,debit,withdrawals,MOBILE PURCHASE 0412 TST* TACORIA- PRINCETON PRINCETON NJ,04/15/24 MOBILE PURCHASE 0412 TST* TACORIA- PRINCETON PRINCETON NJ,"March 19, 2024","April 17, 2024",2061,eStmt_2024-04-17.pdf,"[""04/15/24 MOBILE PURCHASE 0412  TST* TACORIA- PRINCETON PRINCETON    NJ -22.97""]"
2024-04-15,04/15/24,-12.50,-1250,debit,withdrawals,MOBILE PURCHASE 0414 OLO 110 honeygrow Rut New BrunswickNJ,04/15/24 MOBILE PURCHASE 0414 OLO 110 honeygrow Rut New BrunswickNJ,"March 19, 2024","April 17, 2024",2061,eStmt_2024-04-17.pdf,"[""04/15/24 MOBILE PURCHASE 0414  OLO 110 honeygrow Rut New BrunswickNJ -12.50""]"
2024-04-15,04/15/24,13.61,1361,credit,deposits,APPLE CASH DES:BANK XFER ID:Moustafa Nasr INDN:Moustafa Nasr CO ID:6192912998 WEB,04/15/24 APPLE CASH DES:BANK XFER ID:Moustafa Nasr INDN:Moustafa Nasr CO ID:6192912998 WEB,"March 19, 2024","April 17, 2024",2061,eStmt_2024-04-17.pdf,"[""04/15/24 APPLE CASH       DES:BANK XFER  ID:Moustafa  Nasr  INDN:Moustafa  Nasr          CO"", ""ID:6192912998 WEB13.61""]"
2024-04-15,04/15/24,50.00,5000,credit,deposits,Zelle payment from MOHAMED NASR Conf# en1pzjupw,04/15/24 Zelle payment from MOHAMED NASR Conf# en1pzjupw,"March 19, 2024","April 17, 2024",2061,eStmt_2024-04-17.pdf,"[""04/15/24 Zelle payment from MOHAMED NASR Conf# en1pzjupw 50.00""]"
2024-04-15,04/15/24,300.00,30000,credit,deposits,Online Banking transfer from CHK 3765 Confirmation# 7804062134,04/15/24 Online Banking transfer from CHK 3765 Confirmation# 7804062134,"March 19, 2024","April 17, 2024",2061,eStmt_2024-04-17.pdf,"[""04/15/24 Online Banking transfer from CHK 3765 Confirmation# 7804062134 300.00""]"
2024-04-16,04/16/24,-11.20,-1120,debit,withdrawals,MOBILE PURCHASE 0414 TST* EL JEFES TAQUERIA NEW BRUNSWICKNJ,04/16/24 MOBILE PURCHASE 0414 TST* EL JEFES TAQUERIA NEW BRUNSWICKNJ,"March 19, 2024","April 17, 2024",2061,eStmt_2024-04-17.pdf,"[""04/16/24 MOBILE PURCHASE 0414  TST* EL JEFES TAQUERIA NEW BRUNSWICKNJ -11.20""]"
2024-04-18,04/18/24,-10.15,-1015,debit,withdrawals,MOBILE PURCHASE 0417 CHINA MOON SOMERSET NJ,04/18/24 MOBILE PURCHASE 0417 CHINA MOON SOMERSET NJ,"April 18, 2024","May 17, 2024",2061,eStmt_2024-05-17.pdf,"[""04/18/24 MOBILE PURCHASE 0417  CHINA MOON SOMERSET     NJ -10.15""]"
2024-04-19,04/19/24,-13.00,-1300,debit,withdrawals,PURCHASE 0418 LYFT *RIDE WED 11AM LYFT.COM CA,04/19/24 PURCHASE 0418 LYFT *RIDE WED 11AM LYFT.COM CA,"April 18, 2024","May 17, 2024",2061,eStmt_2024-05-17.pdf,"[""04/19/24 PURCHASE   0418 LYFT   *RIDE WED 11AM LYFT.COM     CA -13.00""]"
2024-04-19,04/19/24,-10.66,-1066,debit,withdrawals,MOBILE PURCHASE 0417 TST* NIRVANIS INDIAN KI Somerset NJ,04/19/24 MOBILE PURCHASE 0417 TST* NIRVANIS INDIAN KI Somerset NJ,"April 18, 2024","May 17, 2024",2061,eStmt_2024-05-17.pdf,"[""04/19/24 MOBILE PURCHASE 0417  TST* NIRVANIS INDIAN KI Somerset     NJ -10.66""]"
2024-04-22,04/22/24,-28.30,-2830,debit,withdrawals,MOBILE PURCHASE 0420 KINOKUNIYA BOOKSTORES NEW YORK NY,04/22/24 MOBILE PURCHASE 0420 KINOKUNIYA BOOKSTORES NEW YORK NY,"April 18, 2024","May 17, 2024",2061,eStmt_2024-05-17.pdf,"[""04/22/24 MOBILE PURCHASE 0420  KINOKUNIYA BOOKSTORES NEW YORK     NY -28.30""]"
2024-04-22,04/22/24,-28.00,-2800,debit,withdrawals,PURCHASE 0420 NJT RAIL MY-TIX 973-378-6339 NJ,04/22/24 PURCHASE 0420 NJT RAIL MY-TIX 973-378-6339 NJ,"April 18, 2024","May 17, 2024",2061,eStmt_2024-05-17.pdf,"[""04/22/24 PURCHASE   0420 NJT RAIL MY-TIX 973-378-6339 NJ -28.00""]"
2024-04-22,04/22/24,-17.40,-1740,debit,withdrawals,MOBILE PURCHASE 0420 KINOKUNIYA BOOKSTORES NEW YORK NY,04/22/24 MOBILE PURCHASE 0420 KINOKUNIYA BOOKSTORES NEW YORK NY,"April 18, 2024","May 17, 2024",2061,eStmt_2024-05-17.pdf,"[""04/22/24 MOBILE PURCHASE 0420  KINOKUNIYA BOOKSTORES NEW YORK     NY -17.40""]"
2024-04-22,04/22/24,-17.00,-1700,debit,withdrawals,PMNT SENT 0421 APPLE CASH BALANCE ADD 877-233-8552 CA,04/22/24 PMNT SENT 0421 APPLE CASH BALANCE ADD 877-233-8552 CA,"April 18, 2024","May 17, 2024",2061,eStmt_2024-05-17.pdf,"[""04/22/24 PMNT SENT  0421 APPLE CASH BALANCE ADD 877-233-8552 CA -17.00""]"
2024-04-22,04/22/24,-9.58,-958,debit,withdrawals,MOBILE PURCHASE 0420 TST* WASABI SUSHI & BEN New York NY,04/22/24 MOBILE PURCHASE 0420 TST* WASABI SUSHI & BEN New York NY,"April 18, 2024","May 17, 2024",2061,eStmt_2024-05-17.pdf,"[""04/22/24 MOBILE PURCHASE 0420  TST* WASABI SUSHI & BEN New York     NY -9.58""]"
2024-04-22,04/22/24,-6.53,-653,debit,withdrawals,MOBILE PURCHASE 0420 SQ *LA COLOMBE - BRYANT New York NY,04/22/24 MOBILE PURCHASE 0420 SQ *LA COLOMBE - BRYANT New York NY,"April 18, 2024","May 17, 2024",2061,eStmt_2024-05-17.pdf,"[""04/22/24 MOBILE PURCHASE 0420  SQ *LA COLOMBE - BRYANT New York     NY -6.53""]"
2024-04-22,04/22/24,-5.93,-593,debit,withdrawals,MOBILE PURCHASE 0419 SNACK* TJS CAFE NEW BR 186-68682146 CA,04/22/24 MOBILE PURCHASE 0419 SNACK* TJS CAFE NEW BR 186-68682146 CA,"April 18, 2024","May 17, 2024",2061,eStmt_2024-05-17.pdf,"[""04/22/24 MOBILE PURCHASE 0419  SNACK* TJS CAFE NEW BR 186-68682146 CA -5.93""]"
2024-04-22,04/22/24,-5.50,-550,debit,withdrawals,PURCHASE 0421 NJT RAIL MY-TIX 973-378-6339 NJ,04/22/24 PURCHASE 0421 NJT RAIL MY-TIX 973-378-6339 NJ,"April 18, 2024","May 17, 2024",2061,eStmt_2024-05-17.pdf,"[""04/22/24 PURCHASE   0421 NJT RAIL MY-TIX 973-378-6339 NJ -5.50""]"
2024-04-22,04/22/24,-3.27,-327,debit,withdrawals,MOBILE PURCHASE 0420 99 CENTS DELICIOUS PIZZ NEW YORK NY,04/22/24 MOBILE PURCHASE 0420 99 CENTS DELICIOUS PIZZ NEW YORK NY,"April 18, 2024","May 17, 2024",2061,eStmt_2024-05-17.pdf,"[""04/22/24 MOBILE PURCHASE 0420  99 CENTS DELICIOUS PIZZ NEW YORK     NY -3.27""]"
2024-04-22,04/22/24,-3.00,-300,debit,withdrawals,"PMNT SENT 0421 APPLE CASH SENT MONEY 877-233-8552 CA continued on the next page MOUSTAFA MOHAMED NASR ! Account # 3810 6904 2061 ! April 18, 2024 to May 17, 2024","04/22/24 PMNT SENT 0421 APPLE CASH SENT MONEY 877-233-8552 CA continued on the next page MOUSTAFA MOHAMED NASR ! Account # 3810 6904 2061 ! April 18, 2024 to May 17, 2024","April 18, 2024","May 17, 2024",2061,eStmt_2024-05-17.pdf,"[""04/22/24 PMNT SENT  0421 APPLE CASH SENT MONEY 877-233-8552 CA -3.00"", ""continued on the next page"", ""MOUSTAFA MOHAMED NASR   !   Account # 3810 6904 2061   !   April 18, 2024 to May 17, 2024""]"
2024-04-23,04/23/24,-22.49,-2249,debit,withdrawals,MOBILE PURCHASE 0421 MARUICHI JAPANESE FOOD PRINCETON NJ,04/23/24 MOBILE PURCHASE 0421 MARUICHI JAPANESE FOOD PRINCETON NJ,"April 18, 2024","May 17, 2024",2061,eStmt_2024-05-17.pdf,"[""04/23/24 MOBILE PURCHASE 0421  MARUICHI JAPANESE FOOD PRINCETON    NJ -22.49""]"
2024-04-24,04/24/24,-15.99,-1599,debit,withdrawals,MOBILE PURCHASE 0423 SQ *TUTA ICE CREAM New BrunswickNJ,04/24/24 MOBILE PURCHASE 0423 SQ *TUTA ICE CREAM New BrunswickNJ,"April 18, 2024","May 17, 2024",2061,eStmt_2024-05-17.pdf,"[""04/24/24 MOBILE PURCHASE 0423  SQ *TUTA ICE CREAM New BrunswickNJ -15.99""]"
2024-04-24,04/24/24,-11.20,-1120,debit,withdrawals,MOBILE PURCHASE 0423 TST* EL JEFES TAQUERIA NEW BRUNSWICKNJ,04/24/24 MOBILE PURCHASE 0423 TST* EL JEFES TAQUERIA NEW BRUNSWICKNJ,"April 18, 2024","May 17, 2024",2061,eStmt_2024-05-17.pdf,"[""04/24/24 MOBILE PURCHASE 0423  TST* EL JEFES TAQUERIA NEW BRUNSWICKNJ -11.20""]"
2024-04-24,04/24/24,-10.93,-1093,debit,withdrawals,MOBILE PURCHASE 0423 TST* EL JEFES TAQUERIA NEW BRUNSWICKNJ,04/24/24 MOBILE PURCHASE 0423 TST* EL JEFES TAQUERIA NEW BRUNSWICKNJ,"April 18, 2024","May 17, 2024",2061,eStmt_2024-05-17.pdf,"[""04/24/24 MOBILE PURCHASE 0423  TST* EL JEFES TAQUERIA NEW BRUNSWICKNJ -10.93""]"
2024-04-24,04/24/24,-5.99,-599,debit,withdrawals,PURCHASE 0423 SP CURIOUSPAPAYA HTTPSCURIOUSPCA,04/24/24 PURCHASE 0423 SP CURIOUSPAPAYA HTTPSCURIOUSPCA,"April 18, 2024","May 17, 2024",2061,eStmt_2024-05-17.pdf,"[""04/24/24 PURCHASE   0423 SP CURIOUSPAPAYA HTTPSCURIOUSPCA -5.99""]"
2024-04-25,04/25/24,-3.84,-384,debit,withdrawals,MOBILE PURCHASE 0424 TST* EL JEFES TAQUERIA NEW BRUNSWICKNJ,04/25/24 MOBILE PURCHASE 0424 TST* EL JEFES TAQUERIA NEW BRUNSWICKNJ,"April 18, 2024","May 17, 2024",2061,eStmt_2024-05-17.pdf,"[""04/25/24 MOBILE PURCHASE 0424  TST* EL JEFES TAQUERIA NEW BRUNSWICKNJ -3.84""]"
2024-04-25,04/25/24,-2.93,-293,debit,withdrawals,MOBILE PURCHASE 0424 TST* EL JEFES TAQUERIA NEW BRUNSWICKNJ,04/25/24 MOBILE PURCHASE 0424 TST* EL JEFES TAQUERIA NEW BRUNSWICKNJ,"April 18, 2024","May 17, 2024",2061,eStmt_2024-05-17.pdf,"[""04/25/24 MOBILE PURCHASE 0424  TST* EL JEFES TAQUERIA NEW BRUNSWICKNJ -2.93""]"
2024-04-26,04/26/24,-6.38,-638,debit,withdrawals,PURCHASE 0425 SPOTIFY 877-778-1161 NY,04/26/24 PURCHASE 0425 SPOTIFY 877-778-1161 NY,"April 18, 2024","May 17, 2024",2061,eStmt_2024-05-17.pdf,"[""04/26/24 PURCHASE   0425 SPOTIFY 877-778-1161 NY -6.38""]"
2024-04-26,04/26/24,-1.19,-119,debit,withdrawals,MOBILE PURCHASE 0424 Smashville Hot Chicken New BrunswickNJ,04/26/24 MOBILE PURCHASE 0424 Smashville Hot Chicken New BrunswickNJ,"April 18, 2024","May 17, 2024",2061,eStmt_2024-05-17.pdf,"[""04/26/24 MOBILE PURCHASE 0424  Smashville Hot Chicken New BrunswickNJ -1.19""]"
2024-04-26,04/26/24,-0.50,-50,debit,withdrawals,MOBILE PURCHASE 0424 CAFE WEST NEW BRUNSWICKNJ,04/26/24 MOBILE PURCHASE 0424 CAFE WEST NEW BRUNSWICKNJ,"April 18, 2024","May 17, 2024",2061,eStmt_2024-05-17.pdf,"[""04/26/24 MOBILE PURCHASE 0424  CAFE WEST NEW BRUNSWICKNJ -0.50""]"
2024-04-29,04/29/24,-29.86,-2986,debit,withdrawals,PURCHASE 0427 DD *DOORDASH FOURSEASO WWW.DOORDASH.CA,04/29/24 PURCHASE 0427 DD *DOORDASH FOURSEASO WWW.DOORDASH.CA,"April 18, 2024","May 17, 2024",2061,eStmt_2024-05-17.pdf,"[""04/29/24 PURCHASE   0427 DD *DOORDASH FOURSEASO WWW.DOORDASH.CA -29.86""]"
2024-04-29,04/29/24,-26.67,-2667,debit,withdrawals,PURCHASE 0428 DD DOORDASH MCDONALDS 855-973-1040 CA,04/29/24 PURCHASE 0428 DD DOORDASH MCDONALDS 855-973-1040 CA,"April 18, 2024","May 17, 2024",2061,eStmt_2024-05-17.pdf,"[""04/29/24 PURCHASE   0428 DD DOORDASH MCDONALDS 855-973-1040 CA -26.67""]"
2024-04-29,04/29/24,-10.00,-1000,debit,withdrawals,PURCHASE 0427 CG LAUNDRY RUTGERS COLL 804-7846100 NJ,04/29/24 PURCHASE 0427 CG LAUNDRY RUTGERS COLL 804-7846100 NJ,"April 18, 2024","May 17, 2024",2061,eStmt_2024-05-17.pdf,"[""04/29/24 PURCHASE   0427 CG LAUNDRY RUTGERS COLL 804-7846100  NJ -10.00""]"
2024-04-29,04/29/24,-8.39,-839,debit,withdrawals,MOBILE PURCHASE 0427 AUNTIE ANNE'S NJ209 TRENTON NJ,04/29/24 MOBILE PURCHASE 0427 AUNTIE ANNE'S NJ209 TRENTON NJ,"April 18, 2024","May 17, 2024",2061,eStmt_2024-05-17.pdf,"[""04/29/24 MOBILE PURCHASE 0427  AUNTIE ANNE'S NJ209 TRENTON      NJ -8.39""]"
2024-04-29,04/29/24,-7.75,-775,debit,withdrawals,PURCHASE 0427 NJT RAIL MY-TIX 973-378-6339 NJ,04/29/24 PURCHASE 0427 NJT RAIL MY-TIX 973-378-6339 NJ,"April 18, 2024","May 17, 2024",2061,eStmt_2024-05-17.pdf,"[""04/29/24 PURCHASE   0427 NJT RAIL MY-TIX 973-378-6339 NJ -7.75""]"
2024-04-29,04/29/24,-6.42,-642,debit,withdrawals,MOBILE PURCHASE 0426 SNACK* AKIHI BUBBLE TE 186-68682146 CA,04/29/24 MOBILE PURCHASE 0426 SNACK* AKIHI BUBBLE TE 186-68682146 CA,"April 18, 2024","May 17, 2024",2061,eStmt_2024-05-17.pdf,"[""04/29/24 MOBILE PURCHASE 0426  SNACK* AKIHI BUBBLE TE 186-68682146 CA -6.42""]"
2024-04-29,04/29/24,15.18,1518,credit,deposits,APPLE CASH DES:BANK XFER ID:Moustafa Nasr INDN:Moustafa Nasr CO ID:6192912998 WEB,04/29/24 APPLE CASH DES:BANK XFER ID:Moustafa Nasr INDN:Moustafa Nasr CO ID:6192912998 WEB,"April 18, 2024","May 17, 2024",2061,eStmt_2024-05-17.pdf,"[""04/29/24 APPLE CASH       DES:BANK XFER  ID:Moustafa  Nasr  INDN:Moustafa  Nasr          CO"", ""ID:6192912998 WEB15.18""]"
2024-04-30,04/30/24,-6.38,-638,debit,withdrawals,PURCHASE 0429 AMZN Mktp US*U33V99KO3 Amzn.com/billWA,04/30/24 PURCHASE 0429 AMZN Mktp US*U33V99KO3 Amzn.com/billWA,"April 18, 2024","May 17, 2024",2061,eStmt_2024-05-17.pdf,"[""04/30/24 PURCHASE   0429 AMZN Mktp US*U33V99KO3 Amzn.com/billWA -6.38""]"
2024-05-02,05/02/24,-21.31,-2131,debit,withdrawals,PURCHASE 0501 APPLE.COM/BILL 800-275-2273 CA,05/02/24 PURCHASE 0501 APPLE.COM/BILL 800-275-2273 CA,"April 18, 2024","May 17, 2024",2061,eStmt_2024-05-17.pdf,"[""05/02/24 PURCHASE   0501 APPLE.COM/BILL 800-275-2273 CA -21.31""]"
2024-05-02,05/02/24,30.00,3000,credit,deposits,Online Banking transfer from CHK 3765 Confirmation# 7968508729,05/02/24 Online Banking transfer from CHK 3765 Confirmation# 7968508729,"April 18, 2024","May 17, 2024",2061,eStmt_2024-05-17.pdf,"[""05/02/24 Online Banking transfer from CHK 3765 Confirmation# 7968508729 30.00""]"
2024-05-03,05/03/24,-8.86,-886,debit,withdrawals,PURCHASE 0502 LYFT *RIDE THU 1PM LYFT.COM CA,05/03/24 PURCHASE 0502 LYFT *RIDE THU 1PM LYFT.COM CA,"April 18, 2024","May 17, 2024",2061,eStmt_2024-05-17.pdf,"[""05/03/24 PURCHASE   0502 LYFT   *RIDE THU 1PM LYFT.COM     CA -8.86""]"
2024-05-06,05/06/24,-22.77,-2277,debit,withdrawals,PURCHASE 0503 DD DOORDASH KNIGHTSEX 855-973-1040 CA,05/06/24 PURCHASE 0503 DD DOORDASH KNIGHTSEX 855-973-1040 CA,"April 18, 2024","May 17, 2024",2061,eStmt_2024-05-17.pdf,"[""05/06/24 PURCHASE   0503 DD DOORDASH KNIGHTSEX 855-973-1040 CA -22.77""]"
2024-05-06,05/06/24,-20.88,-2088,debit,withdrawals,PURCHASE 0505 DD DOORDASH LITTLECAE 855-973-1040 CA,05/06/24 PURCHASE 0505 DD DOORDASH LITTLECAE 855-973-1040 CA,"April 18, 2024","May 17, 2024",2061,eStmt_2024-05-17.pdf,"[""05/06/24 PURCHASE   0505 DD DOORDASH LITTLECAE 855-973-1040 CA -20.88""]"
2024-05-06,05/06/24,-13.94,-1394,debit,withdrawals,MOBILE PURCHASE 0504 R U HUNGRY NEW BRUNSWICKNJ,05/06/24 MOBILE PURCHASE 0504 R U HUNGRY NEW BRUNSWICKNJ,"April 18, 2024","May 17, 2024",2061,eStmt_2024-05-17.pdf,"[""05/06/24 MOBILE PURCHASE 0504  R U HUNGRY NEW BRUNSWICKNJ -13.94""]"
2024-05-06,05/06/24,-8.99,-899,debit,withdrawals,PURCHASE 0503 LYFT *RIDE THU 3PM LYFT.COM CA,05/06/24 PURCHASE 0503 LYFT *RIDE THU 3PM LYFT.COM CA,"April 18, 2024","May 17, 2024",2061,eStmt_2024-05-17.pdf,"[""05/06/24 PURCHASE   0503 LYFT   *RIDE THU 3PM LYFT.COM     CA -8.99""]"
2024-05-06,05/06/24,-0.93,-93,debit,withdrawals,PURCHASE 0503 DD DOORDASH NOODLEGOU 855-973-1040 CA,05/06/24 PURCHASE 0503 DD DOORDASH NOODLEGOU 855-973-1040 CA,"April 18, 2024","May 17, 2024",2061,eStmt_2024-05-17.pdf,"[""05/06/24 PURCHASE   0503 DD DOORDASH NOODLEGOU 855-973-1040 CA -0.93""]"
2024-05-06,05/06/24,2.80,280,credit,deposits,Zelle payment from ANDREW RAMOS Conf# 0IM54JSSH,05/06/24 Zelle payment from ANDREW RAMOS Conf# 0IM54JSSH,"April 18, 2024","May 17, 2024",2061,eStmt_2024-05-17.pdf,"[""05/06/24 Zelle payment from  ANDREW RAMOS Conf# 0IM54JSSH 2.80""]"
2024-05-06,05/06/24,13.75,1375,credit,deposits,APPLE CASH INS 05/04 #000110923 PMNT RCVD APPLE CASH INST X CUPERTINO CA,05/06/24 APPLE CASH INS 05/04 #000110923 PMNT RCVD APPLE CASH INST X CUPERTINO CA,"April 18, 2024","May 17, 2024",2061,eStmt_2024-05-17.pdf,"[""05/06/24 APPLE CASH INS  05/04 #000110923 PMNT RCVD APPLE CASH INST X  CUPERTINO     CA 13.75""]"
2024-05-07,05/07/24,10.00,1000,credit,deposits,Online Banking transfer from CHK 3765 Confirmation# 7313086599,05/07/24 Online Banking transfer from CHK 3765 Confirmation# 7313086599,"April 18, 2024","May 17, 2024",2061,eStmt_2024-05-17.pdf,"[""05/07/24 Online Banking transfer from CHK 3765 Confirmation# 7313086599 10.00""]"
2024-05-09,05/09/24,-7.80,-780,debit,withdrawals,MOBILE PURCHASE 0508 R U HUNGRY NEW BRUNSWICKNJ,05/09/24 MOBILE PURCHASE 0508 R U HUNGRY NEW BRUNSWICKNJ,"April 18, 2024","May 17, 2024",2061,eStmt_2024-05-17.pdf,"[""05/09/24 MOBILE PURCHASE 0508  R U HUNGRY NEW BRUNSWICKNJ -7.80""]"
2024-05-15,05/15/24,2400.00,240000,credit,deposits,BKOFAMERICA ATM 05/15 #000007045 DEPOSIT RIO GRANDE RIO GRANDE NJ,05/15/24 BKOFAMERICA ATM 05/15 #000007045 DEPOSIT RIO GRANDE RIO GRANDE NJ,"April 18, 2024","May 17, 2024",2061,eStmt_2024-05-17.pdf,"[""05/15/24 BKOFAMERICA ATM 05/15 #000007045 DEPOSIT RIO GRANDE         RIO GRANDE    NJ 2,400.00""]"
2024-05-16,05/16/24,-1500.00,-150000,debit,withdrawals,BKOFAMERICA ATM 05/15 #000004379 WITHDRWL PATERSON-MAIN PATERSON NJ,05/16/24 BKOFAMERICA ATM 05/15 #000004379 WITHDRWL PATERSON-MAIN PATERSON NJ,"April 18, 2024","May 17, 2024",2061,eStmt_2024-05-17.pdf,"[""05/16/24 BKOFAMERICA ATM 05/15 #000004379 WITHDRWL PATERSON-MAIN      PATERSON      NJ -1,500.00""]"
2024-05-16,05/16/24,-200.00,-20000,debit,other_subtractions,Zelle payment to Dad Conf# or0fdqqxr,05/16/24 Zelle payment to Dad Conf# or0fdqqxr,"April 18, 2024","May 17, 2024",2061,eStmt_2024-05-17.pdf,"[""05/16/24 Zelle payment to  Dad Conf# or0fdqqxr -200.00""]"
2024-05-20,05/20/24,-90.00,-9000,debit,withdrawals,MARSHALLS 11 C 05/18 #000034919 MOBILE PURCHASE MARSHALLS 11 COUR CAPE MAY NJ,05/20/24 MARSHALLS 11 C 05/18 #000034919 MOBILE PURCHASE MARSHALLS 11 COUR CAPE MAY NJ,"May 18, 2024","June 14, 2024",2061,eStmt_2024-06-14.pdf,"[""05/20/24 MARSHALLS 11 C  05/18 #000034919 MOBILE PURCHASE MARSHALLS 11 COUR  CAPE MAY"", ""NJ-90.00""]"
2024-05-20,05/20/24,-30.00,-3000,debit,other_subtractions,VENMO DES:PAYMENT ID:1034482634664 INDN:MOUSTAFA NASR CO ID:3264681992 WEB,05/20/24 VENMO DES:PAYMENT ID:1034482634664 INDN:MOUSTAFA NASR CO ID:3264681992 WEB,"May 18, 2024","June 14, 2024",2061,eStmt_2024-06-14.pdf,"[""05/20/24 VENMO            DES:PAYMENT    ID:1034482634664  INDN:MOUSTAFA NASR           CO"", ""ID:3264681992 WEB-30.00""]"
2024-05-20,05/20/24,40.00,4000,credit,deposits,Zelle payment from MOHAMED NASR Conf# lqsgcq4dc,05/20/24 Zelle payment from MOHAMED NASR Conf# lqsgcq4dc,"May 18, 2024","June 14, 2024",2061,eStmt_2024-06-14.pdf,"[""05/20/24 Zelle payment from MOHAMED NASR Conf# lqsgcq4dc 40.00""]"
2024-05-21,05/21/24,-9.99,-999,debit,withdrawals,PURCHASE 0521 DOORDASH DASHPASS WWW.DOORDASH.CA,05/21/24 PURCHASE 0521 DOORDASH DASHPASS WWW.DOORDASH.CA,"May 18, 2024","June 14, 2024",2061,eStmt_2024-06-14.pdf,"[""05/21/24 PURCHASE   0521 DOORDASH DASHPASS WWW.DOORDASH.CA -9.99""]"
2024-05-22,05/22/24,-42.08,-4208,debit,withdrawals,CHECKCARD 0520 PK FUEL UNION UNION NJ 24055224143839000406644,05/22/24 CHECKCARD 0520 PK FUEL UNION UNION NJ 24055224143839000406644,"May 18, 2024","June 14, 2024",2061,eStmt_2024-06-14.pdf,"[""05/22/24 CHECKCARD  0520 PK FUEL UNION UNION        NJ 24055224143839000406644 -42.08""]"
2024-05-23,05/23/24,-17.01,-1701,debit,withdrawals,CHECKCARD 0523 CHEGG ORDER 855-440-1323 CA 24492154144745691137027,05/23/24 CHECKCARD 0523 CHEGG ORDER 855-440-1323 CA 24492154144745691137027,"May 18, 2024","June 14, 2024",2061,eStmt_2024-06-14.pdf,"[""05/23/24 CHECKCARD  0523 CHEGG  ORDER 855-440-1323 CA 24492154144745691137027 -17.01""]"
2024-05-23,05/23/24,729.99,72999,credit,deposits,PURCHASE REFUND 0521 DOORDASH DASHPASS WWW.DOORDASH.CA 240113441430000627224,05/23/24 PURCHASE REFUND 0521 DOORDASH DASHPASS WWW.DOORDASH.CA 240113441430000627224,"May 18, 2024","June 14, 2024",2061,eStmt_2024-06-14.pdf,"[""05/23/24 PURCHASE REFUND 0521  DOORDASH DASHPASS WWW.DOORDASH.CA"", ""240113441430000627224729.99""]"
2024-05-28,05/28/24,-16.50,-1650,debit,withdrawals,MOBILE PURCHASE 0524 ANTHONY FRANCOS PIZZA - BUTLER NJ,05/28/24 MOBILE PURCHASE 0524 ANTHONY FRANCOS PIZZA - BUTLER NJ,"May 18, 2024","June 14, 2024",2061,eStmt_2024-06-14.pdf,"[""05/28/24 MOBILE PURCHASE 0524  ANTHONY FRANCOS PIZZA - BUTLER       NJ -16.50""]"
2024-05-28,05/28/24,-6.38,-638,debit,withdrawals,PURCHASE 0525 SPOTIFY 877-778-1161 NY,05/28/24 PURCHASE 0525 SPOTIFY 877-778-1161 NY,"May 18, 2024","June 14, 2024",2061,eStmt_2024-06-14.pdf,"[""05/28/24 PURCHASE   0525 SPOTIFY 877-778-1161 NY -6.38""]"
2024-05-29,05/29/24,-22.68,-2268,debit,withdrawals,PURCHASE 0528 DD DOORDASH PAPAJOHNS 855-973-1040 CA,05/29/24 PURCHASE 0528 DD DOORDASH PAPAJOHNS 855-973-1040 CA,"May 18, 2024","June 14, 2024",2061,eStmt_2024-06-14.pdf,"[""05/29/24 PURCHASE   0528 DD DOORDASH PAPAJOHNS 855-973-1040 CA -22.68""]"
2024-05-30,05/30/24,-15.48,-1548,debit,withdrawals,PURCHASE 0529 DD DOORDASH QUICKSFOO 855-973-1040 CA,05/30/24 PURCHASE 0529 DD DOORDASH QUICKSFOO 855-973-1040 CA,"May 18, 2024","June 14, 2024",2061,eStmt_2024-06-14.pdf,"[""05/30/24 PURCHASE   0529 DD DOORDASH QUICKSFOO 855-973-1040 CA -15.48""]"
2024-05-30,05/30/24,-14.43,-1443,debit,withdrawals,PURCHASE 0530 AMZN Mktp US*VL5V71K03 Amzn.com/billWA,05/30/24 PURCHASE 0530 AMZN Mktp US*VL5V71K03 Amzn.com/billWA,"May 18, 2024","June 14, 2024",2061,eStmt_2024-06-14.pdf,"[""05/30/24 PURCHASE   0530 AMZN Mktp US*VL5V71K03 Amzn.com/billWA -14.43""]"
2024-05-30,05/30/24,-10.00,-1000,debit,withdrawals,"PMNT SENT 0529 APPLE CASH BALANCE ADD 877-233-8552 CA continued on the next page MOUSTAFA MOHAMED NASR ! Account # 3810 6904 2061 ! May 18, 2024 to June 14, 2024","05/30/24 PMNT SENT 0529 APPLE CASH BALANCE ADD 877-233-8552 CA continued on the next page MOUSTAFA MOHAMED NASR ! Account # 3810 6904 2061 ! May 18, 2024 to June 14, 2024","May 18, 2024","June 14, 2024",2061,eStmt_2024-06-14.pdf,"[""05/30/24 PMNT SENT  0529 APPLE CASH BALANCE ADD 877-233-8552 CA -10.00"", ""continued on the next page"", ""MOUSTAFA MOHAMED NASR   !   Account # 3810 6904 2061   !   May 18, 2024 to June 14, 2024""]"
2024-05-30,05/30/24,622.36,62236,credit,deposits,137410 VIBRATION DES:DIR DEP ID:1747 INDN:MOUSTAFA M. NASR CO ID:2364227403 PPD,05/30/24 137410 VIBRATION DES:DIR DEP ID:1747 INDN:MOUSTAFA M. NASR CO ID:2364227403 PPD,"May 18, 2024","June 14, 2024",2061,eStmt_2024-06-14.pdf,"[""05/30/24 137410 VIBRATION DES:DIR DEP    ID:1747  INDN:MOUSTAFA M. NASR        CO ID:2364227403"", ""PPD622.36""]"
2024-05-31,05/31/24,-5.15,-515,debit,withdrawals,PURCHASE 0530 DD DOORDASH XINGWANGC 855-973-1040 CA,05/31/24 PURCHASE 0530 DD DOORDASH XINGWANGC 855-973-1040 CA,"May 18, 2024","June 14, 2024",2061,eStmt_2024-06-14.pdf,"[""05/31/24 PURCHASE   0530 DD DOORDASH XINGWANGC 855-973-1040 CA -5.15""]"
2024-06-03,06/03/24,-60.69,-6069,debit,withdrawals,CHECKCARD 0531 EXXON CHESNUT MARKET S SECAUCUS NJ 24692164152107309353726,06/03/24 CHECKCARD 0531 EXXON CHESNUT MARKET S SECAUCUS NJ 24692164152107309353726,"May 18, 2024","June 14, 2024",2061,eStmt_2024-06-14.pdf,"[""06/03/24 CHECKCARD  0531 EXXON CHESNUT MARKET S SECAUCUS     NJ 24692164152107309353726 -60.69""]"
2024-06-03,06/03/24,-25.00,-2500,debit,withdrawals,PMNT SENT 0602 APPLE CASH BALANCE ADD 877-233-8552 CA,06/03/24 PMNT SENT 0602 APPLE CASH BALANCE ADD 877-233-8552 CA,"May 18, 2024","June 14, 2024",2061,eStmt_2024-06-14.pdf,"[""06/03/24 PMNT SENT  0602 APPLE CASH BALANCE ADD 877-233-8552 CA -25.00""]"
2024-06-03,06/03/24,-21.31,-2131,debit,withdrawals,PURCHASE 0601 APPLE.COM/BILL 866-712-7753 CA,06/03/24 PURCHASE 0601 APPLE.COM/BILL 866-712-7753 CA,"May 18, 2024","June 14, 2024",2061,eStmt_2024-06-14.pdf,"[""06/03/24 PURCHASE   0601 APPLE.COM/BILL 866-712-7753 CA -21.31""]"
2024-06-03,06/03/24,-20.80,-2080,debit,withdrawals,WALGREENS STOR 06/01 #000462977 MOBILE PURCHASE WALGREENS STORE 4 HALEDON NJ,06/03/24 WALGREENS STOR 06/01 #000462977 MOBILE PURCHASE WALGREENS STORE 4 HALEDON NJ,"May 18, 2024","June 14, 2024",2061,eStmt_2024-06-14.pdf,"[""06/03/24 WALGREENS STOR  06/01 #000462977 MOBILE PURCHASE WALGREENS STORE 4  HALEDON"", ""NJ-20.80""]"
2024-06-03,06/03/24,-17.22,-1722,debit,withdrawals,PURCHASE 0531 DD DOORDASH CULCHA 855-973-1040 CA,06/03/24 PURCHASE 0531 DD DOORDASH CULCHA 855-973-1040 CA,"May 18, 2024","June 14, 2024",2061,eStmt_2024-06-14.pdf,"[""06/03/24 PURCHASE   0531 DD DOORDASH CULCHA 855-973-1040 CA -17.22""]"
2024-06-03,06/03/24,-12.42,-1242,debit,withdrawals,MOBILE PURCHASE 0601 10044 CAVA PARAMUS PARAMUS NJ,06/03/24 MOBILE PURCHASE 0601 10044 CAVA PARAMUS PARAMUS NJ,"May 18, 2024","June 14, 2024",2061,eStmt_2024-06-14.pdf,"[""06/03/24 MOBILE PURCHASE 0601  10044 CAVA PARAMUS PARAMUS      NJ -12.42""]"
2024-06-03,06/03/24,-8.88,-888,debit,withdrawals,ALDI 60060 06/01 #000575292 MOBILE PURCHASE ALDI 60060 HACKENSACK NJ,06/03/24 ALDI 60060 06/01 #000575292 MOBILE PURCHASE ALDI 60060 HACKENSACK NJ,"May 18, 2024","June 14, 2024",2061,eStmt_2024-06-14.pdf,"[""06/03/24 ALDI 60060      06/01 #000575292 MOBILE PURCHASE ALDI 60060         HACKENSACK    NJ -8.88""]"
2024-06-03,06/03/24,-3.21,-321,debit,withdrawals,MOBILE PURCHASE 0601 SQ *KICKSME LLC Paramus NJ,06/03/24 MOBILE PURCHASE 0601 SQ *KICKSME LLC Paramus NJ,"May 18, 2024","June 14, 2024",2061,eStmt_2024-06-14.pdf,"[""06/03/24 MOBILE PURCHASE 0601  SQ *KICKSME LLC Paramus      NJ -3.21""]"
2024-06-06,06/06/24,623.38,62338,credit,deposits,137410 VIBRATION DES:DIR DEP ID:1747 INDN:MOUSTAFA M. NASR CO ID:2364227403 PPD,06/06/24 137410 VIBRATION DES:DIR DEP ID:1747 INDN:MOUSTAFA M. NASR CO ID:2364227403 PPD,"May 18, 2024","June 14, 2024",2061,eStmt_2024-06-14.pdf,"[""06/06/24 137410 VIBRATION DES:DIR DEP    ID:1747  INDN:MOUSTAFA M. NASR        CO ID:2364227403"", ""PPD623.38""]"
2024-06-07,06/07/24,-62.91,-6291,debit,withdrawals,CHECKCARD 0606 SP SUPPLY.CO SUPPLYPROVISITX 24011344159000004044283,06/07/24 CHECKCARD 0606 SP SUPPLY.CO SUPPLYPROVISITX 24011344159000004044283,"May 18, 2024","June 14, 2024",2061,eStmt_2024-06-14.pdf,"[""06/07/24 CHECKCARD  0606 SP SUPPLY.CO SUPPLYPROVISITX 24011344159000004044283 -62.91""]"
2024-06-07,06/07/24,-3.59,-359,debit,withdrawals,MOBILE PURCHASE 0605 SUPER SUPERMARKET HALEDON NJ,06/07/24 MOBILE PURCHASE 0605 SUPER SUPERMARKET HALEDON NJ,"May 18, 2024","June 14, 2024",2061,eStmt_2024-06-14.pdf,"[""06/07/24 MOBILE PURCHASE 0605  SUPER SUPERMARKET HALEDON      NJ -3.59""]"
2024-06-07,06/07/24,20.00,2000,credit,deposits,Zelle payment from MOHAMED NASR Conf# bkv72lxuj,06/07/24 Zelle payment from MOHAMED NASR Conf# bkv72lxuj,"May 18, 2024","June 14, 2024",2061,eStmt_2024-06-14.pdf,"[""06/07/24 Zelle payment from MOHAMED NASR Conf# bkv72lxuj 20.00""]"
2024-06-10,06/10/24,-52.01,-5201,debit,withdrawals,CHECKCARD 0606 BLOOMINGDALE FUEL LLC BLOOMINGDALE NJ 24034544159001500191287,06/10/24 CHECKCARD 0606 BLOOMINGDALE FUEL LLC BLOOMINGDALE NJ 24034544159001500191287,"May 18, 2024","June 14, 2024",2061,eStmt_2024-06-14.pdf,"[""06/10/24 CHECKCARD  0606 BLOOMINGDALE FUEL LLC BLOOMINGDALE NJ 24034544159001500191287 -52.01""]"
2024-06-10,06/10/24,-44.98,-4498,debit,withdrawals,PURCHASE 0608 AMZN Mktp US*861JY4BT3 Amzn.com/billWA,06/10/24 PURCHASE 0608 AMZN Mktp US*861JY4BT3 Amzn.com/billWA,"May 18, 2024","June 14, 2024",2061,eStmt_2024-06-14.pdf,"[""06/10/24 PURCHASE   0608 AMZN Mktp US*861JY4BT3 Amzn.com/billWA -44.98""]"
2024-06-10,06/10/24,-25.17,-2517,debit,withdrawals,PURCHASE 0608 DD DOORDASH MUSCLEMAK 855-973-1040 CA,06/10/24 PURCHASE 0608 DD DOORDASH MUSCLEMAK 855-973-1040 CA,"May 18, 2024","June 14, 2024",2061,eStmt_2024-06-14.pdf,"[""06/10/24 PURCHASE   0608 DD DOORDASH MUSCLEMAK 855-973-1040 CA -25.17""]"
2024-06-10,06/10/24,-22.65,-2265,debit,withdrawals,PURCHASE 0608 AMZN Mktp US*VB4YF9PE3 Amzn.com/billWA,06/10/24 PURCHASE 0608 AMZN Mktp US*VB4YF9PE3 Amzn.com/billWA,"May 18, 2024","June 14, 2024",2061,eStmt_2024-06-14.pdf,"[""06/10/24 PURCHASE   0608 AMZN Mktp US*VB4YF9PE3 Amzn.com/billWA -22.65""]"
2024-06-10,06/10/24,-12.79,-1279,debit,withdrawals,WHOLEFDS CLA # 06/09 #000404655 MOBILE PURCHASE WHOLEFDS CLA #10 CLARK NJ,06/10/24 WHOLEFDS CLA # 06/09 #000404655 MOBILE PURCHASE WHOLEFDS CLA #10 CLARK NJ,"May 18, 2024","June 14, 2024",2061,eStmt_2024-06-14.pdf,"[""06/10/24 WHOLEFDS CLA #  06/09 #000404655 MOBILE PURCHASE WHOLEFDS CLA #10   CLARK         NJ -12.79""]"
2024-06-10,06/10/24,-10.54,-1054,debit,withdrawals,MOBILE PURCHASE 0609 TWIN BAGELS CAFE PROSPECT PARKNJ,06/10/24 MOBILE PURCHASE 0609 TWIN BAGELS CAFE PROSPECT PARKNJ,"May 18, 2024","June 14, 2024",2061,eStmt_2024-06-14.pdf,"[""06/10/24 MOBILE PURCHASE 0609  TWIN BAGELS CAFE PROSPECT PARKNJ -10.54""]"
2024-06-10,06/10/24,-7.94,-794,debit,other_subtractions,"Zelle payment to Greyson for ""Lo Mein""; Conf# n0iw5mb34","06/10/24 Zelle payment to Greyson for ""Lo Mein""; Conf# n0iw5mb34","May 18, 2024","June 14, 2024",2061,eStmt_2024-06-14.pdf,"[""06/10/24 Zelle payment to  Greyson for \""Lo Mein\""; Conf# n0iw5mb34 -7.94""]"
2024-06-12,06/12/24,-14.68,-1468,debit,withdrawals,MOBILE PURCHASE 0611 DANTE'S PIZZERIA AND RE HALEDON NJ,06/12/24 MOBILE PURCHASE 0611 DANTE'S PIZZERIA AND RE HALEDON NJ,"May 18, 2024","June 14, 2024",2061,eStmt_2024-06-14.pdf,"[""06/12/24 MOBILE PURCHASE 0611  DANTE'S PIZZERIA AND RE HALEDON      NJ -14.68""]"
2024-06-12,06/12/24,-10.00,-1000,debit,withdrawals,PMNT SENT 0611 APPLE CASH BALANCE ADD 877-233-8552 CA,06/12/24 PMNT SENT 0611 APPLE CASH BALANCE ADD 877-233-8552 CA,"May 18, 2024","June 14, 2024",2061,eStmt_2024-06-14.pdf,"[""06/12/24 PMNT SENT  0611 APPLE CASH BALANCE ADD 877-233-8552 CA -10.00""]"
2024-06-13,06/13/24,-1000.00,-100000,debit,other_subtractions,BKOFAMERICA BC 06/13 #000001501 WITHDRWL,06/13/24 BKOFAMERICA BC 06/13 #000001501 WITHDRWL,"May 18, 2024","June 14, 2024",2061,eStmt_2024-06-14.pdf,"[""06/13/24 BKOFAMERICA BC  06/13 #000001501 WITHDRWL -1,000.00""]"
2024-06-13,06/13/24,-13.86,-1386,debit,withdrawals,MOBILE PURCHASE 0612 PLAYA BOWLS - POMPTON P POMPTON PLAINNJ,06/13/24 MOBILE PURCHASE 0612 PLAYA BOWLS - POMPTON P POMPTON PLAINNJ,"May 18, 2024","June 14, 2024",2061,eStmt_2024-06-14.pdf,"[""06/13/24 MOBILE PURCHASE 0612  PLAYA BOWLS - POMPTON P POMPTON PLAINNJ -13.86""]"
2024-06-13,06/13/24,490.50,49050,credit,deposits,137410 VIBRATION DES:DIR DEP ID:1747 INDN:MOUSTAFA M. NASR CO ID:2364227403 PPD,06/13/24 137410 VIBRATION DES:DIR DEP ID:1747 INDN:MOUSTAFA M. NASR CO ID:2364227403 PPD,"May 18, 2024","June 14, 2024",2061,eStmt_2024-06-14.pdf,"[""06/13/24 137410 VIBRATION DES:DIR DEP    ID:1747  INDN:MOUSTAFA M. NASR        CO ID:2364227403"", ""PPD490.50""]"
2024-06-13,06/13/24,975.00,97500,credit,deposits,Rutgers The Stat DES:NBS REFUND ID:10034303 INDN:MOUSTAFA NASR CO ID:8470751402 PPD,06/13/24 Rutgers The Stat DES:NBS REFUND ID:10034303 INDN:MOUSTAFA NASR CO ID:8470751402 PPD,"May 18, 2024","June 14, 2024",2061,eStmt_2024-06-14.pdf,"[""06/13/24 Rutgers The Stat DES:NBS REFUND ID:10034303  INDN:MOUSTAFA NASR           CO"", ""ID:8470751402 PPD975.00""]"
2024-06-17,06/17/24,-900.00,-90000,debit,withdrawals,BKOFAMERICA ATM 06/17 #000003487 WITHDRWL PATERSON-MAIN PATERSON NJ,06/17/24 BKOFAMERICA ATM 06/17 #000003487 WITHDRWL PATERSON-MAIN PATERSON NJ,"June 15, 2024","July 18, 2024",2061,eStmt_2024-07-18.pdf,"[""06/17/24 BKOFAMERICA ATM 06/17 #000003487 WITHDRWL PATERSON-MAIN      PATERSON      NJ -900.00""]"
2024-06-17,06/17/24,-31.19,-3119,debit,withdrawals,PURCHASE 0614 AMAZON MKTPL*1S9Y49OP3 Amzn.com/billWA,06/17/24 PURCHASE 0614 AMAZON MKTPL*1S9Y49OP3 Amzn.com/billWA,"June 15, 2024","July 18, 2024",2061,eStmt_2024-07-18.pdf,"[""06/17/24 PURCHASE   0614 AMAZON MKTPL*1S9Y49OP3 Amzn.com/billWA -31.19""]"
2024-06-17,06/17/24,150.00,15000,credit,deposits,Online Banking transfer from CHK 3765 Confirmation# 7655772039,06/17/24 Online Banking transfer from CHK 3765 Confirmation# 7655772039,"June 15, 2024","July 18, 2024",2061,eStmt_2024-07-18.pdf,"[""06/17/24 Online Banking transfer from CHK 3765 Confirmation# 7655772039 150.00""]"
2024-06-18,06/18/24,-47.96,-4796,debit,withdrawals,MOBILE PURCHASE 0616 TST* ALBASHA TAKE OUT Paterson NJ,06/18/24 MOBILE PURCHASE 0616 TST* ALBASHA TAKE OUT Paterson NJ,"June 15, 2024","July 18, 2024",2061,eStmt_2024-07-18.pdf,"[""06/18/24 MOBILE PURCHASE 0616  TST* ALBASHA TAKE OUT Paterson     NJ -47.96""]"
2024-06-18,06/18/24,-19.15,-1915,debit,withdrawals,"MOBILE PURCHASE 0617 FATTAL'S SYRIAN BAKERY PATERSON NJ continued on the next page MOUSTAFA MOHAMED NASR ! Account # 3810 6904 2061 ! June 15, 2024 to July 18, 2024","06/18/24 MOBILE PURCHASE 0617 FATTAL'S SYRIAN BAKERY PATERSON NJ continued on the next page MOUSTAFA MOHAMED NASR ! Account # 3810 6904 2061 ! June 15, 2024 to July 18, 2024","June 15, 2024","July 18, 2024",2061,eStmt_2024-07-18.pdf,"[""06/18/24 MOBILE PURCHASE 0617  FATTAL'S SYRIAN BAKERY PATERSON     NJ -19.15"", ""continued on the next page"", ""MOUSTAFA MOHAMED NASR   !   Account # 3810 6904 2061   !   June 15, 2024 to July 18, 2024""]"
2024-06-18,06/18/24,-13.29,-1329,debit,withdrawals,MOBILE PURCHASE 0617 FATTAL'S SYRIAN BAKERY PATERSON NJ,06/18/24 MOBILE PURCHASE 0617 FATTAL'S SYRIAN BAKERY PATERSON NJ,"June 15, 2024","July 18, 2024",2061,eStmt_2024-07-18.pdf,"[""06/18/24 MOBILE PURCHASE 0617  FATTAL'S SYRIAN BAKERY PATERSON     NJ -13.29""]"
2024-06-20,06/20/24,-28.78,-2878,debit,withdrawals,PURCHASE 0618 LYFT *RIDE TUE 8AM LYFT.COM CA,06/20/24 PURCHASE 0618 LYFT *RIDE TUE 8AM LYFT.COM CA,"June 15, 2024","July 18, 2024",2061,eStmt_2024-07-18.pdf,"[""06/20/24 PURCHASE   0618 LYFT   *RIDE TUE 8AM LYFT.COM     CA -28.78""]"
2024-06-20,06/20/24,-27.99,-2799,debit,withdrawals,PURCHASE 0619 LYFT *RIDE TUE 7PM LYFT.COM CA,06/20/24 PURCHASE 0619 LYFT *RIDE TUE 7PM LYFT.COM CA,"June 15, 2024","July 18, 2024",2061,eStmt_2024-07-18.pdf,"[""06/20/24 PURCHASE   0619 LYFT   *RIDE TUE 7PM LYFT.COM     CA -27.99""]"
2024-06-20,06/20/24,-26.99,-2699,debit,withdrawals,PURCHASE 0619 LYFT *RIDE TUE 10PM LYFT.COM CA,06/20/24 PURCHASE 0619 LYFT *RIDE TUE 10PM LYFT.COM CA,"June 15, 2024","July 18, 2024",2061,eStmt_2024-07-18.pdf,"[""06/20/24 PURCHASE   0619 LYFT   *RIDE TUE 10PM LYFT.COM     CA -26.99""]"
2024-06-20,06/20/24,-18.43,-1843,debit,withdrawals,PURCHASE 0619 DD DOORDASH STOPSHOP 855-973-1040 CA,06/20/24 PURCHASE 0619 DD DOORDASH STOPSHOP 855-973-1040 CA,"June 15, 2024","July 18, 2024",2061,eStmt_2024-07-18.pdf,"[""06/20/24 PURCHASE   0619 DD DOORDASH STOPSHOP 855-973-1040 CA -18.43""]"
2024-06-20,06/20/24,-11.01,-1101,debit,withdrawals,MOBILE PURCHASE 0618 DANNYS PIZZA BLOOMINGDALE NJ,06/20/24 MOBILE PURCHASE 0618 DANNYS PIZZA BLOOMINGDALE NJ,"June 15, 2024","July 18, 2024",2061,eStmt_2024-07-18.pdf,"[""06/20/24 MOBILE PURCHASE 0618  DANNYS PIZZA BLOOMINGDALE NJ -11.01""]"
2024-06-20,06/20/24,-10.00,-1000,debit,withdrawals,PMNT SENT 0618 APPLE CASH BALANCE ADD 877-233-8552 CA,06/20/24 PMNT SENT 0618 APPLE CASH BALANCE ADD 877-233-8552 CA,"June 15, 2024","July 18, 2024",2061,eStmt_2024-07-18.pdf,"[""06/20/24 PMNT SENT  0618 APPLE CASH BALANCE ADD 877-233-8552 CA -10.00""]"
2024-06-20,06/20/24,50.00,5000,credit,deposits,Zelle payment from MOHAMED NASR Conf# coochdbog,06/20/24 Zelle payment from MOHAMED NASR Conf# coochdbog,"June 15, 2024","July 18, 2024",2061,eStmt_2024-07-18.pdf,"[""06/20/24 Zelle payment from MOHAMED NASR Conf# coochdbog 50.00""]"
2024-06-21,06/21/24,-50.00,-5000,debit,other_subtractions,Zelle payment to Greyson Conf# pbjkpkkyw,06/21/24 Zelle payment to Greyson Conf# pbjkpkkyw,"June 15, 2024","July 18, 2024",2061,eStmt_2024-07-18.pdf,"[""06/21/24 Zelle payment to  Greyson Conf# pbjkpkkyw -50.00""]"
2024-06-21,06/21/24,-36.75,-3675,debit,withdrawals,PURCHASE 0620 LYFT *RIDE WED 1PM LYFT.COM CA,06/21/24 PURCHASE 0620 LYFT *RIDE WED 1PM LYFT.COM CA,"June 15, 2024","July 18, 2024",2061,eStmt_2024-07-18.pdf,"[""06/21/24 PURCHASE   0620 LYFT   *RIDE WED 1PM LYFT.COM     CA -36.75""]"
2024-06-21,06/21/24,-14.40,-1440,debit,withdrawals,MOBILE PURCHASE 0621 Subway 46627 Newark NJ,06/21/24 MOBILE PURCHASE 0621 Subway 46627 Newark NJ,"June 15, 2024","July 18, 2024",2061,eStmt_2024-07-18.pdf,"[""06/21/24 MOBILE PURCHASE 0621  Subway 46627 Newark       NJ -14.40""]"
2024-06-21,06/21/24,22.65,2265,credit,deposits,PURCHASE REFUND 0620 AMZN Mktp US Amzn.com/billWA 74692164172103596198859,06/21/24 PURCHASE REFUND 0620 AMZN Mktp US Amzn.com/billWA 74692164172103596198859,"June 15, 2024","July 18, 2024",2061,eStmt_2024-07-18.pdf,"[""06/21/24 PURCHASE REFUND 0620  AMZN Mktp US Amzn.com/billWA 74692164172103596198859 22.65""]"
2024-06-21,06/21/24,370.59,37059,credit,deposits,137410 VIBRATION DES:DIR DEP ID:1747 INDN:MOUSTAFA M. NASR CO ID:2364227403 PPD,06/21/24 137410 VIBRATION DES:DIR DEP ID:1747 INDN:MOUSTAFA M. NASR CO ID:2364227403 PPD,"June 15, 2024","July 18, 2024",2061,eStmt_2024-07-18.pdf,"[""06/21/24 137410 VIBRATION DES:DIR DEP    ID:1747  INDN:MOUSTAFA M. NASR        CO ID:2364227403"", ""PPD370.59""]"
2024-06-24,06/24/24,-17.01,-1701,debit,withdrawals,PURCHASE 0622 CHEGG ORDER 855-440-1323 CA,06/24/24 PURCHASE 0622 CHEGG ORDER 855-440-1323 CA,"June 15, 2024","July 18, 2024",2061,eStmt_2024-07-18.pdf,"[""06/24/24 PURCHASE   0622 CHEGG  ORDER 855-440-1323 CA -17.01""]"
2024-06-24,06/24/24,-12.50,-1250,debit,withdrawals,MOBILE PURCHASE 0621 Anthony Francos Pizza WAYNE NJ,06/24/24 MOBILE PURCHASE 0621 Anthony Francos Pizza WAYNE NJ,"June 15, 2024","July 18, 2024",2061,eStmt_2024-07-18.pdf,"[""06/24/24 MOBILE PURCHASE 0621  Anthony Francos Pizza WAYNE        NJ -12.50""]"
2024-06-24,06/24/24,-6.00,-600,debit,other_subtractions,Zelle payment to Greyson Conf# ied0z60bc,06/24/24 Zelle payment to Greyson Conf# ied0z60bc,"June 15, 2024","July 18, 2024",2061,eStmt_2024-07-18.pdf,"[""06/24/24 Zelle payment to  Greyson Conf# ied0z60bc -6.00""]"
2024-06-26,06/26/24,-30.00,-3000,debit,other_subtractions,"Zelle payment to Greyson for ""being a real one""; Conf# pco8o0x7x","06/26/24 Zelle payment to Greyson for ""being a real one""; Conf# pco8o0x7x","June 15, 2024","July 18, 2024",2061,eStmt_2024-07-18.pdf,"[""06/26/24 Zelle payment to  Greyson for \""being a real one\""; Conf# pco8o0x7x -30.00""]"
2024-06-26,06/26/24,-6.38,-638,debit,withdrawals,PURCHASE 0625 SPOTIFY 877-778-1161 NY,06/26/24 PURCHASE 0625 SPOTIFY 877-778-1161 NY,"June 15, 2024","July 18, 2024",2061,eStmt_2024-07-18.pdf,"[""06/26/24 PURCHASE   0625 SPOTIFY 877-778-1161 NY -6.38""]"
2024-06-27,06/27/24,-39.99,-3999,debit,withdrawals,PURCHASE 0626 LYFT *RIDE TUE 7PM LYFT.COM CA,06/27/24 PURCHASE 0626 LYFT *RIDE TUE 7PM LYFT.COM CA,"June 15, 2024","July 18, 2024",2061,eStmt_2024-07-18.pdf,"[""06/27/24 PURCHASE   0626 LYFT   *RIDE TUE 7PM LYFT.COM     CA -39.99""]"
2024-06-27,06/27/24,-25.67,-2567,debit,withdrawals,PURCHASE 0627 LYFT *RIDE WED 7PM LYFT.COM CA,06/27/24 PURCHASE 0627 LYFT *RIDE WED 7PM LYFT.COM CA,"June 15, 2024","July 18, 2024",2061,eStmt_2024-07-18.pdf,"[""06/27/24 PURCHASE   0627 LYFT   *RIDE WED 7PM LYFT.COM     CA -25.67""]"
2024-06-27,06/27/24,-25.49,-2549,debit,withdrawals,PURCHASE 0627 LYFT *RIDE WED 9PM LYFT.COM CA,06/27/24 PURCHASE 0627 LYFT *RIDE WED 9PM LYFT.COM CA,"June 15, 2024","July 18, 2024",2061,eStmt_2024-07-18.pdf,"[""06/27/24 PURCHASE   0627 LYFT   *RIDE WED 9PM LYFT.COM     CA -25.49""]"
2024-06-27,06/27/24,-3.32,-332,debit,withdrawals,MOBILE PURCHASE 0625 DANNYS PIZZA BLOOMINGDALE NJ,06/27/24 MOBILE PURCHASE 0625 DANNYS PIZZA BLOOMINGDALE NJ,"June 15, 2024","July 18, 2024",2061,eStmt_2024-07-18.pdf,"[""06/27/24 MOBILE PURCHASE 0625  DANNYS PIZZA BLOOMINGDALE NJ -3.32""]"
2024-06-27,06/27/24,502.99,50299,credit,deposits,137410 VIBRATION DES:DIR DEP ID:1747 INDN:MOUSTAFA M. NASR CO ID:2364227403 PPD,06/27/24 137410 VIBRATION DES:DIR DEP ID:1747 INDN:MOUSTAFA M. NASR CO ID:2364227403 PPD,"June 15, 2024","July 18, 2024",2061,eStmt_2024-07-18.pdf,"[""06/27/24 137410 VIBRATION DES:DIR DEP    ID:1747  INDN:MOUSTAFA M. NASR        CO ID:2364227403"", ""PPD502.99""]"
2024-06-28,06/28/24,-32.99,-3299,debit,withdrawals,PURCHASE 0628 LYFT *RIDE WED 9PM LYFT.COM CA,06/28/24 PURCHASE 0628 LYFT *RIDE WED 9PM LYFT.COM CA,"June 15, 2024","July 18, 2024",2061,eStmt_2024-07-18.pdf,"[""06/28/24 PURCHASE   0628 LYFT   *RIDE WED 9PM LYFT.COM     CA -32.99""]"
2024-06-28,06/28/24,-15.48,-1548,debit,withdrawals,PURCHASE 0627 DD DOORDASH WALGREENS 8559731040 CA,06/28/24 PURCHASE 0627 DD DOORDASH WALGREENS 8559731040 CA,"June 15, 2024","July 18, 2024",2061,eStmt_2024-07-18.pdf,"[""06/28/24 PURCHASE   0627 DD DOORDASH WALGREENS 8559731040   CA -15.48""]"
2024-07-01,07/01/24,-47.39,-4739,debit,withdrawals,CHECKCARD 0628 WAWA 946 RIO GRANDE NJ 24055244181014269656559,07/01/24 CHECKCARD 0628 WAWA 946 RIO GRANDE NJ 24055244181014269656559,"June 15, 2024","July 18, 2024",2061,eStmt_2024-07-18.pdf,"[""07/01/24 CHECKCARD  0628 WAWA 946 RIO GRANDE   NJ 24055244181014269656559 -47.39""]"
2024-07-01,07/01/24,-14.00,-1400,debit,other_subtractions,VENMO DES:PAYMENT ID:1035325886858 INDN:MOUSTAFA NASR CO ID:3264681992 WEB,07/01/24 VENMO DES:PAYMENT ID:1035325886858 INDN:MOUSTAFA NASR CO ID:3264681992 WEB,"June 15, 2024","July 18, 2024",2061,eStmt_2024-07-18.pdf,"[""07/01/24 VENMO            DES:PAYMENT    ID:1035325886858  INDN:MOUSTAFA NASR           CO"", ""ID:3264681992 WEB-14.00""]"
2024-07-01,07/01/24,-10.00,-1000,debit,other_subtractions,VENMO DES:PAYMENT ID:1035326341288 INDN:MOUSTAFA NASR CO ID:3264681992 WEB,07/01/24 VENMO DES:PAYMENT ID:1035326341288 INDN:MOUSTAFA NASR CO ID:3264681992 WEB,"June 15, 2024","July 18, 2024",2061,eStmt_2024-07-18.pdf,"[""07/01/24 VENMO            DES:PAYMENT    ID:1035326341288  INDN:MOUSTAFA NASR           CO"", ""ID:3264681992 WEB-10.00""]"
2024-07-01,07/01/24,-7.00,-700,debit,other_subtractions,VENMO DES:PAYMENT ID:1035326523839 INDN:MOUSTAFA NASR CO ID:3264681992 WEB,07/01/24 VENMO DES:PAYMENT ID:1035326523839 INDN:MOUSTAFA NASR CO ID:3264681992 WEB,"June 15, 2024","July 18, 2024",2061,eStmt_2024-07-18.pdf,"[""07/01/24 VENMO            DES:PAYMENT    ID:1035326523839  INDN:MOUSTAFA NASR           CO"", ""ID:3264681992 WEB-7.00""]"
2024-07-01,07/01/24,-6.00,-600,debit,withdrawals,CHECKCARD 0628 NJMVC CARDIFF EGG HARBOR TWNJ 24733094180002247015345,07/01/24 CHECKCARD 0628 NJMVC CARDIFF EGG HARBOR TWNJ 24733094180002247015345,"June 15, 2024","July 18, 2024",2061,eStmt_2024-07-18.pdf,"[""07/01/24 CHECKCARD  0628 NJMVC CARDIFF EGG HARBOR TWNJ 24733094180002247015345 -6.00""]"
2024-07-01,07/01/24,-6.00,-600,debit,other_subtractions,Zelle payment to Nada Nasr Conf# pwa6h6468,07/01/24 Zelle payment to Nada Nasr Conf# pwa6h6468,"June 15, 2024","July 18, 2024",2061,eStmt_2024-07-18.pdf,"[""07/01/24 Zelle payment to  Nada Nasr Conf# pwa6h6468 -6.00""]"
2024-07-01,07/01/24,30.00,3000,credit,deposits,Zelle payment from MOHAMED NASR Conf# a8t20krid,07/01/24 Zelle payment from MOHAMED NASR Conf# a8t20krid,"June 15, 2024","July 18, 2024",2061,eStmt_2024-07-18.pdf,"[""07/01/24 Zelle payment from MOHAMED NASR Conf# a8t20krid 30.00""]"
2024-07-02,07/02/24,-29.99,-2999,debit,withdrawals,PURCHASE 0701 DD DOORDASH BUBBAKOOS 8559731040 CA,07/02/24 PURCHASE 0701 DD DOORDASH BUBBAKOOS 8559731040 CA,"June 15, 2024","July 18, 2024",2061,eStmt_2024-07-18.pdf,"[""07/02/24 PURCHASE   0701 DD DOORDASH BUBBAKOOS 8559731040   CA -29.99""]"
2024-07-02,07/02/24,-21.31,-2131,debit,withdrawals,PURCHASE 0701 APPLE.COM/BILL 866-712-7753 CA,07/02/24 PURCHASE 0701 APPLE.COM/BILL 866-712-7753 CA,"June 15, 2024","July 18, 2024",2061,eStmt_2024-07-18.pdf,"[""07/02/24 PURCHASE   0701 APPLE.COM/BILL 866-712-7753 CA -21.31""]"
2024-07-05,07/05/24,-55.04,-5504,debit,withdrawals,CHECKCARD 0703 US STAR PATERSON NJ 24801664186016021310806,07/05/24 CHECKCARD 0703 US STAR PATERSON NJ 24801664186016021310806,"June 15, 2024","July 18, 2024",2061,eStmt_2024-07-18.pdf,"[""07/05/24 CHECKCARD  0703 US STAR PATERSON     NJ 24801664186016021310806 -55.04""]"
2024-07-05,07/05/24,-17.13,-1713,debit,withdrawals,PURCHASE 0703 PAYPAL *PAPA JOHN'S #35 402-935-7733 NE,07/05/24 PURCHASE 0703 PAYPAL *PAPA JOHN'S #35 402-935-7733 NE,"June 15, 2024","July 18, 2024",2061,eStmt_2024-07-18.pdf,"[""07/05/24 PURCHASE   0703 PAYPAL *PAPA JOHN'S #35 402-935-7733 NE -17.13""]"
2024-07-05,07/05/24,-15.35,-1535,debit,withdrawals,MOBILE PURCHASE 0704 SQ *EL PUEBLO TAQUERIA Cape May NJ,07/05/24 MOBILE PURCHASE 0704 SQ *EL PUEBLO TAQUERIA Cape May NJ,"June 15, 2024","July 18, 2024",2061,eStmt_2024-07-18.pdf,"[""07/05/24 MOBILE PURCHASE 0704  SQ *EL PUEBLO TAQUERIA Cape May     NJ -15.35""]"
2024-07-05,07/05/24,-2.87,-287,debit,withdrawals,MOBILE PURCHASE 0704 WAWA 980 CAPE MAY NJ,07/05/24 MOBILE PURCHASE 0704 WAWA 980 CAPE MAY NJ,"June 15, 2024","July 18, 2024",2061,eStmt_2024-07-18.pdf,"[""07/05/24 MOBILE PURCHASE 0704  WAWA 980 CAPE MAY     NJ -2.87""]"
2024-07-05,07/05/24,-2.05,-205,debit,withdrawals,PURCHASE 0704 PARKMOBILE 770-818-9036 NJ,07/05/24 PURCHASE 0704 PARKMOBILE 770-818-9036 NJ,"June 15, 2024","July 18, 2024",2061,eStmt_2024-07-18.pdf,"[""07/05/24 PURCHASE   0704 PARKMOBILE 770-818-9036 NJ -2.05""]"
2024-07-05,07/05/24,384.91,38491,credit,deposits,137410 VIBRATION DES:DIR DEP ID:1747 INDN:MOUSTAFA M. NASR CO ID:2364227403 PPD,07/05/24 137410 VIBRATION DES:DIR DEP ID:1747 INDN:MOUSTAFA M. NASR CO ID:2364227403 PPD,"June 15, 2024","July 18, 2024",2061,eStmt_2024-07-18.pdf,"[""07/05/24 137410 VIBRATION DES:DIR DEP    ID:1747  INDN:MOUSTAFA M. NASR        CO ID:2364227403"", ""PPD384.91""]"
2024-07-08,07/08/24,-74.62,-7462,debit,withdrawals,JIFFY LUBE #84 07/07 #000291669 MOBILE PURCHASE JIFFY LUBE #841 2 WEST LONG BRA NJ,07/08/24 JIFFY LUBE #84 07/07 #000291669 MOBILE PURCHASE JIFFY LUBE #841 2 WEST LONG BRA NJ,"June 15, 2024","July 18, 2024",2061,eStmt_2024-07-18.pdf,"[""07/08/24 JIFFY LUBE #84  07/07 #000291669 MOBILE PURCHASE JIFFY LUBE #841 2  WEST LONG BRA NJ -74.62""]"
2024-07-08,07/08/24,-50.24,-5024,debit,withdrawals,CHECKCARD 0706 WAWA 980 CAPE MAY NJ 24055244189021792066547,07/08/24 CHECKCARD 0706 WAWA 980 CAPE MAY NJ 24055244189021792066547,"June 15, 2024","July 18, 2024",2061,eStmt_2024-07-18.pdf,"[""07/08/24 CHECKCARD  0706 WAWA 980 CAPE MAY     NJ 24055244189021792066547 -50.24""]"
2024-07-08,07/08/24,-24.59,-2459,debit,withdrawals,PMNT SENT 0706 APPLE CASH SENT MONEY 1INFINITELOOPCA,07/08/24 PMNT SENT 0706 APPLE CASH SENT MONEY 1INFINITELOOPCA,"June 15, 2024","July 18, 2024",2061,eStmt_2024-07-18.pdf,"[""07/08/24 PMNT SENT  0706 APPLE CASH SENT MONEY 1INFINITELOOPCA -24.59""]"
2024-07-08,07/08/24,-11.70,-1170,debit,withdrawals,"PURCHASE 0708 SLICE*YUMMYPIZZERIARES SLICELIFE.COMNY continued on the next page MOUSTAFA MOHAMED NASR ! Account # 3810 6904 2061 ! June 15, 2024 to July 18, 2024","07/08/24 PURCHASE 0708 SLICE*YUMMYPIZZERIARES SLICELIFE.COMNY continued on the next page MOUSTAFA MOHAMED NASR ! Account # 3810 6904 2061 ! June 15, 2024 to July 18, 2024","June 15, 2024","July 18, 2024",2061,eStmt_2024-07-18.pdf,"[""07/08/24 PURCHASE   0708 SLICE*YUMMYPIZZERIARES SLICELIFE.COMNY -11.70"", ""continued on the next page"", ""MOUSTAFA MOHAMED NASR   !   Account # 3810 6904 2061   !   June 15, 2024 to July 18, 2024""]"
2024-07-08,07/08/24,-4.25,-425,debit,withdrawals,CHECKCARD 0706 WAWA 980 CAPE MAY NJ 24055244189021792066539,07/08/24 CHECKCARD 0706 WAWA 980 CAPE MAY NJ 24055244189021792066539,"June 15, 2024","July 18, 2024",2061,eStmt_2024-07-18.pdf,"[""07/08/24 CHECKCARD  0706 WAWA 980 CAPE MAY     NJ 24055244189021792066539 -4.25""]"
2024-07-08,07/08/24,-3.49,-349,debit,withdrawals,MOBILE PURCHASE 0705 WAWA 452 CAPE MAY NJ,07/08/24 MOBILE PURCHASE 0705 WAWA 452 CAPE MAY NJ,"June 15, 2024","July 18, 2024",2061,eStmt_2024-07-18.pdf,"[""07/08/24 MOBILE PURCHASE 0705  WAWA 452 CAPE MAY     NJ -3.49""]"
2024-07-09,07/09/24,-55.24,-5524,debit,withdrawals,CHECKCARD 0708 FUEL 4 BLOOMINGDALE BLOOMINGDALE NJ 24765014191023437835702,07/09/24 CHECKCARD 0708 FUEL 4 BLOOMINGDALE BLOOMINGDALE NJ 24765014191023437835702,"June 15, 2024","July 18, 2024",2061,eStmt_2024-07-18.pdf,"[""07/09/24 CHECKCARD  0708 FUEL 4 BLOOMINGDALE BLOOMINGDALE NJ 24765014191023437835702 -55.24""]"
2024-07-10,07/10/24,-21.31,-2131,debit,withdrawals,PURCHASE 0710 APPLE.COM/BILL 866-712-7753 CA,07/10/24 PURCHASE 0710 APPLE.COM/BILL 866-712-7753 CA,"June 15, 2024","July 18, 2024",2061,eStmt_2024-07-18.pdf,"[""07/10/24 PURCHASE   0710 APPLE.COM/BILL 866-712-7753 CA -21.31""]"
2024-07-10,07/10/24,-6.40,-640,debit,withdrawals,MOBILE PURCHASE 0709 WAWA 8465 UNION NJ,07/10/24 MOBILE PURCHASE 0709 WAWA 8465 UNION NJ,"June 15, 2024","July 18, 2024",2061,eStmt_2024-07-18.pdf,"[""07/10/24 MOBILE PURCHASE 0709  WAWA 8465 UNION        NJ -6.40""]"
2024-07-11,07/11/24,-47.97,-4797,debit,withdrawals,PURCHASE 0711 CARFAX *CARFAX.COM CARFAX.COM VA,07/11/24 PURCHASE 0711 CARFAX *CARFAX.COM CARFAX.COM VA,"June 15, 2024","July 18, 2024",2061,eStmt_2024-07-18.pdf,"[""07/11/24 PURCHASE   0711 CARFAX *CARFAX.COM CARFAX.COM   VA -47.97""]"
2024-07-11,07/11/24,-22.73,-2273,debit,withdrawals,PURCHASE 0711 UBER EATS HELP.UBER.COMCA,07/11/24 PURCHASE 0711 UBER EATS HELP.UBER.COMCA,"June 15, 2024","July 18, 2024",2061,eStmt_2024-07-18.pdf,"[""07/11/24 PURCHASE   0711 UBER   EATS HELP.UBER.COMCA -22.73""]"
2024-07-11,07/11/24,371.30,37130,credit,deposits,137410 VIBRATION DES:DIR DEP ID:1747 INDN:MOUSTAFA M. NASR CO ID:2364227403 PPD,07/11/24 137410 VIBRATION DES:DIR DEP ID:1747 INDN:MOUSTAFA M. NASR CO ID:2364227403 PPD,"June 15, 2024","July 18, 2024",2061,eStmt_2024-07-18.pdf,"[""07/11/24 137410 VIBRATION DES:DIR DEP    ID:1747  INDN:MOUSTAFA M. NASR        CO ID:2364227403"", ""PPD371.30""]"
2024-07-12,07/12/24,-10.65,-1065,debit,withdrawals,PURCHASE 0712 APPLE.COM/BILL 866-712-7753 CA,07/12/24 PURCHASE 0712 APPLE.COM/BILL 866-712-7753 CA,"June 15, 2024","July 18, 2024",2061,eStmt_2024-07-18.pdf,"[""07/12/24 PURCHASE   0712 APPLE.COM/BILL 866-712-7753 CA -10.65""]"
2024-07-15,07/15/24,-900.00,-90000,debit,withdrawals,BKOFAMERICA ATM 07/15 #000007503 WITHDRWL PATERSON-MAIN PATERSON NJ,07/15/24 BKOFAMERICA ATM 07/15 #000007503 WITHDRWL PATERSON-MAIN PATERSON NJ,"June 15, 2024","July 18, 2024",2061,eStmt_2024-07-18.pdf,"[""07/15/24 BKOFAMERICA ATM 07/15 #000007503 WITHDRWL PATERSON-MAIN      PATERSON      NJ -900.00""]"
2024-07-15,07/15/24,-58.40,-5840,debit,withdrawals,CHECKCARD 0714 MILFORD TPKE ( MILFORD CT,07/15/24 CHECKCARD 0714 MILFORD TPKE ( MILFORD CT,"June 15, 2024","July 18, 2024",2061,eStmt_2024-07-18.pdf,"[""07/15/24 CHECKCARD  0714 MILFORD TPKE ( MILFORD      CT -58.40""]"
2024-07-15,07/15/24,-2.18,-218,debit,withdrawals,PURCHASE 0714 PARKMOBILE 770-818-9036 GA,07/15/24 PURCHASE 0714 PARKMOBILE 770-818-9036 GA,"June 15, 2024","July 18, 2024",2061,eStmt_2024-07-18.pdf,"[""07/15/24 PURCHASE   0714 PARKMOBILE 770-818-9036 GA -2.18""]"
2024-07-16,07/16/24,20.00,2000,credit,deposits,Online Banking transfer from CHK 3765 Confirmation# 7317882559,07/16/24 Online Banking transfer from CHK 3765 Confirmation# 7317882559,"June 15, 2024","July 18, 2024",2061,eStmt_2024-07-18.pdf,"[""07/16/24 Online Banking transfer from CHK 3765 Confirmation# 7317882559 20.00""]"
2024-07-16,07/16/24,90.00,9000,credit,deposits,Zelle payment from MOHAMED NASR Conf# dmxi7skjn,07/16/24 Zelle payment from MOHAMED NASR Conf# dmxi7skjn,"June 15, 2024","July 18, 2024",2061,eStmt_2024-07-18.pdf,"[""07/16/24 Zelle payment from MOHAMED NASR Conf# dmxi7skjn 90.00""]"
2024-07-17,07/17/24,-95.00,-9500,debit,withdrawals,MOBILE PURCHASE 0716 SQ *AAA MID-ATLANTIC HA Princeton NJ,07/17/24 MOBILE PURCHASE 0716 SQ *AAA MID-ATLANTIC HA Princeton NJ,"June 15, 2024","July 18, 2024",2061,eStmt_2024-07-18.pdf,"[""07/17/24 MOBILE PURCHASE 0716  SQ *AAA MID-ATLANTIC HA Princeton    NJ -95.00""]"
2024-07-18,07/18/24,-80.00,-8000,debit,withdrawals,PMNT SENT 0717 APPLE CASH SENT MONEY 1INFINITELOOPCA,07/18/24 PMNT SENT 0717 APPLE CASH SENT MONEY 1INFINITELOOPCA,"June 15, 2024","July 18, 2024",2061,eStmt_2024-07-18.pdf,"[""07/18/24 PMNT SENT  0717 APPLE CASH SENT MONEY 1INFINITELOOPCA -80.00""]"
2024-07-18,07/18/24,-66.95,-6695,debit,withdrawals,CHECKCARD 0717 PROSPECT PARK MUNICIPAL EGOV.COM KS 24733094200005459400002,07/18/24 CHECKCARD 0717 PROSPECT PARK MUNICIPAL EGOV.COM KS 24733094200005459400002,"June 15, 2024","July 18, 2024",2061,eStmt_2024-07-18.pdf,"[""07/18/24 CHECKCARD  0717 PROSPECT PARK MUNICIPAL EGOV.COM     KS 24733094200005459400002 -66.95""]"
2024-07-18,07/18/24,-56.15,-5615,debit,withdrawals,FUEL 4 BLOOMIN 07/18 #000314957 MOBILE PURCHASE 5 Main Street BLOOMINGDALE NJ,07/18/24 FUEL 4 BLOOMIN 07/18 #000314957 MOBILE PURCHASE 5 Main Street BLOOMINGDALE NJ,"June 15, 2024","July 18, 2024",2061,eStmt_2024-07-18.pdf,"[""07/18/24 FUEL 4 BLOOMIN  07/18 #000314957 MOBILE PURCHASE 5 Main Street      BLOOMINGDALE  NJ -56.15""]"
2024-07-18,07/18/24,-14.34,-1434,debit,withdrawals,MOBILE PURCHASE 0717 TST* TACORIA- PRINCETON PRINCETON NJ,07/18/24 MOBILE PURCHASE 0717 TST* TACORIA- PRINCETON PRINCETON NJ,"June 15, 2024","July 18, 2024",2061,eStmt_2024-07-18.pdf,"[""07/18/24 MOBILE PURCHASE 0717  TST* TACORIA- PRINCETON PRINCETON    NJ -14.34""]"
2024-07-18,07/18/24,613.60,61360,credit,deposits,137410 VIBRATION DES:DIR DEP ID:1747 INDN:MOUSTAFA M. NASR CO ID:2364227403 PPD,07/18/24 137410 VIBRATION DES:DIR DEP ID:1747 INDN:MOUSTAFA M. NASR CO ID:2364227403 PPD,"June 15, 2024","July 18, 2024",2061,eStmt_2024-07-18.pdf,"[""07/18/24 137410 VIBRATION DES:DIR DEP    ID:1747  INDN:MOUSTAFA M. NASR        CO ID:2364227403"", ""PPD613.60""]"
2024-07-19,07/19/24,-25.71,-2571,debit,withdrawals,PURCHASE 0719 UBER EATS HELP.UBER.COMCA,07/19/24 PURCHASE 0719 UBER EATS HELP.UBER.COMCA,"July 19, 2024","August 19, 2024",2061,eStmt_2024-08-19.pdf,"[""07/19/24 PURCHASE   0719 UBER   EATS HELP.UBER.COMCA -25.71""]"
2024-07-22,07/22/24,-15.85,-1585,debit,withdrawals,MOBILE PURCHASE 0720 QUICKS FOOD STORE PATERSON NJ,07/22/24 MOBILE PURCHASE 0720 QUICKS FOOD STORE PATERSON NJ,"July 19, 2024","August 19, 2024",2061,eStmt_2024-08-19.pdf,"[""07/22/24 MOBILE PURCHASE 0720  QUICKS FOOD STORE PATERSON     NJ -15.85""]"
2024-07-22,07/22/24,-13.00,-1300,debit,withdrawals,PMNT SENT 0721 APPLE CASH BALANCE ADD 877-233-8552 CA,07/22/24 PMNT SENT 0721 APPLE CASH BALANCE ADD 877-233-8552 CA,"July 19, 2024","August 19, 2024",2061,eStmt_2024-08-19.pdf,"[""07/22/24 PMNT SENT  0721 APPLE CASH BALANCE ADD 877-233-8552 CA -13.00""]"
2024-07-22,07/22/24,-10.70,-1070,debit,withdrawals,PURCHASE 0720 LYFT *CITI BIKE RIDE LYFT.COM CA,07/22/24 PURCHASE 0720 LYFT *CITI BIKE RIDE LYFT.COM CA,"July 19, 2024","August 19, 2024",2061,eStmt_2024-08-19.pdf,"[""07/22/24 PURCHASE   0720 LYFT   *CITI BIKE RIDE LYFT.COM     CA -10.70""]"
2024-07-22,07/22/24,-10.00,-1000,debit,withdrawals,PMNT SENT 0720 APPLE CASH SENT MONEY 1INFINITELOOPCA,07/22/24 PMNT SENT 0720 APPLE CASH SENT MONEY 1INFINITELOOPCA,"July 19, 2024","August 19, 2024",2061,eStmt_2024-08-19.pdf,"[""07/22/24 PMNT SENT  0720 APPLE CASH SENT MONEY 1INFINITELOOPCA -10.00""]"
2024-07-22,07/22/24,-8.90,-890,debit,withdrawals,PURCHASE 0720 NJT RAIL MY-TIX 973-378-6339 NJ,07/22/24 PURCHASE 0720 NJT RAIL MY-TIX 973-378-6339 NJ,"July 19, 2024","August 19, 2024",2061,eStmt_2024-08-19.pdf,"[""07/22/24 PURCHASE   0720 NJT RAIL MY-TIX 973-378-6339 NJ -8.90""]"
2024-07-22,07/22/24,-4.00,-400,debit,withdrawals,PURCHASE 0720 NJT RAIL MY-TIX 973-378-6339 NJ,07/22/24 PURCHASE 0720 NJT RAIL MY-TIX 973-378-6339 NJ,"July 19, 2024","August 19, 2024",2061,eStmt_2024-08-19.pdf,"[""07/22/24 PURCHASE   0720 NJT RAIL MY-TIX 973-378-6339 NJ -4.00""]"
2024-07-23,07/23/24,-500.00,-50000,debit,other_subtractions,Online Banking transfer to CHK 3765 Confirmation# 7374091142,07/23/24 Online Banking transfer to CHK 3765 Confirmation# 7374091142,"July 19, 2024","August 19, 2024",2061,eStmt_2024-08-19.pdf,"[""07/23/24 Online Banking transfer to CHK 3765 Confirmation# 7374091142 -500.00""]"
2024-07-23,07/23/24,-235.00,-23500,debit,withdrawals,CHECKCARD 0722 SP LUXX JEWELERS HTTPSWWW.LUXXFL 24011344204000064419230,07/23/24 CHECKCARD 0722 SP LUXX JEWELERS HTTPSWWW.LUXXFL 24011344204000064419230,"July 19, 2024","August 19, 2024",2061,eStmt_2024-08-19.pdf,"[""07/23/24 CHECKCARD  0722 SP LUXX JEWELERS HTTPSWWW.LUXXFL 24011344204000064419230 -235.00""]"
2024-07-23,07/23/24,-17.01,-1701,debit,withdrawals,PURCHASE 0722 CHEGG ORDER 855-440-1323 CA,07/23/24 PURCHASE 0722 CHEGG ORDER 855-440-1323 CA,"July 19, 2024","August 19, 2024",2061,eStmt_2024-08-19.pdf,"[""07/23/24 PURCHASE   0722 CHEGG  ORDER 855-440-1323 CA -17.01""]"
2024-07-23,07/23/24,500.00,50000,credit,deposits,Online Banking transfer from CHK 6228 Confirmation# 7974164476,07/23/24 Online Banking transfer from CHK 6228 Confirmation# 7974164476,"July 19, 2024","August 19, 2024",2061,eStmt_2024-08-19.pdf,"[""07/23/24 Online Banking transfer from CHK 6228 Confirmation# 7974164476 500.00""]"
2024-07-24,07/24/24,-55.47,-5547,debit,withdrawals,MOBILE PURCHASE 0723 SPEED GAS EGG HARBOR EGG HARBOR TONJ,07/24/24 MOBILE PURCHASE 0723 SPEED GAS EGG HARBOR EGG HARBOR TONJ,"July 19, 2024","August 19, 2024",2061,eStmt_2024-08-19.pdf,"[""07/24/24 MOBILE PURCHASE 0723  SPEED GAS EGG HARBOR EGG HARBOR TONJ -55.47""]"
2024-07-24,07/24/24,-6.40,-640,debit,withdrawals,MOBILE PURCHASE 0723 WAWA 8379 CRANFORD NJ,07/24/24 MOBILE PURCHASE 0723 WAWA 8379 CRANFORD NJ,"July 19, 2024","August 19, 2024",2061,eStmt_2024-08-19.pdf,"[""07/24/24 MOBILE PURCHASE 0723  WAWA 8379 CRANFORD     NJ -6.40""]"
2024-07-25,07/25/24,-10.13,-1013,debit,withdrawals,"MOBILE PURCHASE 0724 CHIPOTLE 1062 PARAMUS NJ continued on the next page MOUSTAFA MOHAMED NASR ! Account # 3810 6904 2061 ! July 19, 2024 to August 19, 2024","07/25/24 MOBILE PURCHASE 0724 CHIPOTLE 1062 PARAMUS NJ continued on the next page MOUSTAFA MOHAMED NASR ! Account # 3810 6904 2061 ! July 19, 2024 to August 19, 2024","July 19, 2024","August 19, 2024",2061,eStmt_2024-08-19.pdf,"[""07/25/24 MOBILE PURCHASE 0724  CHIPOTLE 1062 PARAMUS      NJ -10.13"", ""continued on the next page"", ""MOUSTAFA MOHAMED NASR   !   Account # 3810 6904 2061   !   July 19, 2024 to August 19, 2024""]"
2024-07-25,07/25/24,596.92,59692,credit,deposits,137410 VIBRATION DES:DIR DEP ID:1747 INDN:MOUSTAFA M. NASR CO ID:2364227403 PPD,07/25/24 137410 VIBRATION DES:DIR DEP ID:1747 INDN:MOUSTAFA M. NASR CO ID:2364227403 PPD,"July 19, 2024","August 19, 2024",2061,eStmt_2024-08-19.pdf,"[""07/25/24 137410 VIBRATION DES:DIR DEP    ID:1747  INDN:MOUSTAFA M. NASR        CO ID:2364227403"", ""PPD596.92""]"
2024-07-26,07/26/24,-21.31,-2131,debit,withdrawals,PURCHASE 0726 APPLE.COM/BILL 866-712-7753 CA,07/26/24 PURCHASE 0726 APPLE.COM/BILL 866-712-7753 CA,"July 19, 2024","August 19, 2024",2061,eStmt_2024-08-19.pdf,"[""07/26/24 PURCHASE   0726 APPLE.COM/BILL 866-712-7753 CA -21.31""]"
2024-07-26,07/26/24,-6.38,-638,debit,withdrawals,PURCHASE 0725 SPOTIFY 877-778-1161 NY,07/26/24 PURCHASE 0725 SPOTIFY 877-778-1161 NY,"July 19, 2024","August 19, 2024",2061,eStmt_2024-08-19.pdf,"[""07/26/24 PURCHASE   0725 SPOTIFY 877-778-1161 NY -6.38""]"
2024-07-26,07/26/24,-5.32,-532,debit,withdrawals,PURCHASE 0726 APPLE.COM/BILL 866-712-7753 CA,07/26/24 PURCHASE 0726 APPLE.COM/BILL 866-712-7753 CA,"July 19, 2024","August 19, 2024",2061,eStmt_2024-08-19.pdf,"[""07/26/24 PURCHASE   0726 APPLE.COM/BILL 866-712-7753 CA -5.32""]"
2024-07-29,07/29/24,-24.26,-2426,debit,withdrawals,PURCHASE 0726 UBER EATS HELP.UBER.COMCA,07/29/24 PURCHASE 0726 UBER EATS HELP.UBER.COMCA,"July 19, 2024","August 19, 2024",2061,eStmt_2024-08-19.pdf,"[""07/29/24 PURCHASE   0726 UBER   EATS HELP.UBER.COMCA -24.26""]"
2024-08-01,08/01/24,133.17,13317,credit,deposits,137410 VIBRATION DES:DIR DEP ID:1747 INDN:MOUSTAFA M. NASR CO ID:2364227403 PPD,08/01/24 137410 VIBRATION DES:DIR DEP ID:1747 INDN:MOUSTAFA M. NASR CO ID:2364227403 PPD,"July 19, 2024","August 19, 2024",2061,eStmt_2024-08-19.pdf,"[""08/01/24 137410 VIBRATION DES:DIR DEP    ID:1747  INDN:MOUSTAFA M. NASR        CO ID:2364227403"", ""PPD133.17""]"
2024-08-02,08/02/24,-21.31,-2131,debit,withdrawals,PURCHASE 0801 APPLE.COM/BILL 866-712-7753 CA,08/02/24 PURCHASE 0801 APPLE.COM/BILL 866-712-7753 CA,"July 19, 2024","August 19, 2024",2061,eStmt_2024-08-19.pdf,"[""08/02/24 PURCHASE   0801 APPLE.COM/BILL 866-712-7753 CA -21.31""]"
2024-08-07,08/07/24,-24.94,-2494,debit,withdrawals,PURCHASE 0806 UBER EATS HELP.UBER.COMCA,08/07/24 PURCHASE 0806 UBER EATS HELP.UBER.COMCA,"July 19, 2024","August 19, 2024",2061,eStmt_2024-08-19.pdf,"[""08/07/24 PURCHASE   0806 UBER   EATS HELP.UBER.COMCA -24.94""]"
2024-08-07,08/07/24,-13.84,-1384,debit,withdrawals,PURCHASE 0807 UBER EATS HELP.UBER.COMCA,08/07/24 PURCHASE 0807 UBER EATS HELP.UBER.COMCA,"July 19, 2024","August 19, 2024",2061,eStmt_2024-08-19.pdf,"[""08/07/24 PURCHASE   0807 UBER   EATS HELP.UBER.COMCA -13.84""]"
2024-08-07,08/07/24,-9.99,-999,debit,withdrawals,PURCHASE 0807 UBER ONE HELP.UBER.COMCA,08/07/24 PURCHASE 0807 UBER ONE HELP.UBER.COMCA,"July 19, 2024","August 19, 2024",2061,eStmt_2024-08-19.pdf,"[""08/07/24 PURCHASE   0807 UBER   ONE HELP.UBER.COMCA -9.99""]"
2024-08-08,08/08/24,-7.15,-715,debit,withdrawals,PURCHASE 0808 UBER EATS HELP.UBER.COMCA,08/08/24 PURCHASE 0808 UBER EATS HELP.UBER.COMCA,"July 19, 2024","August 19, 2024",2061,eStmt_2024-08-19.pdf,"[""08/08/24 PURCHASE   0808 UBER   EATS HELP.UBER.COMCA -7.15""]"
2024-08-08,08/08/24,-2.00,-200,debit,withdrawals,PURCHASE 0808 UBER EATS HELP.UBER.COMCA,08/08/24 PURCHASE 0808 UBER EATS HELP.UBER.COMCA,"July 19, 2024","August 19, 2024",2061,eStmt_2024-08-19.pdf,"[""08/08/24 PURCHASE   0808 UBER   EATS HELP.UBER.COMCA -2.00""]"
2024-08-09,08/09/24,-53.00,-5300,debit,withdrawals,FUEL 4 BLOOMIN 08/09 #000151026 MOBILE PURCHASE 5 Main Street BLOOMINGDALE NJ,08/09/24 FUEL 4 BLOOMIN 08/09 #000151026 MOBILE PURCHASE 5 Main Street BLOOMINGDALE NJ,"July 19, 2024","August 19, 2024",2061,eStmt_2024-08-19.pdf,"[""08/09/24 FUEL 4 BLOOMIN  08/09 #000151026 MOBILE PURCHASE 5 Main Street      BLOOMINGDALE  NJ -53.00""]"
2024-08-09,08/09/24,-23.68,-2368,debit,withdrawals,PURCHASE 0809 UBER EATS HELP.UBER.COMCA,08/09/24 PURCHASE 0809 UBER EATS HELP.UBER.COMCA,"July 19, 2024","August 19, 2024",2061,eStmt_2024-08-19.pdf,"[""08/09/24 PURCHASE   0809 UBER   EATS HELP.UBER.COMCA -23.68""]"
2024-08-12,08/12/24,-57.00,-5700,debit,withdrawals,MOBILE PURCHASE 0810 MP TIMES SQUARE GARAGE NEW YORK NY,08/12/24 MOBILE PURCHASE 0810 MP TIMES SQUARE GARAGE NEW YORK NY,"July 19, 2024","August 19, 2024",2061,eStmt_2024-08-19.pdf,"[""08/12/24 MOBILE PURCHASE 0810  MP TIMES SQUARE GARAGE NEW YORK     NY -57.00""]"
2024-08-12,08/12/24,-37.50,-3750,debit,withdrawals,MOBILE PURCHASE 0809 REGAL E-WALK 13 1929 NEW YORK NY,08/12/24 MOBILE PURCHASE 0809 REGAL E-WALK 13 1929 NEW YORK NY,"July 19, 2024","August 19, 2024",2061,eStmt_2024-08-19.pdf,"[""08/12/24 MOBILE PURCHASE 0809  REGAL E-WALK 13  1929 NEW YORK     NY -37.50""]"
2024-08-12,08/12/24,-25.00,-2500,debit,other_subtractions,VENMO DES:PAYMENT ID:1036184153563 INDN:MOUSTAFA NASR CO ID:3264681992 WEB,08/12/24 VENMO DES:PAYMENT ID:1036184153563 INDN:MOUSTAFA NASR CO ID:3264681992 WEB,"July 19, 2024","August 19, 2024",2061,eStmt_2024-08-19.pdf,"[""08/12/24 VENMO            DES:PAYMENT    ID:1036184153563  INDN:MOUSTAFA NASR           CO"", ""ID:3264681992 WEB-25.00""]"
2024-08-12,08/12/24,-23.25,-2325,debit,withdrawals,PURCHASE 0811 UBER EATS HELP.UBER.COMCA,08/12/24 PURCHASE 0811 UBER EATS HELP.UBER.COMCA,"July 19, 2024","August 19, 2024",2061,eStmt_2024-08-19.pdf,"[""08/12/24 PURCHASE   0811 UBER   EATS HELP.UBER.COMCA -23.25""]"
2024-08-12,08/12/24,-23.25,-2325,debit,withdrawals,PURCHASE 0812 UBER EATS HELP.UBER.COMCA,08/12/24 PURCHASE 0812 UBER EATS HELP.UBER.COMCA,"July 19, 2024","August 19, 2024",2061,eStmt_2024-08-19.pdf,"[""08/12/24 PURCHASE   0812 UBER   EATS HELP.UBER.COMCA -23.25""]"
2024-08-12,08/12/24,-15.98,-1598,debit,withdrawals,MOBILE PURCHASE 0810 REAL FRUIT BUBBLE TEA H PARAMUS NJ,08/12/24 MOBILE PURCHASE 0810 REAL FRUIT BUBBLE TEA H PARAMUS NJ,"July 19, 2024","August 19, 2024",2061,eStmt_2024-08-19.pdf,"[""08/12/24 MOBILE PURCHASE 0810  REAL FRUIT BUBBLE TEA H PARAMUS      NJ -15.98""]"
2024-08-12,08/12/24,-10.86,-1086,debit,withdrawals,MOBILE PURCHASE 0810 WONDER BAGEL JERSEY CITY NJ,08/12/24 MOBILE PURCHASE 0810 WONDER BAGEL JERSEY CITY NJ,"July 19, 2024","August 19, 2024",2061,eStmt_2024-08-19.pdf,"[""08/12/24 MOBILE PURCHASE 0810  WONDER BAGEL JERSEY CITY  NJ -10.86""]"
2024-08-12,08/12/24,-6.07,-607,debit,withdrawals,MOBILE PURCHASE 0810 FIVE GUYS NJ 0173 QSR HACKENSACK NJ,08/12/24 MOBILE PURCHASE 0810 FIVE GUYS NJ 0173 QSR HACKENSACK NJ,"July 19, 2024","August 19, 2024",2061,eStmt_2024-08-19.pdf,"[""08/12/24 MOBILE PURCHASE 0810  FIVE GUYS NJ 0173 QSR HACKENSACK   NJ -6.07""]"
2024-08-13,08/13/24,-23.25,-2325,debit,withdrawals,PURCHASE 0813 UBER EATS HELP.UBER.COMCA,08/13/24 PURCHASE 0813 UBER EATS HELP.UBER.COMCA,"July 19, 2024","August 19, 2024",2061,eStmt_2024-08-19.pdf,"[""08/13/24 PURCHASE   0813 UBER   EATS HELP.UBER.COMCA -23.25""]"
2024-08-13,08/13/24,-5.50,-550,debit,withdrawals,MOBILE PURCHASE 0812 PROSPECT MINI MARKET & PATERSON NJ,08/13/24 MOBILE PURCHASE 0812 PROSPECT MINI MARKET & PATERSON NJ,"July 19, 2024","August 19, 2024",2061,eStmt_2024-08-19.pdf,"[""08/13/24 MOBILE PURCHASE 0812  PROSPECT MINI MARKET & PATERSON     NJ -5.50""]"
2024-08-14,08/14/24,-19.98,-1998,debit,withdrawals,CHECKCARD 0814 WAL-MART #3337 RIO GRANDE NJ,08/14/24 CHECKCARD 0814 WAL-MART #3337 RIO GRANDE NJ,"July 19, 2024","August 19, 2024",2061,eStmt_2024-08-19.pdf,"[""08/14/24 CHECKCARD  0814 WAL-MART #3337 RIO GRANDE   NJ -19.98""]"
2024-08-15,08/15/24,-49.69,-4969,debit,other_subtractions,Zelle payment to mister Conf# nnw9olsia,08/15/24 Zelle payment to mister Conf# nnw9olsia,"July 19, 2024","August 19, 2024",2061,eStmt_2024-08-19.pdf,"[""08/15/24 Zelle payment to  mister Conf# nnw9olsia -49.69""]"
2024-08-15,08/15/24,491.74,49174,credit,deposits,137410 VIBRATION DES:DIR DEP ID:1747 INDN:MOUSTAFA M. NASR CO ID:2364227403 PPD,08/15/24 137410 VIBRATION DES:DIR DEP ID:1747 INDN:MOUSTAFA M. NASR CO ID:2364227403 PPD,"July 19, 2024","August 19, 2024",2061,eStmt_2024-08-19.pdf,"[""08/15/24 137410 VIBRATION DES:DIR DEP    ID:1747  INDN:MOUSTAFA M. NASR        CO ID:2364227403"", ""PPD491.74""]"
2024-08-16,08/16/24,-100.00,-10000,debit,withdrawals,PMNT SENT 0815 APPLE CASH SENT MONEY 1INFINITELOOPCA,08/16/24 PMNT SENT 0815 APPLE CASH SENT MONEY 1INFINITELOOPCA,"July 19, 2024","August 19, 2024",2061,eStmt_2024-08-19.pdf,"[""08/16/24 PMNT SENT  0815 APPLE CASH SENT MONEY 1INFINITELOOPCA -100.00""]"
2024-08-19,08/19/24,-54.59,-5459,debit,withdrawals,MOBILE PURCHASE 0816 WAWA 980 CAPE MAY NJ,08/19/24 MOBILE PURCHASE 0816 WAWA 980 CAPE MAY NJ,"July 19, 2024","August 19, 2024",2061,eStmt_2024-08-19.pdf,"[""08/19/24 MOBILE PURCHASE 0816  WAWA 980 CAPE MAY     NJ -54.59""]"
2024-08-19,08/19/24,-30.00,-3000,debit,withdrawals,PMNT SENT 0818 CASH APP*OMAR ATTYAN 800-9691940 CA 24793384231003090770086,08/19/24 PMNT SENT 0818 CASH APP*OMAR ATTYAN 800-9691940 CA 24793384231003090770086,"July 19, 2024","August 19, 2024",2061,eStmt_2024-08-19.pdf,"[""08/19/24 PMNT SENT  0818 CASH APP*OMAR ATTYAN 800-9691940  CA 24793384231003090770086 -30.00""]"
2024-08-21,08/21/24,-6.29,-629,debit,withdrawals,MOBILE PURCHASE 0820 WAWA 946 RIO GRANDE NJ,08/21/24 MOBILE PURCHASE 0820 WAWA 946 RIO GRANDE NJ,"August 20, 2024","September 17, 2024",2061,eStmt_2024-09-17.pdf,"[""08/21/24 MOBILE PURCHASE 0820  WAWA 946 RIO GRANDE   NJ -6.29""]"
2024-08-22,08/22/24,-219.99,-21999,debit,withdrawals,CHECKCARD 0821 LEMON SQUAD AUTO INSPEC 888-2317965 WA 24275394234900014979490,08/22/24 CHECKCARD 0821 LEMON SQUAD AUTO INSPEC 888-2317965 WA 24275394234900014979490,"August 20, 2024","September 17, 2024",2061,eStmt_2024-09-17.pdf,"[""08/22/24 CHECKCARD  0821 LEMON SQUAD AUTO INSPEC 888-2317965  WA"", ""24275394234900014979490-219.99""]"
2024-08-23,08/23/24,-20.00,-2000,debit,other_subtractions,Zelle payment to Nada Nasr Conf# lc52ah9lu,08/23/24 Zelle payment to Nada Nasr Conf# lc52ah9lu,"August 20, 2024","September 17, 2024",2061,eStmt_2024-09-17.pdf,"[""08/23/24 Zelle payment to  Nada Nasr Conf# lc52ah9lu -20.00""]"
2024-08-23,08/23/24,-17.01,-1701,debit,withdrawals,PURCHASE 0822 CHEGG *ORDER 855-440-1323 CA,08/23/24 PURCHASE 0822 CHEGG *ORDER 855-440-1323 CA,"August 20, 2024","September 17, 2024",2061,eStmt_2024-09-17.pdf,"[""08/23/24 PURCHASE   0822 CHEGG  *ORDER 855-440-1323 CA -17.01""]"
2024-08-23,08/23/24,-6.79,-679,debit,withdrawals,MOBILE PURCHASE 0822 WAWA 946 RIO GRANDE NJ,08/23/24 MOBILE PURCHASE 0822 WAWA 946 RIO GRANDE NJ,"August 20, 2024","September 17, 2024",2061,eStmt_2024-09-17.pdf,"[""08/23/24 MOBILE PURCHASE 0822  WAWA 946 RIO GRANDE   NJ -6.79""]"
2024-08-26,08/26/24,-24.47,-2447,debit,withdrawals,PURCHASE 0825 AMAZON MKTPL*R414C7HE0 Amzn.com/billWA,08/26/24 PURCHASE 0825 AMAZON MKTPL*R414C7HE0 Amzn.com/billWA,"August 20, 2024","September 17, 2024",2061,eStmt_2024-09-17.pdf,"[""08/26/24 PURCHASE   0825 AMAZON MKTPL*R414C7HE0 Amzn.com/billWA -24.47""]"
2024-08-26,08/26/24,-20.00,-2000,debit,other_subtractions,VENMO DES:PAYMENT ID:1036491788443 INDN:MOUSTAFA NASR CO ID:3264681992 WEB,08/26/24 VENMO DES:PAYMENT ID:1036491788443 INDN:MOUSTAFA NASR CO ID:3264681992 WEB,"August 20, 2024","September 17, 2024",2061,eStmt_2024-09-17.pdf,"[""08/26/24 VENMO            DES:PAYMENT    ID:1036491788443  INDN:MOUSTAFA NASR           CO"", ""ID:3264681992 WEB-20.00""]"
2024-08-26,08/26/24,-10.00,-1000,debit,withdrawals,MOBILE PURCHASE 0824 WILDWOOD SINCLAIR WILDWOOD NJ,08/26/24 MOBILE PURCHASE 0824 WILDWOOD SINCLAIR WILDWOOD NJ,"August 20, 2024","September 17, 2024",2061,eStmt_2024-09-17.pdf,"[""08/26/24 MOBILE PURCHASE 0824  WILDWOOD SINCLAIR WILDWOOD     NJ -10.00""]"
2024-08-26,08/26/24,-8.52,-852,debit,withdrawals,MOBILE PURCHASE 0823 WAWA 452 CAPE MAY NJ,08/26/24 MOBILE PURCHASE 0823 WAWA 452 CAPE MAY NJ,"August 20, 2024","September 17, 2024",2061,eStmt_2024-09-17.pdf,"[""08/26/24 MOBILE PURCHASE 0823  WAWA 452 CAPE MAY     NJ -8.52""]"
2024-08-26,08/26/24,-6.38,-638,debit,withdrawals,PURCHASE 0825 SPOTIFY 877-778-1161 NY,08/26/24 PURCHASE 0825 SPOTIFY 877-778-1161 NY,"August 20, 2024","September 17, 2024",2061,eStmt_2024-09-17.pdf,"[""08/26/24 PURCHASE   0825 SPOTIFY 877-778-1161 NY -6.38""]"
2024-08-27,08/27/24,-20.00,-2000,debit,withdrawals,PURCHASE 0825 CG LAUNDRY RUTGERS COLL 804-7846100 NJ,08/27/24 PURCHASE 0825 CG LAUNDRY RUTGERS COLL 804-7846100 NJ,"August 20, 2024","September 17, 2024",2061,eStmt_2024-09-17.pdf,"[""08/27/24 PURCHASE   0825 CG LAUNDRY RUTGERS COLL 804-7846100  NJ -20.00""]"
2024-08-27,08/27/24,-13.81,-1381,debit,withdrawals,MOBILE PURCHASE 0826 TST*EL JEFES TAQUERIA O NEW BRUNSWICKNJ,08/27/24 MOBILE PURCHASE 0826 TST*EL JEFES TAQUERIA O NEW BRUNSWICKNJ,"August 20, 2024","September 17, 2024",2061,eStmt_2024-09-17.pdf,"[""08/27/24 MOBILE PURCHASE 0826  TST*EL JEFES TAQUERIA O NEW BRUNSWICKNJ -13.81""]"
2024-08-27,08/27/24,-2.93,-293,debit,withdrawals,MOBILE PURCHASE 0826 TST*EL JEFES TAQUERIA O NEW BRUNSWICKNJ,08/27/24 MOBILE PURCHASE 0826 TST*EL JEFES TAQUERIA O NEW BRUNSWICKNJ,"August 20, 2024","September 17, 2024",2061,eStmt_2024-09-17.pdf,"[""08/27/24 MOBILE PURCHASE 0826  TST*EL JEFES TAQUERIA O NEW BRUNSWICKNJ -2.93""]"
2024-08-27,08/27/24,100.00,10000,credit,deposits,Zelle payment from MOHAMED NASR Conf# d864dyj5v,08/27/24 Zelle payment from MOHAMED NASR Conf# d864dyj5v,"August 20, 2024","September 17, 2024",2061,eStmt_2024-09-17.pdf,"[""08/27/24 Zelle payment from MOHAMED NASR Conf# d864dyj5v 100.00""]"
2024-08-28,08/28/24,-22.00,-2200,debit,withdrawals,PMNT SENT 0827 APPLE CASH BALANCE ADD 877-233-8552 CA,08/28/24 PMNT SENT 0827 APPLE CASH BALANCE ADD 877-233-8552 CA,"August 20, 2024","September 17, 2024",2061,eStmt_2024-09-17.pdf,"[""08/28/24 PMNT SENT  0827 APPLE CASH BALANCE ADD 877-233-8552 CA -22.00""]"
2024-08-29,08/29/24,-46.07,-4607,debit,withdrawals,PURCHASE 0829 AMAZON MARK* RK5OV4ZG1 HTTPSAMAZON.CWA,08/29/24 PURCHASE 0829 AMAZON MARK* RK5OV4ZG1 HTTPSAMAZON.CWA,"August 20, 2024","September 17, 2024",2061,eStmt_2024-09-17.pdf,"[""08/29/24 PURCHASE   0829 AMAZON MARK* RK5OV4ZG1 HTTPSAMAZON.CWA -46.07""]"
2024-08-29,08/29/24,-12.76,-1276,debit,withdrawals,MOBILE PURCHASE 0829 SNACK* AKIHI BUBBLE TE 186-68682146 CA,08/29/24 MOBILE PURCHASE 0829 SNACK* AKIHI BUBBLE TE 186-68682146 CA,"August 20, 2024","September 17, 2024",2061,eStmt_2024-09-17.pdf,"[""08/29/24 MOBILE PURCHASE 0829  SNACK* AKIHI BUBBLE TE 186-68682146 CA -12.76""]"
2024-08-30,08/30/24,-30.00,-3000,debit,withdrawals,PMNT SENT 0829 APPLE CASH BALANCE ADD 877-233-8552 CA,08/30/24 PMNT SENT 0829 APPLE CASH BALANCE ADD 877-233-8552 CA,"August 20, 2024","September 17, 2024",2061,eStmt_2024-09-17.pdf,"[""08/30/24 PMNT SENT  0829 APPLE CASH BALANCE ADD 877-233-8552 CA -30.00""]"
2024-08-30,08/30/24,-15.98,-1598,debit,withdrawals,"PURCHASE 0829 APPLE.COM/BILL 866-712-7753 CA continued on the next page MOUSTAFA MOHAMED NASR ! Account # 3810 6904 2061 ! August 20, 2024 to September 17, 2024","08/30/24 PURCHASE 0829 APPLE.COM/BILL 866-712-7753 CA continued on the next page MOUSTAFA MOHAMED NASR ! Account # 3810 6904 2061 ! August 20, 2024 to September 17, 2024","August 20, 2024","September 17, 2024",2061,eStmt_2024-09-17.pdf,"[""08/30/24 PURCHASE   0829 APPLE.COM/BILL 866-712-7753 CA -15.98"", ""continued on the next page"", ""MOUSTAFA MOHAMED NASR   !   Account # 3810 6904 2061   !   August 20, 2024 to September 17, 2024""]"
2024-08-30,08/30/24,-11.20,-1120,debit,withdrawals,MOBILE PURCHASE 0828 TST*EL JEFES TAQUERIA O NEW BRUNSWICKNJ,08/30/24 MOBILE PURCHASE 0828 TST*EL JEFES TAQUERIA O NEW BRUNSWICKNJ,"August 20, 2024","September 17, 2024",2061,eStmt_2024-09-17.pdf,"[""08/30/24 MOBILE PURCHASE 0828  TST*EL JEFES TAQUERIA O NEW BRUNSWICKNJ -11.20""]"
2024-09-03,09/03/24,-21.31,-2131,debit,withdrawals,PURCHASE 0901 APPLE.COM/BILL 866-712-7753 CA,09/03/24 PURCHASE 0901 APPLE.COM/BILL 866-712-7753 CA,"August 20, 2024","September 17, 2024",2061,eStmt_2024-09-17.pdf,"[""09/03/24 PURCHASE   0901 APPLE.COM/BILL 866-712-7753 CA -21.31""]"
2024-09-03,09/03/24,-20.00,-2000,debit,other_subtractions,"VENMO DES:PAYMENT ID:1036658952493 INDN:MOUSTAFA NASR CO ID:3264681992 WEB continued on the next page MOUSTAFA MOHAMED NASR ! Account # 3810 6904 2061 ! August 20, 2024 to September 17, 2024","09/03/24 VENMO DES:PAYMENT ID:1036658952493 INDN:MOUSTAFA NASR CO ID:3264681992 WEB continued on the next page MOUSTAFA MOHAMED NASR ! Account # 3810 6904 2061 ! August 20, 2024 to September 17, 2024","August 20, 2024","September 17, 2024",2061,eStmt_2024-09-17.pdf,"[""09/03/24 VENMO            DES:PAYMENT    ID:1036658952493  INDN:MOUSTAFA NASR           CO"", ""ID:3264681992 WEB-20.00"", ""continued on the next page"", ""MOUSTAFA MOHAMED NASR   !   Account # 3810 6904 2061   !   August 20, 2024 to September 17, 2024""]"
2024-09-03,09/03/24,-13.81,-1381,debit,withdrawals,MOBILE PURCHASE 0901 TST*EL JEFES TAQUERIA O NEW BRUNSWICKNJ,09/03/24 MOBILE PURCHASE 0901 TST*EL JEFES TAQUERIA O NEW BRUNSWICKNJ,"August 20, 2024","September 17, 2024",2061,eStmt_2024-09-17.pdf,"[""09/03/24 MOBILE PURCHASE 0901  TST*EL JEFES TAQUERIA O NEW BRUNSWICKNJ -13.81""]"
2024-09-03,09/03/24,-7.46,-746,debit,withdrawals,MOBILE PURCHASE 0831 TST*OBAGEL - NEW BRUNSW New BrunswickNJ,09/03/24 MOBILE PURCHASE 0831 TST*OBAGEL - NEW BRUNSW New BrunswickNJ,"August 20, 2024","September 17, 2024",2061,eStmt_2024-09-17.pdf,"[""09/03/24 MOBILE PURCHASE 0831  TST*OBAGEL - NEW BRUNSW New BrunswickNJ -7.46""]"
2024-09-03,09/03/24,-2.13,-213,debit,withdrawals,MOBILE PURCHASE 0831 TST*NIRVANIS INDIAN KIT New BrunswickNJ,09/03/24 MOBILE PURCHASE 0831 TST*NIRVANIS INDIAN KIT New BrunswickNJ,"August 20, 2024","September 17, 2024",2061,eStmt_2024-09-17.pdf,"[""09/03/24 MOBILE PURCHASE 0831  TST*NIRVANIS INDIAN KIT New BrunswickNJ -2.13""]"
2024-09-06,09/06/24,-11.20,-1120,debit,withdrawals,MOBILE PURCHASE 0904 TST*EL JEFES TAQUERIA O NEW BRUNSWICKNJ,09/06/24 MOBILE PURCHASE 0904 TST*EL JEFES TAQUERIA O NEW BRUNSWICKNJ,"August 20, 2024","September 17, 2024",2061,eStmt_2024-09-17.pdf,"[""09/06/24 MOBILE PURCHASE 0904  TST*EL JEFES TAQUERIA O NEW BRUNSWICKNJ -11.20""]"
2024-09-06,09/06/24,-9.34,-934,debit,withdrawals,PURCHASE 0905 AMAZON RETA* ZT6PE50W1 WWW.AMAZON.COWA,09/06/24 PURCHASE 0905 AMAZON RETA* ZT6PE50W1 WWW.AMAZON.COWA,"August 20, 2024","September 17, 2024",2061,eStmt_2024-09-17.pdf,"[""09/06/24 PURCHASE   0905 AMAZON RETA* ZT6PE50W1 WWW.AMAZON.COWA -9.34""]"
2024-09-06,09/06/24,-4.30,-430,debit,other_subtractions,Zelle payment to SUJAY KETHINENI Conf# j72t9mzpf,09/06/24 Zelle payment to SUJAY KETHINENI Conf# j72t9mzpf,"August 20, 2024","September 17, 2024",2061,eStmt_2024-09-17.pdf,"[""09/06/24 Zelle payment to  SUJAY KETHINENI Conf# j72t9mzpf -4.30""]"
2024-09-09,09/09/24,-150.00,-15000,debit,other_subtractions,Zelle payment to Nada Nasr Conf# rmkn8eiea,09/09/24 Zelle payment to Nada Nasr Conf# rmkn8eiea,"August 20, 2024","September 17, 2024",2061,eStmt_2024-09-17.pdf,"[""09/09/24 Zelle payment to  Nada Nasr Conf# rmkn8eiea -150.00""]"
2024-09-09,09/09/24,-127.94,-12794,debit,withdrawals,PURCHASE 0907 PAYPAL *PEARSONEDUC 800-947-7700 NJ,09/09/24 PURCHASE 0907 PAYPAL *PEARSONEDUC 800-947-7700 NJ,"August 20, 2024","September 17, 2024",2061,eStmt_2024-09-17.pdf,"[""09/09/24 PURCHASE   0907 PAYPAL *PEARSONEDUC 800-947-7700 NJ -127.94""]"
2024-09-09,09/09/24,-40.50,-4050,debit,withdrawals,PURCHASE 0908 NJT RAIL MY-TIX 973-378-6339 NJ,09/09/24 PURCHASE 0908 NJT RAIL MY-TIX 973-378-6339 NJ,"August 20, 2024","September 17, 2024",2061,eStmt_2024-09-17.pdf,"[""09/09/24 PURCHASE   0908 NJT RAIL MY-TIX 973-378-6339 NJ -40.50""]"
2024-09-09,09/09/24,-11.20,-1120,debit,withdrawals,MOBILE PURCHASE 0907 TST*EL JEFES TAQUERIA O NEW BRUNSWICKNJ,09/09/24 MOBILE PURCHASE 0907 TST*EL JEFES TAQUERIA O NEW BRUNSWICKNJ,"August 20, 2024","September 17, 2024",2061,eStmt_2024-09-17.pdf,"[""09/09/24 MOBILE PURCHASE 0907  TST*EL JEFES TAQUERIA O NEW BRUNSWICKNJ -11.20""]"
2024-09-09,09/09/24,-9.99,-999,debit,withdrawals,PURCHASE 0907 UBER *ONE HELP.UBER.COMCA,09/09/24 PURCHASE 0907 UBER *ONE HELP.UBER.COMCA,"August 20, 2024","September 17, 2024",2061,eStmt_2024-09-17.pdf,"[""09/09/24 PURCHASE   0907 UBER   *ONE HELP.UBER.COMCA -9.99""]"
2024-09-09,09/09/24,-7.62,-762,debit,withdrawals,MOBILE PURCHASE 0908 99 CENTS DELICIOUS PIZZ NEW YORK NY,09/09/24 MOBILE PURCHASE 0908 99 CENTS DELICIOUS PIZZ NEW YORK NY,"August 20, 2024","September 17, 2024",2061,eStmt_2024-09-17.pdf,"[""09/09/24 MOBILE PURCHASE 0908  99 CENTS DELICIOUS PIZZ NEW YORK     NY -7.62""]"
2024-09-11,09/11/24,-5.29,-529,debit,withdrawals,7-ELEVEN 09/10 #000329288 MOBILE PURCHASE 7-ELEVEN New Brunswick NJ,09/11/24 7-ELEVEN 09/10 #000329288 MOBILE PURCHASE 7-ELEVEN New Brunswick NJ,"August 20, 2024","September 17, 2024",2061,eStmt_2024-09-17.pdf,"[""09/11/24 7-ELEVEN        09/10 #000329288 MOBILE PURCHASE 7-ELEVEN           New Brunswick NJ -5.29""]"
2024-09-11,09/11/24,-0.85,-85,debit,withdrawals,MOBILE PURCHASE 0910 LATINO SUPERMARKET NEW BRUNSWICKNJ,09/11/24 MOBILE PURCHASE 0910 LATINO SUPERMARKET NEW BRUNSWICKNJ,"August 20, 2024","September 17, 2024",2061,eStmt_2024-09-17.pdf,"[""09/11/24 MOBILE PURCHASE 0910  LATINO SUPERMARKET NEW BRUNSWICKNJ -0.85""]"
2024-09-12,09/12/24,-30.00,-3000,debit,withdrawals,PMNT SENT 0911 APPLE CASH SENT MONEY 1INFINITELOOPCA,09/12/24 PMNT SENT 0911 APPLE CASH SENT MONEY 1INFINITELOOPCA,"August 20, 2024","September 17, 2024",2061,eStmt_2024-09-17.pdf,"[""09/12/24 PMNT SENT  0911 APPLE CASH SENT MONEY 1INFINITELOOPCA -30.00""]"
2024-09-12,09/12/24,-12.00,-1200,debit,withdrawals,PMNT SENT 0911 APPLE CASH SENT MONEY 1INFINITELOOPCA,09/12/24 PMNT SENT 0911 APPLE CASH SENT MONEY 1INFINITELOOPCA,"August 20, 2024","September 17, 2024",2061,eStmt_2024-09-17.pdf,"[""09/12/24 PMNT SENT  0911 APPLE CASH SENT MONEY 1INFINITELOOPCA -12.00""]"
2024-09-16,09/16/24,-67.14,-6714,debit,withdrawals,MOBILE PURCHASE 0914 SQ *SAKANA SUSHI New BrunswickNJ,09/16/24 MOBILE PURCHASE 0914 SQ *SAKANA SUSHI New BrunswickNJ,"August 20, 2024","September 17, 2024",2061,eStmt_2024-09-17.pdf,"[""09/16/24 MOBILE PURCHASE 0914  SQ *SAKANA SUSHI New BrunswickNJ -67.14""]"
2024-09-16,09/16/24,-18.22,-1822,debit,withdrawals,MOBILE PURCHASE 0913 TACO BELL 039099 UNION CITY NJ,09/16/24 MOBILE PURCHASE 0913 TACO BELL 039099 UNION CITY NJ,"August 20, 2024","September 17, 2024",2061,eStmt_2024-09-17.pdf,"[""09/16/24 MOBILE PURCHASE 0913  TACO BELL 039099 UNION CITY   NJ -18.22""]"
2024-09-16,09/16/24,-10.50,-1050,debit,withdrawals,MOBILE PURCHASE 0915 SQ *BBS FOODS EFES CAFE New BrunswickNJ,09/16/24 MOBILE PURCHASE 0915 SQ *BBS FOODS EFES CAFE New BrunswickNJ,"August 20, 2024","September 17, 2024",2061,eStmt_2024-09-17.pdf,"[""09/16/24 MOBILE PURCHASE 0915  SQ *BBS FOODS EFES CAFE New BrunswickNJ -10.50""]"
2024-09-16,09/16/24,-3.29,-329,debit,withdrawals,MOBILE PURCHASE 0913 DUNKIN #337947 Q35 NEW BRUNSWICKNJ,09/16/24 MOBILE PURCHASE 0913 DUNKIN #337947 Q35 NEW BRUNSWICKNJ,"August 20, 2024","September 17, 2024",2061,eStmt_2024-09-17.pdf,"[""09/16/24 MOBILE PURCHASE 0913  DUNKIN #337947 Q35 NEW BRUNSWICKNJ -3.29""]"
2024-09-16,09/16/24,-2.99,-299,debit,withdrawals,MOBILE PURCHASE 0915 TST*EL JEFES TAQUERIA O NEW BRUNSWICKNJ,09/16/24 MOBILE PURCHASE 0915 TST*EL JEFES TAQUERIA O NEW BRUNSWICKNJ,"August 20, 2024","September 17, 2024",2061,eStmt_2024-09-17.pdf,"[""09/16/24 MOBILE PURCHASE 0915  TST*EL JEFES TAQUERIA O NEW BRUNSWICKNJ -2.99""]"
2024-09-17,09/17/24,-30.00,-3000,debit,withdrawals,PMNT SENT 0916 APPLE CASH SENT MONEY 1INFINITELOOPCA,09/17/24 PMNT SENT 0916 APPLE CASH SENT MONEY 1INFINITELOOPCA,"August 20, 2024","September 17, 2024",2061,eStmt_2024-09-17.pdf,"[""09/17/24 PMNT SENT  0916 APPLE CASH SENT MONEY 1INFINITELOOPCA -30.00""]"
2024-09-17,09/17/24,-10.00,-1000,debit,withdrawals,MOBILE PURCHASE 0917 SNACK* AKIHI BUBBLE TE 186-68682146 CA,09/17/24 MOBILE PURCHASE 0917 SNACK* AKIHI BUBBLE TE 186-68682146 CA,"August 20, 2024","September 17, 2024",2061,eStmt_2024-09-17.pdf,"[""09/17/24 MOBILE PURCHASE 0917  SNACK* AKIHI BUBBLE TE 186-68682146 CA -10.00""]"
2024-09-17,09/17/24,-2.56,-256,debit,withdrawals,MOBILE PURCHASE 0916 DOLLAR BRUNSWICK LLC NEW BRUNSWICKNJ,09/17/24 MOBILE PURCHASE 0916 DOLLAR BRUNSWICK LLC NEW BRUNSWICKNJ,"August 20, 2024","September 17, 2024",2061,eStmt_2024-09-17.pdf,"[""09/17/24 MOBILE PURCHASE 0916  DOLLAR BRUNSWICK LLC NEW BRUNSWICKNJ -2.56""]"
2024-09-19,09/19/24,-11.34,-1134,debit,withdrawals,MOBILE PURCHASE 0917 MAMOUN'S FALAFEL NEW BRUNSWICKNJ,09/19/24 MOBILE PURCHASE 0917 MAMOUN'S FALAFEL NEW BRUNSWICKNJ,"September 18, 2024","October 18, 2024",2061,eStmt_2024-10-18.pdf,"[""09/19/24 MOBILE PURCHASE 0917  MAMOUN'S FALAFEL NEW BRUNSWICKNJ -11.34""]"
2024-09-19,09/19/24,-9.24,-924,debit,withdrawals,PURCHASE 0918 UBER *TRIP HELP.UBER.COMCA,09/19/24 PURCHASE 0918 UBER *TRIP HELP.UBER.COMCA,"September 18, 2024","October 18, 2024",2061,eStmt_2024-10-18.pdf,"[""09/19/24 PURCHASE   0918 UBER   *TRIP HELP.UBER.COMCA -9.24""]"
2024-09-19,09/19/24,15.61,1561,credit,deposits,137410 VIBRATION DES:DIR DEP ID:1747 INDN:MOUSTAFA M. NASR CO ID:2364227403 PPD,09/19/24 137410 VIBRATION DES:DIR DEP ID:1747 INDN:MOUSTAFA M. NASR CO ID:2364227403 PPD,"September 18, 2024","October 18, 2024",2061,eStmt_2024-10-18.pdf,"[""09/19/24 137410 VIBRATION DES:DIR DEP    ID:1747  INDN:MOUSTAFA M. NASR        CO ID:2364227403"", ""PPD15.61""]"
2024-09-20,09/20/24,-15.00,-1500,debit,other_subtractions,VENMO DES:PAYMENT ID:1037042834245 INDN:MOUSTAFA NASR CO ID:3264681992 WEB,09/20/24 VENMO DES:PAYMENT ID:1037042834245 INDN:MOUSTAFA NASR CO ID:3264681992 WEB,"September 18, 2024","October 18, 2024",2061,eStmt_2024-10-18.pdf,"[""09/20/24 VENMO            DES:PAYMENT    ID:1037042834245  INDN:MOUSTAFA NASR           CO"", ""ID:3264681992 WEB-15.00""]"
2024-09-23,09/23/24,-39.99,-3999,debit,withdrawals,PURCHASE 0922 AMAZON MKTPL*GD2FA2I43 Amzn.com/billWA,09/23/24 PURCHASE 0922 AMAZON MKTPL*GD2FA2I43 Amzn.com/billWA,"September 18, 2024","October 18, 2024",2061,eStmt_2024-10-18.pdf,"[""09/23/24 PURCHASE   0922 AMAZON MKTPL*GD2FA2I43 Amzn.com/billWA -39.99""]"
2024-09-23,09/23/24,-22.80,-2280,debit,withdrawals,PURCHASE 0922 AMAZON RETA* 8Y93S20Q3 WWW.AMAZON.COWA,09/23/24 PURCHASE 0922 AMAZON RETA* 8Y93S20Q3 WWW.AMAZON.COWA,"September 18, 2024","October 18, 2024",2061,eStmt_2024-10-18.pdf,"[""09/23/24 PURCHASE   0922 AMAZON RETA* 8Y93S20Q3 WWW.AMAZON.COWA -22.80""]"
2024-09-23,09/23/24,-17.01,-1701,debit,withdrawals,PURCHASE 0922 CHEGG *ORDER 855-440-1323 CA,09/23/24 PURCHASE 0922 CHEGG *ORDER 855-440-1323 CA,"September 18, 2024","October 18, 2024",2061,eStmt_2024-10-18.pdf,"[""09/23/24 PURCHASE   0922 CHEGG  *ORDER 855-440-1323 CA -17.01""]"
2024-09-23,09/23/24,-6.00,-600,debit,other_subtractions,VENMO DES:PAYMENT ID:1037100533895 INDN:MOUSTAFA NASR CO ID:3264681992 WEB,09/23/24 VENMO DES:PAYMENT ID:1037100533895 INDN:MOUSTAFA NASR CO ID:3264681992 WEB,"September 18, 2024","October 18, 2024",2061,eStmt_2024-10-18.pdf,"[""09/23/24 VENMO            DES:PAYMENT    ID:1037100533895  INDN:MOUSTAFA NASR           CO"", ""ID:3264681992 WEB-6.00""]"
2024-09-24,09/24/24,-13.42,-1342,debit,withdrawals,MOBILE PURCHASE 0923 THGUSA_8 NEW BRUNSWICKNJ,09/24/24 MOBILE PURCHASE 0923 THGUSA_8 NEW BRUNSWICKNJ,"September 18, 2024","October 18, 2024",2061,eStmt_2024-10-18.pdf,"[""09/24/24 MOBILE PURCHASE 0923  THGUSA_8 NEW BRUNSWICKNJ -13.42""]"
2024-09-26,09/26/24,-6.38,-638,debit,withdrawals,"PURCHASE 0925 SPOTIFY 877-778-1161 NY continued on the next page MOUSTAFA MOHAMED NASR ! Account # 3810 6904 2061 ! September 18, 2024 to October 18, 2024","09/26/24 PURCHASE 0925 SPOTIFY 877-778-1161 NY continued on the next page MOUSTAFA MOHAMED NASR ! Account # 3810 6904 2061 ! September 18, 2024 to October 18, 2024","September 18, 2024","October 18, 2024",2061,eStmt_2024-10-18.pdf,"[""09/26/24 PURCHASE   0925 SPOTIFY 877-778-1161 NY -6.38"", ""continued on the next page"", ""MOUSTAFA MOHAMED NASR   !   Account # 3810 6904 2061   !   September 18, 2024 to October 18, 2024""]"
2024-09-27,09/27/24,-8.41,-841,debit,withdrawals,MOBILE PURCHASE 0927 SNACK* AKIHI BUBBLE TE 186-68682146 CA,09/27/24 MOBILE PURCHASE 0927 SNACK* AKIHI BUBBLE TE 186-68682146 CA,"September 18, 2024","October 18, 2024",2061,eStmt_2024-10-18.pdf,"[""09/27/24 MOBILE PURCHASE 0927  SNACK* AKIHI BUBBLE TE 186-68682146 CA -8.41""]"
2024-10-01,10/01/24,20.00,2000,credit,deposits,Online Banking transfer from CHK 3765 Confirmation# 7279711905,10/01/24 Online Banking transfer from CHK 3765 Confirmation# 7279711905,"September 18, 2024","October 18, 2024",2061,eStmt_2024-10-18.pdf,"[""10/01/24 Online Banking transfer from CHK 3765 Confirmation# 7279711905 20.00""]"
2024-10-02,10/02/24,-21.31,-2131,debit,withdrawals,PURCHASE 1002 APPLE.COM/BILL 866-712-7753 CA,10/02/24 PURCHASE 1002 APPLE.COM/BILL 866-712-7753 CA,"September 18, 2024","October 18, 2024",2061,eStmt_2024-10-18.pdf,"[""10/02/24 PURCHASE   1002 APPLE.COM/BILL 866-712-7753 CA -21.31""]"
2024-10-03,10/03/24,60.57,6057,credit,deposits,137410 VIBRATION DES:DIR DEP ID:1747 INDN:MOUSTAFA M. NASR CO ID:2364227403 PPD,10/03/24 137410 VIBRATION DES:DIR DEP ID:1747 INDN:MOUSTAFA M. NASR CO ID:2364227403 PPD,"September 18, 2024","October 18, 2024",2061,eStmt_2024-10-18.pdf,"[""10/03/24 137410 VIBRATION DES:DIR DEP    ID:1747  INDN:MOUSTAFA M. NASR        CO ID:2364227403"", ""PPD60.57""]"
2024-10-03,10/03/24,650.00,65000,credit,deposits,Online Banking transfer from CHK 3765 Confirmation# 7297757284,10/03/24 Online Banking transfer from CHK 3765 Confirmation# 7297757284,"September 18, 2024","October 18, 2024",2061,eStmt_2024-10-18.pdf,"[""10/03/24 Online Banking transfer from CHK 3765 Confirmation# 7297757284 650.00""]"
2024-10-04,10/04/24,658.00,65800,credit,deposits,Zelle payment from ANDREW RAMOS Conf# 0IQDK43M2,10/04/24 Zelle payment from ANDREW RAMOS Conf# 0IQDK43M2,"September 18, 2024","October 18, 2024",2061,eStmt_2024-10-18.pdf,"[""10/04/24 Zelle payment from  ANDREW RAMOS Conf# 0IQDK43M2 658.00""]"
2024-10-07,10/07/24,-1355.22,-135522,debit,withdrawals,PURCHASE 1004 ONA*allchinabuy com London,10/07/24 PURCHASE 1004 ONA*allchinabuy com London,"September 18, 2024","October 18, 2024",2061,eStmt_2024-10-18.pdf,"[""10/07/24 PURCHASE   1004 ONA*allchinabuy com London -1,355.22""]"
2024-10-07,10/07/24,-7.62,-762,debit,withdrawals,MOBILE PURCHASE 1006 TST*EL JEFES TAQUERIA O NEW BRUNSWICKNJ,10/07/24 MOBILE PURCHASE 1006 TST*EL JEFES TAQUERIA O NEW BRUNSWICKNJ,"September 18, 2024","October 18, 2024",2061,eStmt_2024-10-18.pdf,"[""10/07/24 MOBILE PURCHASE 1006  TST*EL JEFES TAQUERIA O NEW BRUNSWICKNJ -7.62""]"
2024-10-09,10/09/24,30.00,3000,credit,deposits,Zelle payment from MOHAMED NASR Conf# g3wagh0ci,10/09/24 Zelle payment from MOHAMED NASR Conf# g3wagh0ci,"September 18, 2024","October 18, 2024",2061,eStmt_2024-10-18.pdf,"[""10/09/24 Zelle payment from MOHAMED NASR Conf# g3wagh0ci 30.00""]"
2024-10-10,10/10/24,15.61,1561,credit,deposits,137410 VIBRATION DES:DIR DEP ID:1747 INDN:MOUSTAFA M. NASR CO ID:2364227403 PPD,10/10/24 137410 VIBRATION DES:DIR DEP ID:1747 INDN:MOUSTAFA M. NASR CO ID:2364227403 PPD,"September 18, 2024","October 18, 2024",2061,eStmt_2024-10-18.pdf,"[""10/10/24 137410 VIBRATION DES:DIR DEP    ID:1747  INDN:MOUSTAFA M. NASR        CO ID:2364227403"", ""PPD15.61""]"
2024-10-10,10/10/24,40.00,4000,credit,deposits,Zelle payment from ANDREW RAMOS Conf# 0IQJ11ED8,10/10/24 Zelle payment from ANDREW RAMOS Conf# 0IQJ11ED8,"September 18, 2024","October 18, 2024",2061,eStmt_2024-10-18.pdf,"[""10/10/24 Zelle payment from  ANDREW RAMOS Conf# 0IQJ11ED8 40.00""]"
2024-10-10,10/10/24,100.00,10000,credit,deposits,Zelle payment from MOHAMED NASR Conf# c335w1dy6,10/10/24 Zelle payment from MOHAMED NASR Conf# c335w1dy6,"September 18, 2024","October 18, 2024",2061,eStmt_2024-10-18.pdf,"[""10/10/24 Zelle payment from MOHAMED NASR Conf# c335w1dy6 100.00""]"
2024-10-15,10/15/24,-58.88,-5888,debit,withdrawals,MOBILE PURCHASE 1013 EFES RESTAURANT NEW BRUNSWICKNJ,10/15/24 MOBILE PURCHASE 1013 EFES RESTAURANT NEW BRUNSWICKNJ,"September 18, 2024","October 18, 2024",2061,eStmt_2024-10-18.pdf,"[""10/15/24 MOBILE PURCHASE 1013  EFES RESTAURANT NEW BRUNSWICKNJ -58.88""]"
2024-10-15,10/15/24,-10.00,-1000,debit,withdrawals,PMNT SENT 1013 APPLE CASH BALANCE ADD 877-233-8552 CA,10/15/24 PMNT SENT 1013 APPLE CASH BALANCE ADD 877-233-8552 CA,"September 18, 2024","October 18, 2024",2061,eStmt_2024-10-18.pdf,"[""10/15/24 PMNT SENT  1013 APPLE CASH BALANCE ADD 877-233-8552 CA -10.00""]"
2024-10-16,10/16/24,-23.02,-2302,debit,withdrawals,MOBILE PURCHASE 1015 KING OF GYRO NEW BRUNSWICKNJ,10/16/24 MOBILE PURCHASE 1015 KING OF GYRO NEW BRUNSWICKNJ,"September 18, 2024","October 18, 2024",2061,eStmt_2024-10-18.pdf,"[""10/16/24 MOBILE PURCHASE 1015  KING OF GYRO NEW BRUNSWICKNJ -23.02""]"
2024-10-17,10/17/24,-33.04,-3304,debit,withdrawals,WALGREENS STOR 10/17 #000409650 MOBILE PURCHASE WALGREENS STORE 2 NEW BRUNSWICK NJ,10/17/24 WALGREENS STOR 10/17 #000409650 MOBILE PURCHASE WALGREENS STORE 2 NEW BRUNSWICK NJ,"September 18, 2024","October 18, 2024",2061,eStmt_2024-10-18.pdf,"[""10/17/24 WALGREENS STOR  10/17 #000409650 MOBILE PURCHASE WALGREENS STORE 2  NEW"", ""BRUNSWICK NJ-33.04""]"
2024-10-17,10/17/24,-32.44,-3244,debit,withdrawals,PURCHASE 1016 RH *allchinabuy.com London,10/17/24 PURCHASE 1016 RH *allchinabuy.com London,"September 18, 2024","October 18, 2024",2061,eStmt_2024-10-18.pdf,"[""10/17/24 PURCHASE   1016 RH *allchinabuy.com London -32.44""]"
2024-10-18,10/18/24,-21.86,-2186,debit,withdrawals,MOBILE PURCHASE 1017 TST*EL JEFES TAQUERIA O NEW BRUNSWICKNJ,10/18/24 MOBILE PURCHASE 1017 TST*EL JEFES TAQUERIA O NEW BRUNSWICKNJ,"September 18, 2024","October 18, 2024",2061,eStmt_2024-10-18.pdf,"[""10/18/24 MOBILE PURCHASE 1017  TST*EL JEFES TAQUERIA O NEW BRUNSWICKNJ -21.86""]"
2024-10-22,10/22/24,288.03,28803,credit,deposits,Epiq Class Actio DES:Payouts ID:000025453008737 INDN:MOUSTAFA NASR CO ID:1931210932 PPD,10/22/24 Epiq Class Actio DES:Payouts ID:000025453008737 INDN:MOUSTAFA NASR CO ID:1931210932 PPD,"October 19, 2024","November 15, 2024",2061,eStmt_2024-11-15.pdf,"[""10/22/24 Epiq Class Actio DES:Payouts    ID:000025453008737  INDN:MOUSTAFA NASR           CO"", ""ID:1931210932 PPD288.03""]"
2024-10-23,10/23/24,-17.01,-1701,debit,withdrawals,PURCHASE 1022 CHEGG *ORDER 855-440-1323 CA,10/23/24 PURCHASE 1022 CHEGG *ORDER 855-440-1323 CA,"October 19, 2024","November 15, 2024",2061,eStmt_2024-11-15.pdf,"[""10/23/24 PURCHASE   1022 CHEGG  *ORDER 855-440-1323 CA -17.01""]"
2024-10-23,10/23/24,-10.00,-1000,debit,withdrawals,PMNT SENT 1022 APPLE CASH BALANCE ADD 877-233-8552 CA,10/23/24 PMNT SENT 1022 APPLE CASH BALANCE ADD 877-233-8552 CA,"October 19, 2024","November 15, 2024",2061,eStmt_2024-11-15.pdf,"[""10/23/24 PMNT SENT  1022 APPLE CASH BALANCE ADD 877-233-8552 CA -10.00""]"
2024-10-23,10/23/24,-2.25,-225,debit,withdrawals,MOBILE PURCHASE 1022 KRAUZER'S FOOD STORE NEW BRUNSWICKNJ,10/23/24 MOBILE PURCHASE 1022 KRAUZER'S FOOD STORE NEW BRUNSWICKNJ,"October 19, 2024","November 15, 2024",2061,eStmt_2024-11-15.pdf,"[""10/23/24 MOBILE PURCHASE 1022  KRAUZER'S FOOD STORE NEW BRUNSWICKNJ -2.25""]"
2024-10-23,10/23/24,2008.00,200800,credit,deposits,Rutgers The Stat DES:NBS REFUND ID:10737555 INDN:MOUSTAFA NASR CO ID:8470751402 PPD,10/23/24 Rutgers The Stat DES:NBS REFUND ID:10737555 INDN:MOUSTAFA NASR CO ID:8470751402 PPD,"October 19, 2024","November 15, 2024",2061,eStmt_2024-11-15.pdf,"[""10/23/24 Rutgers The Stat DES:NBS REFUND ID:10737555  INDN:MOUSTAFA NASR           CO"", ""ID:8470751402 PPD2,008.00""]"
2024-10-24,10/24/24,-30.00,-3000,debit,other_subtractions,Zelle payment to Ethan Conf# jvkrz7mq8,10/24/24 Zelle payment to Ethan Conf# jvkrz7mq8,"October 19, 2024","November 15, 2024",2061,eStmt_2024-11-15.pdf,"[""10/24/24 Zelle payment to  Ethan Conf# jvkrz7mq8 -30.00""]"
2024-10-24,10/24/24,-22.30,-2230,debit,withdrawals,PMNT SENT 1023 APPLE CASH SENT MONEY 1INFINITELOOPCA,10/24/24 PMNT SENT 1023 APPLE CASH SENT MONEY 1INFINITELOOPCA,"October 19, 2024","November 15, 2024",2061,eStmt_2024-11-15.pdf,"[""10/24/24 PMNT SENT  1023 APPLE CASH SENT MONEY 1INFINITELOOPCA -22.30""]"
2024-10-24,10/24/24,199.52,19952,credit,deposits,137410 VIBRATION DES:DIR DEP ID:1747 INDN:MOUSTAFA M. NASR CO ID:2364227403 PPD,10/24/24 137410 VIBRATION DES:DIR DEP ID:1747 INDN:MOUSTAFA M. NASR CO ID:2364227403 PPD,"October 19, 2024","November 15, 2024",2061,eStmt_2024-11-15.pdf,"[""10/24/24 137410 VIBRATION DES:DIR DEP    ID:1747  INDN:MOUSTAFA M. NASR        CO ID:2364227403"", ""PPD199.52""]"
2024-10-25,10/25/24,-19.20,-1920,debit,withdrawals,"MOBILE PURCHASE 1024 RITE AID 02561 HIGHLAND PARKNJ continued on the next page MOUSTAFA MOHAMED NASR ! Account # 3810 6904 2061 ! October 19, 2024 to November 15, 2024","10/25/24 MOBILE PURCHASE 1024 RITE AID 02561 HIGHLAND PARKNJ continued on the next page MOUSTAFA MOHAMED NASR ! Account # 3810 6904 2061 ! October 19, 2024 to November 15, 2024","October 19, 2024","November 15, 2024",2061,eStmt_2024-11-15.pdf,"[""10/25/24 MOBILE PURCHASE 1024  RITE AID 02561 HIGHLAND PARKNJ -19.20"", ""continued on the next page"", ""MOUSTAFA MOHAMED NASR   !   Account # 3810 6904 2061   !   October 19, 2024 to November 15, 2024""]"
2024-10-28,10/28/24,-108.00,-10800,debit,withdrawals,PMNT SENT 1027 APPLE CASH SENT MONEY 1INFINITELOOPCA,10/28/24 PMNT SENT 1027 APPLE CASH SENT MONEY 1INFINITELOOPCA,"October 19, 2024","November 15, 2024",2061,eStmt_2024-11-15.pdf,"[""10/28/24 PMNT SENT  1027 APPLE CASH SENT MONEY 1INFINITELOOPCA -108.00""]"
2024-10-28,10/28/24,-74.19,-7419,debit,withdrawals,PURCHASE 1026 RH *allchinabuy.com London,10/28/24 PURCHASE 1026 RH *allchinabuy.com London,"October 19, 2024","November 15, 2024",2061,eStmt_2024-11-15.pdf,"[""10/28/24 PURCHASE   1026 RH *allchinabuy.com London -74.19""]"
2024-10-28,10/28/24,-16.61,-1661,debit,withdrawals,MOBILE PURCHASE 1026 WAWA 452 CAPE MAY NJ,10/28/24 MOBILE PURCHASE 1026 WAWA 452 CAPE MAY NJ,"October 19, 2024","November 15, 2024",2061,eStmt_2024-11-15.pdf,"[""10/28/24 MOBILE PURCHASE 1026  WAWA 452 CAPE MAY     NJ -16.61""]"
2024-10-28,10/28/24,-13.64,-1364,debit,withdrawals,MOBILE PURCHASE 1028 POPEYES 12202 NEW BRUNSWICKNJ,10/28/24 MOBILE PURCHASE 1028 POPEYES 12202 NEW BRUNSWICKNJ,"October 19, 2024","November 15, 2024",2061,eStmt_2024-11-15.pdf,"[""10/28/24 MOBILE PURCHASE 1028  POPEYES 12202 NEW BRUNSWICKNJ -13.64""]"
2024-10-28,10/28/24,-12.94,-1294,debit,withdrawals,MOBILE PURCHASE 1024 BUTLER FOOD STORE NEW BRUNSWICKNJ,10/28/24 MOBILE PURCHASE 1024 BUTLER FOOD STORE NEW BRUNSWICKNJ,"October 19, 2024","November 15, 2024",2061,eStmt_2024-11-15.pdf,"[""10/28/24 MOBILE PURCHASE 1024  BUTLER FOOD STORE NEW BRUNSWICKNJ -12.94""]"
2024-10-28,10/28/24,-8.79,-879,debit,withdrawals,MOBILE PURCHASE 1025 TST*OBAGEL - NEW BRUNSW New BrunswickNJ,10/28/24 MOBILE PURCHASE 1025 TST*OBAGEL - NEW BRUNSW New BrunswickNJ,"October 19, 2024","November 15, 2024",2061,eStmt_2024-11-15.pdf,"[""10/28/24 MOBILE PURCHASE 1025  TST*OBAGEL - NEW BRUNSW New BrunswickNJ -8.79""]"
2024-10-28,10/28/24,-6.38,-638,debit,withdrawals,PURCHASE 1025 SPOTIFY 877-778-1161 NY,10/28/24 PURCHASE 1025 SPOTIFY 877-778-1161 NY,"October 19, 2024","November 15, 2024",2061,eStmt_2024-11-15.pdf,"[""10/28/24 PURCHASE   1025 SPOTIFY 877-778-1161 NY -6.38""]"
2024-10-28,10/28/24,-1.29,-129,debit,withdrawals,PURCHASE 1026 RH *allchinabuy.com London,10/28/24 PURCHASE 1026 RH *allchinabuy.com London,"October 19, 2024","November 15, 2024",2061,eStmt_2024-11-15.pdf,"[""10/28/24 PURCHASE   1026 RH *allchinabuy.com London -1.29""]"
2024-10-28,10/28/24,-1.13,-113,debit,withdrawals,PURCHASE 1026 RH *allchinabuy.com London,10/28/24 PURCHASE 1026 RH *allchinabuy.com London,"October 19, 2024","November 15, 2024",2061,eStmt_2024-11-15.pdf,"[""10/28/24 PURCHASE   1026 RH *allchinabuy.com London -1.13""]"
2024-10-28,10/28/24,-0.99,-99,debit,withdrawals,PURCHASE 1026 RH *allchinabuy.com London,10/28/24 PURCHASE 1026 RH *allchinabuy.com London,"October 19, 2024","November 15, 2024",2061,eStmt_2024-11-15.pdf,"[""10/28/24 PURCHASE   1026 RH *allchinabuy.com London -0.99""]"
2024-10-29,10/29/24,-221.37,-22137,debit,withdrawals,PURCHASE 1028 RH *allchinabuy.com London,10/29/24 PURCHASE 1028 RH *allchinabuy.com London,"October 19, 2024","November 15, 2024",2061,eStmt_2024-11-15.pdf,"[""10/29/24 PURCHASE   1028 RH *allchinabuy.com London -221.37""]"
2024-10-29,10/29/24,-30.00,-3000,debit,withdrawals,MOBILE PURCHASE 1029 NNT DELTA TEANECK NJ,10/29/24 MOBILE PURCHASE 1029 NNT DELTA TEANECK NJ,"October 19, 2024","November 15, 2024",2061,eStmt_2024-11-15.pdf,"[""10/29/24 MOBILE PURCHASE 1029  NNT DELTA TEANECK      NJ -30.00""]"
2024-10-29,10/29/24,-17.00,-1700,debit,withdrawals,PMNT SENT 1028 APPLE CASH SENT MONEY 1INFINITELOOPCA,10/29/24 PMNT SENT 1028 APPLE CASH SENT MONEY 1INFINITELOOPCA,"October 19, 2024","November 15, 2024",2061,eStmt_2024-11-15.pdf,"[""10/29/24 PMNT SENT  1028 APPLE CASH SENT MONEY 1INFINITELOOPCA -17.00""]"
2024-10-29,10/29/24,-11.45,-1145,debit,withdrawals,MOBILE PURCHASE 1028 MAMOUN'S FALAFEL NEW BRUNSWICKNJ,10/29/24 MOBILE PURCHASE 1028 MAMOUN'S FALAFEL NEW BRUNSWICKNJ,"October 19, 2024","November 15, 2024",2061,eStmt_2024-11-15.pdf,"[""10/29/24 MOBILE PURCHASE 1028  MAMOUN'S FALAFEL NEW BRUNSWICKNJ -11.45""]"
2024-10-30,10/30/24,-11.00,-1100,debit,withdrawals,PMNT SENT 1029 APPLE CASH SENT MONEY 1INFINITELOOPCA,10/30/24 PMNT SENT 1029 APPLE CASH SENT MONEY 1INFINITELOOPCA,"October 19, 2024","November 15, 2024",2061,eStmt_2024-11-15.pdf,"[""10/30/24 PMNT SENT  1029 APPLE CASH SENT MONEY 1INFINITELOOPCA -11.00""]"
2024-10-30,10/30/24,-4.17,-417,debit,withdrawals,PURCHASE 1029 RH *allchinabuy.com London,10/30/24 PURCHASE 1029 RH *allchinabuy.com London,"October 19, 2024","November 15, 2024",2061,eStmt_2024-11-15.pdf,"[""10/30/24 PURCHASE   1029 RH *allchinabuy.com London -4.17""]"
2024-10-30,10/30/24,-1.60,-160,debit,withdrawals,PURCHASE 1029 RH *allchinabuy.com London,10/30/24 PURCHASE 1029 RH *allchinabuy.com London,"October 19, 2024","November 15, 2024",2061,eStmt_2024-11-15.pdf,"[""10/30/24 PURCHASE   1029 RH *allchinabuy.com London -1.60""]"
2024-10-31,10/31/24,-40.00,-4000,debit,other_subtractions,Zelle payment to gian Conf# p1txl5cda,10/31/24 Zelle payment to gian Conf# p1txl5cda,"October 19, 2024","November 15, 2024",2061,eStmt_2024-11-15.pdf,"[""10/31/24 Zelle payment to  gian Conf# p1txl5cda -40.00""]"
2024-10-31,10/31/24,72.60,7260,credit,deposits,137410 VIBRATION DES:DIR DEP ID:1747 INDN:MOUSTAFA M. NASR CO ID:2364227403 PPD,10/31/24 137410 VIBRATION DES:DIR DEP ID:1747 INDN:MOUSTAFA M. NASR CO ID:2364227403 PPD,"October 19, 2024","November 15, 2024",2061,eStmt_2024-11-15.pdf,"[""10/31/24 137410 VIBRATION DES:DIR DEP    ID:1747  INDN:MOUSTAFA M. NASR        CO ID:2364227403"", ""PPD72.60""]"
2024-11-04,11/04/24,-61.98,-6198,debit,other_subtractions,"Zelle payment to NICHOLAS DOUGLAS for ""Gas""; Conf# rpufl42cc","11/04/24 Zelle payment to NICHOLAS DOUGLAS for ""Gas""; Conf# rpufl42cc","October 19, 2024","November 15, 2024",2061,eStmt_2024-11-15.pdf,"[""11/04/24 Zelle payment to  NICHOLAS DOUGLAS for \""Gas\""; Conf# rpufl42cc -61.98""]"
2024-11-04,11/04/24,-26.87,-2687,debit,withdrawals,MOBILE PURCHASE 1101 CHIPOTLE 1256 NEW BRUNSWICKNJ,11/04/24 MOBILE PURCHASE 1101 CHIPOTLE 1256 NEW BRUNSWICKNJ,"October 19, 2024","November 15, 2024",2061,eStmt_2024-11-15.pdf,"[""11/04/24 MOBILE PURCHASE 1101  CHIPOTLE 1256 NEW BRUNSWICKNJ -26.87""]"
2024-11-04,11/04/24,-21.31,-2131,debit,withdrawals,PURCHASE 1101 APPLE.COM/BILL 866-712-7753 CA,11/04/24 PURCHASE 1101 APPLE.COM/BILL 866-712-7753 CA,"October 19, 2024","November 15, 2024",2061,eStmt_2024-11-15.pdf,"[""11/04/24 PURCHASE   1101 APPLE.COM/BILL 866-712-7753 CA -21.31""]"
2024-11-04,11/04/24,-11.00,-1100,debit,withdrawals,PMNT SENT 1101 APPLE CASH BALANCE ADD 877-233-8552 CA,11/04/24 PMNT SENT 1101 APPLE CASH BALANCE ADD 877-233-8552 CA,"October 19, 2024","November 15, 2024",2061,eStmt_2024-11-15.pdf,"[""11/04/24 PMNT SENT  1101 APPLE CASH BALANCE ADD 877-233-8552 CA -11.00""]"
2024-11-04,11/04/24,-10.93,-1093,debit,withdrawals,MOBILE PURCHASE 1103 TST*EL JEFES TAQUERIA O NEW BRUNSWICKNJ,11/04/24 MOBILE PURCHASE 1103 TST*EL JEFES TAQUERIA O NEW BRUNSWICKNJ,"October 19, 2024","November 15, 2024",2061,eStmt_2024-11-15.pdf,"[""11/04/24 MOBILE PURCHASE 1103  TST*EL JEFES TAQUERIA O NEW BRUNSWICKNJ -10.93""]"
2024-11-04,11/04/24,-9.00,-900,debit,other_subtractions,Zelle payment to JAIDEN PINTO Conf# l0p3swm13,11/04/24 Zelle payment to JAIDEN PINTO Conf# l0p3swm13,"October 19, 2024","November 15, 2024",2061,eStmt_2024-11-15.pdf,"[""11/04/24 Zelle payment to  JAIDEN PINTO Conf# l0p3swm13 -9.00""]"
2024-11-04,11/04/24,-3.10,-310,debit,withdrawals,MOBILE PURCHASE 1103 CANTEEN VENDING AVENEL NJ,11/04/24 MOBILE PURCHASE 1103 CANTEEN VENDING AVENEL NJ,"October 19, 2024","November 15, 2024",2061,eStmt_2024-11-15.pdf,"[""11/04/24 MOBILE PURCHASE 1103  CANTEEN VENDING AVENEL       NJ -3.10""]"
2024-11-05,11/05/24,-4.99,-499,debit,withdrawals,PURCHASE 1103 BUZZOID Vega,11/05/24 PURCHASE 1103 BUZZOID Vega,"October 19, 2024","November 15, 2024",2061,eStmt_2024-11-15.pdf,"[""11/05/24 PURCHASE   1103 BUZZOID Vega -4.99""]"
2024-11-05,11/05/24,54.00,5400,credit,deposits,"Zelle payment from Edward Fucci for ""My love for you""; Conf# 0IRALQERS","11/05/24 Zelle payment from Edward Fucci for ""My love for you""; Conf# 0IRALQERS","October 19, 2024","November 15, 2024",2061,eStmt_2024-11-15.pdf,"[""11/05/24 Zelle payment from  Edward Fucci for \""My love for you\""; Conf# 0IRALQERS 54.00""]"
2024-11-06,11/06/24,-5.00,-500,debit,other_subtractions,VENMO DES:PAYMENT ID:1038044517636 INDN:MOUSTAFA NASR CO ID:3264681992 WEB,11/06/24 VENMO DES:PAYMENT ID:1038044517636 INDN:MOUSTAFA NASR CO ID:3264681992 WEB,"October 19, 2024","November 15, 2024",2061,eStmt_2024-11-15.pdf,"[""11/06/24 VENMO            DES:PAYMENT    ID:1038044517636  INDN:MOUSTAFA NASR           CO"", ""ID:3264681992 WEB-5.00""]"
2024-11-06,11/06/24,150.00,15000,credit,deposits,Online Banking transfer from CHK 3765 Confirmation# 7293937899,11/06/24 Online Banking transfer from CHK 3765 Confirmation# 7293937899,"October 19, 2024","November 15, 2024",2061,eStmt_2024-11-15.pdf,"[""11/06/24 Online Banking transfer from CHK 3765 Confirmation# 7293937899 150.00""]"
2024-11-07,11/07/24,-53.38,-5338,debit,withdrawals,PURCHASE 1106 RH *allchinabuy.com London,11/07/24 PURCHASE 1106 RH *allchinabuy.com London,"October 19, 2024","November 15, 2024",2061,eStmt_2024-11-15.pdf,"[""11/07/24 PURCHASE   1106 RH *allchinabuy.com London -53.38""]"
2024-11-07,11/07/24,-29.84,-2984,debit,withdrawals,PURCHASE 1107 AMAZON RETA* V45T35G73 WWW.AMAZON.COWA,11/07/24 PURCHASE 1107 AMAZON RETA* V45T35G73 WWW.AMAZON.COWA,"October 19, 2024","November 15, 2024",2061,eStmt_2024-11-15.pdf,"[""11/07/24 PURCHASE   1107 AMAZON RETA* V45T35G73 WWW.AMAZON.COWA -29.84""]"
2024-11-08,11/08/24,-15.46,-1546,debit,withdrawals,MOBILE PURCHASE 1107 TST* FRITZ'S NEW BRUNSWICKNJ,11/08/24 MOBILE PURCHASE 1107 TST* FRITZ'S NEW BRUNSWICKNJ,"October 19, 2024","November 15, 2024",2061,eStmt_2024-11-15.pdf,"[""11/08/24 MOBILE PURCHASE 1107  TST* FRITZ'S NEW BRUNSWICKNJ -15.46""]"
2024-11-12,11/12/24,-75.00,-7500,debit,other_subtractions,Zelle payment to JAIDEN PINTO Conf# nv1yohjv1,11/12/24 Zelle payment to JAIDEN PINTO Conf# nv1yohjv1,"October 19, 2024","November 15, 2024",2061,eStmt_2024-11-15.pdf,"[""11/12/24 Zelle payment to  JAIDEN PINTO Conf# nv1yohjv1 -75.00""]"
2024-11-12,11/12/24,-64.46,-6446,debit,withdrawals,PMNT SENT 1111 APPLE CASH SENT MONEY 1INFINITELOOPCA,11/12/24 PMNT SENT 1111 APPLE CASH SENT MONEY 1INFINITELOOPCA,"October 19, 2024","November 15, 2024",2061,eStmt_2024-11-15.pdf,"[""11/12/24 PMNT SENT  1111 APPLE CASH SENT MONEY 1INFINITELOOPCA -64.46""]"
2024-11-12,11/12/24,-52.13,-5213,debit,withdrawals,PURCHASE 1110 RH *allchinabuy.com London,11/12/24 PURCHASE 1110 RH *allchinabuy.com London,"October 19, 2024","November 15, 2024",2061,eStmt_2024-11-15.pdf,"[""11/12/24 PURCHASE   1110 RH *allchinabuy.com London -52.13""]"
2024-11-12,11/12/24,-15.00,-1500,debit,withdrawals,CHECKCARD 1108 ACCBF.ORG DONATION WWW.ACCBF.ORGFL 24011344314000047530506 RECURRING,11/12/24 CHECKCARD 1108 ACCBF.ORG DONATION WWW.ACCBF.ORGFL 24011344314000047530506 RECURRING,"October 19, 2024","November 15, 2024",2061,eStmt_2024-11-15.pdf,"[""11/12/24 CHECKCARD  1108 ACCBF.ORG DONATION WWW.ACCBF.ORGFL 24011344314000047530506"", ""RECURRING-15.00""]"
2024-11-12,11/12/24,-13.24,-1324,debit,withdrawals,"PURCHASE 1111 RH *allchinabuy.com London continued on the next page MOUSTAFA MOHAMED NASR ! Account # 3810 6904 2061 ! October 19, 2024 to November 15, 2024","11/12/24 PURCHASE 1111 RH *allchinabuy.com London continued on the next page MOUSTAFA MOHAMED NASR ! Account # 3810 6904 2061 ! October 19, 2024 to November 15, 2024","October 19, 2024","November 15, 2024",2061,eStmt_2024-11-15.pdf,"[""11/12/24 PURCHASE   1111 RH *allchinabuy.com London -13.24"", ""continued on the next page"", ""MOUSTAFA MOHAMED NASR   !   Account # 3810 6904 2061   !   October 19, 2024 to November 15, 2024""]"
2024-11-12,11/12/24,-11.96,-1196,debit,withdrawals,PURCHASE 1110 UBER *TRIP HELP.UBER.COMCA,11/12/24 PURCHASE 1110 UBER *TRIP HELP.UBER.COMCA,"October 19, 2024","November 15, 2024",2061,eStmt_2024-11-15.pdf,"[""11/12/24 PURCHASE   1110 UBER   *TRIP HELP.UBER.COMCA -11.96""]"
2024-11-12,11/12/24,-11.00,-1100,debit,withdrawals,PMNT SENT 1110 APPLE CASH BALANCE ADD 877-233-8552 CA,11/12/24 PMNT SENT 1110 APPLE CASH BALANCE ADD 877-233-8552 CA,"October 19, 2024","November 15, 2024",2061,eStmt_2024-11-15.pdf,"[""11/12/24 PMNT SENT  1110 APPLE CASH BALANCE ADD 877-233-8552 CA -11.00""]"
2024-11-12,11/12/24,-8.52,-852,debit,withdrawals,PURCHASE 1108 APPLE.COM/BILL 866-712-7753 CA,11/12/24 PURCHASE 1108 APPLE.COM/BILL 866-712-7753 CA,"October 19, 2024","November 15, 2024",2061,eStmt_2024-11-15.pdf,"[""11/12/24 PURCHASE   1108 APPLE.COM/BILL 866-712-7753 CA -8.52""]"
2024-11-12,11/12/24,52.13,5213,credit,deposits,Zelle payment from Edward Fucci Conf# 0IRFPI3JM,11/12/24 Zelle payment from Edward Fucci Conf# 0IRFPI3JM,"October 19, 2024","November 15, 2024",2061,eStmt_2024-11-15.pdf,"[""11/12/24 Zelle payment from  Edward Fucci Conf# 0IRFPI3JM 52.13""]"
2024-11-12,11/12/24,150.00,15000,credit,deposits,Zelle payment from MARYAM NASR Conf# gnfah69ps,11/12/24 Zelle payment from MARYAM NASR Conf# gnfah69ps,"October 19, 2024","November 15, 2024",2061,eStmt_2024-11-15.pdf,"[""11/12/24 Zelle payment from MARYAM NASR Conf# gnfah69ps 150.00""]"
2024-11-13,11/13/24,-173.73,-17373,debit,withdrawals,PURCHASE 1112 RH *allchinabuy.com London,11/13/24 PURCHASE 1112 RH *allchinabuy.com London,"October 19, 2024","November 15, 2024",2061,eStmt_2024-11-15.pdf,"[""11/13/24 PURCHASE   1112 RH *allchinabuy.com London -173.73""]"
2024-11-13,11/13/24,-155.81,-15581,debit,withdrawals,PURCHASE 1112 RH *allchinabuy.com London,11/13/24 PURCHASE 1112 RH *allchinabuy.com London,"October 19, 2024","November 15, 2024",2061,eStmt_2024-11-15.pdf,"[""11/13/24 PURCHASE   1112 RH *allchinabuy.com London -155.81""]"
2024-11-13,11/13/24,-155.81,-15581,debit,withdrawals,PURCHASE 1112 RH *allchinabuy.com London,11/13/24 PURCHASE 1112 RH *allchinabuy.com London,"October 19, 2024","November 15, 2024",2061,eStmt_2024-11-15.pdf,"[""11/13/24 PURCHASE   1112 RH *allchinabuy.com London -155.81""]"
2024-11-13,11/13/24,-154.71,-15471,debit,withdrawals,PURCHASE 1112 RH *allchinabuy.com London,11/13/24 PURCHASE 1112 RH *allchinabuy.com London,"October 19, 2024","November 15, 2024",2061,eStmt_2024-11-15.pdf,"[""11/13/24 PURCHASE   1112 RH *allchinabuy.com London -154.71""]"
2024-11-13,11/13/24,-139.66,-13966,debit,withdrawals,PURCHASE 1112 RH *allchinabuy.com London,11/13/24 PURCHASE 1112 RH *allchinabuy.com London,"October 19, 2024","November 15, 2024",2061,eStmt_2024-11-15.pdf,"[""11/13/24 PURCHASE   1112 RH *allchinabuy.com London -139.66""]"
2024-11-13,11/13/24,-131.57,-13157,debit,withdrawals,PURCHASE 1112 RH *allchinabuy.com London,11/13/24 PURCHASE 1112 RH *allchinabuy.com London,"October 19, 2024","November 15, 2024",2061,eStmt_2024-11-15.pdf,"[""11/13/24 PURCHASE   1112 RH *allchinabuy.com London -131.57""]"
2024-11-13,11/13/24,-112.05,-11205,debit,withdrawals,PURCHASE 1112 RH *allchinabuy.com London,11/13/24 PURCHASE 1112 RH *allchinabuy.com London,"October 19, 2024","November 15, 2024",2061,eStmt_2024-11-15.pdf,"[""11/13/24 PURCHASE   1112 RH *allchinabuy.com London -112.05""]"
2024-11-14,11/14/24,-9.50,-950,debit,withdrawals,MOBILE PURCHASE 1113 RUTGERS CINEMA PISCATAWAY NJ,11/14/24 MOBILE PURCHASE 1113 RUTGERS CINEMA PISCATAWAY NJ,"October 19, 2024","November 15, 2024",2061,eStmt_2024-11-15.pdf,"[""11/14/24 MOBILE PURCHASE 1113  RUTGERS CINEMA PISCATAWAY   NJ -9.50""]"
2024-11-14,11/14/24,-5.00,-500,debit,other_subtractions,Zelle payment to Khushi Jakhotiya Conf# qnk088hey,11/14/24 Zelle payment to Khushi Jakhotiya Conf# qnk088hey,"October 19, 2024","November 15, 2024",2061,eStmt_2024-11-15.pdf,"[""11/14/24 Zelle payment to  Khushi Jakhotiya Conf# qnk088hey -5.00""]"
2024-11-14,11/14/24,15.61,1561,credit,deposits,137410 VIBRATION DES:DIR DEP ID:1747 INDN:MOUSTAFA M. NASR CO ID:2364227403 PPD,11/14/24 137410 VIBRATION DES:DIR DEP ID:1747 INDN:MOUSTAFA M. NASR CO ID:2364227403 PPD,"October 19, 2024","November 15, 2024",2061,eStmt_2024-11-15.pdf,"[""11/14/24 137410 VIBRATION DES:DIR DEP    ID:1747  INDN:MOUSTAFA M. NASR        CO ID:2364227403"", ""PPD15.61""]"
2024-11-15,11/15/24,-15.66,-1566,debit,withdrawals,PURCHASE 1115 UBER *TRIP HELP.UBER.COMCA,11/15/24 PURCHASE 1115 UBER *TRIP HELP.UBER.COMCA,"October 19, 2024","November 15, 2024",2061,eStmt_2024-11-15.pdf,"[""11/15/24 PURCHASE   1115 UBER   *TRIP HELP.UBER.COMCA -15.66""]"
2024-11-15,11/15/24,-5.00,-500,debit,other_subtractions,VENMO DES:PAYMENT ID:1038244342693 INDN:MOUSTAFA NASR CO ID:3264681992 WEB,11/15/24 VENMO DES:PAYMENT ID:1038244342693 INDN:MOUSTAFA NASR CO ID:3264681992 WEB,"October 19, 2024","November 15, 2024",2061,eStmt_2024-11-15.pdf,"[""11/15/24 VENMO            DES:PAYMENT    ID:1038244342693  INDN:MOUSTAFA NASR           CO"", ""ID:3264681992 WEB-5.00""]"
2024-11-15,11/15/24,665.40,66540,credit,deposits,"RUTGERS UNIVERSI DES:DIR DEP ID:00175494 INDN:NASR,MOUSTAFA CO ID:2226001086 PPD","11/15/24 RUTGERS UNIVERSI DES:DIR DEP ID:00175494 INDN:NASR,MOUSTAFA CO ID:2226001086 PPD","October 19, 2024","November 15, 2024",2061,eStmt_2024-11-15.pdf,"[""11/15/24 RUTGERS UNIVERSI DES:DIR DEP    ID:00175494  INDN:NASR,MOUSTAFA           CO"", ""ID:2226001086 PPD665.40""]"
2024-11-18,11/18/24,-18.98,-1898,debit,withdrawals,PURCHASE 1116 UBER *TRIP HELP.UBER.COMCA,11/18/24 PURCHASE 1116 UBER *TRIP HELP.UBER.COMCA,"November 16, 2024","December 17, 2024",2061,eStmt_2024-12-17.pdf,"[""11/18/24 PURCHASE   1116 UBER   *TRIP HELP.UBER.COMCA -18.98""]"
2024-11-18,11/18/24,-11.51,-1151,debit,withdrawals,MOBILE PURCHASE 1115 KING OF GYRO NEW BRUNSWICKNJ,11/18/24 MOBILE PURCHASE 1115 KING OF GYRO NEW BRUNSWICKNJ,"November 16, 2024","December 17, 2024",2061,eStmt_2024-12-17.pdf,"[""11/18/24 MOBILE PURCHASE 1115  KING OF GYRO NEW BRUNSWICKNJ -11.51""]"
2024-11-18,11/18/24,-2.02,-202,debit,withdrawals,MOBILE PURCHASE 1115 WENDY'S PISCATAWAY PISCATAWAY NJ,11/18/24 MOBILE PURCHASE 1115 WENDY'S PISCATAWAY PISCATAWAY NJ,"November 16, 2024","December 17, 2024",2061,eStmt_2024-12-17.pdf,"[""11/18/24 MOBILE PURCHASE 1115  WENDY'S PISCATAWAY PISCATAWAY   NJ -2.02""]"
2024-11-19,11/19/24,-13.99,-1399,debit,withdrawals,PURCHASE 1118 UBER *TRIP HELP.UBER.COMCA,11/19/24 PURCHASE 1118 UBER *TRIP HELP.UBER.COMCA,"November 16, 2024","December 17, 2024",2061,eStmt_2024-12-17.pdf,"[""11/19/24 PURCHASE   1118 UBER   *TRIP HELP.UBER.COMCA -13.99""]"
2024-11-19,11/19/24,-5.97,-597,debit,withdrawals,MOBILE PURCHASE 1118 TST*EL JEFES TAQUERIA O NEW BRUNSWICKNJ,11/19/24 MOBILE PURCHASE 1118 TST*EL JEFES TAQUERIA O NEW BRUNSWICKNJ,"November 16, 2024","December 17, 2024",2061,eStmt_2024-12-17.pdf,"[""11/19/24 MOBILE PURCHASE 1118  TST*EL JEFES TAQUERIA O NEW BRUNSWICKNJ -5.97""]"
2024-11-19,11/19/24,-4.15,-415,debit,withdrawals,PURCHASE 1118 Graming Hessen,11/19/24 PURCHASE 1118 Graming Hessen,"November 16, 2024","December 17, 2024",2061,eStmt_2024-12-17.pdf,"[""11/19/24 PURCHASE   1118 Graming Hessen -4.15""]"
2024-11-20,11/20/24,-12.99,-1299,debit,withdrawals,PURCHASE 1119 BUZZOID Vega,11/20/24 PURCHASE 1119 BUZZOID Vega,"November 16, 2024","December 17, 2024",2061,eStmt_2024-12-17.pdf,"[""11/20/24 PURCHASE   1119 BUZZOID Vega -12.99""]"
2024-11-20,11/20/24,-4.99,-499,debit,withdrawals,PURCHASE 1118 BUZZOID Vega,11/20/24 PURCHASE 1118 BUZZOID Vega,"November 16, 2024","December 17, 2024",2061,eStmt_2024-12-17.pdf,"[""11/20/24 PURCHASE   1118 BUZZOID Vega -4.99""]"
2024-11-22,11/22/24,-4.99,-499,debit,withdrawals,PURCHASE 1120 BUZZOID Vega,11/22/24 PURCHASE 1120 BUZZOID Vega,"November 16, 2024","December 17, 2024",2061,eStmt_2024-12-17.pdf,"[""11/22/24 PURCHASE   1120 BUZZOID Vega -4.99""]"
2024-11-25,11/25/24,-17.01,-1701,debit,withdrawals,PURCHASE 1122 CHEGG *ORDER 855-440-1323 CA,11/25/24 PURCHASE 1122 CHEGG *ORDER 855-440-1323 CA,"November 16, 2024","December 17, 2024",2061,eStmt_2024-12-17.pdf,"[""11/25/24 PURCHASE   1122 CHEGG  *ORDER 855-440-1323 CA -17.01""]"
2024-11-25,11/25/24,-17.00,-1700,debit,withdrawals,PMNT SENT 1124 APPLE CASH BALANCE ADD 877-233-8552 CA,11/25/24 PMNT SENT 1124 APPLE CASH BALANCE ADD 877-233-8552 CA,"November 16, 2024","December 17, 2024",2061,eStmt_2024-12-17.pdf,"[""11/25/24 PMNT SENT  1124 APPLE CASH BALANCE ADD 877-233-8552 CA -17.00""]"
2024-11-25,11/25/24,-9.50,-950,debit,withdrawals,MOBILE PURCHASE 1122 RUTGERS CINEMA PISCATAWAY NJ,11/25/24 MOBILE PURCHASE 1122 RUTGERS CINEMA PISCATAWAY NJ,"November 16, 2024","December 17, 2024",2061,eStmt_2024-12-17.pdf,"[""11/25/24 MOBILE PURCHASE 1122  RUTGERS CINEMA PISCATAWAY   NJ -9.50""]"
2024-11-25,11/25/24,12.50,1250,credit,deposits,Zelle payment from XING YAN Conf# AA0OYl54R,11/25/24 Zelle payment from XING YAN Conf# AA0OYl54R,"November 16, 2024","December 17, 2024",2061,eStmt_2024-12-17.pdf,"[""11/25/24 Zelle payment from XING  YAN Conf# AA0OYl54R 12.50""]"
2024-11-25,11/25/24,19.00,1900,credit,deposits,Zelle payment from DARREN WU Conf# 99arryjpv,11/25/24 Zelle payment from DARREN WU Conf# 99arryjpv,"November 16, 2024","December 17, 2024",2061,eStmt_2024-12-17.pdf,"[""11/25/24 Zelle payment from  DARREN WU Conf# 99arryjpv 19.00""]"
2024-11-26,11/26/24,-64.05,-6405,debit,withdrawals,"MOBILE PURCHASE 1125 TST* VIVA MEXICO RESTAU NEW BRUNSWICKNJ continued on the next page Account security you can see Check your security meter level and watch it rise as you take action to help protect against fraud. See it in the Mobile Banking app and Online Banking. To learn more, visit bofa.com/SecurityCenter or scan this code. When you use the QRC feature, certain information is collected from your mobile device for business purposes. Mobile Banking requires that you download the Mobile Banking app and is only available for select mobile devices. Message and data rates may apply. MOUSTAFA MOHAMED NASR ! Account # 3810 6904 2061 ! November 16, 2024 to December 17, 2024","11/26/24 MOBILE PURCHASE 1125 TST* VIVA MEXICO RESTAU NEW BRUNSWICKNJ continued on the next page Account security you can see Check your security meter level and watch it rise as you take action to help protect against fraud. See it in the Mobile Banking app and Online Banking. To learn more, visit bofa.com/SecurityCenter or scan this code. When you use the QRC feature, certain information is collected from your mobile device for business purposes. Mobile Banking requires that you download the Mobile Banking app and is only available for select mobile devices. Message and data rates may apply. MOUSTAFA MOHAMED NASR ! Account # 3810 6904 2061 ! November 16, 2024 to December 17, 2024","November 16, 2024","December 17, 2024",2061,eStmt_2024-12-17.pdf,"[""11/26/24 MOBILE PURCHASE 1125  TST* VIVA MEXICO RESTAU NEW BRUNSWICKNJ -64.05"", ""continued on the next page"", ""Account security you can see"", ""Check your security meter level and watch it rise as you take action to help"", ""protect against fraud. See it in the Mobile Banking app and Online Banking."", ""To learn more, visit bofa.com/SecurityCenter or scan this code."", ""When you use the QRC feature, certain information is collected from your mobile device for"", ""business purposes. Mobile Banking requires that you download the Mobile Banking app and is"", ""only available for select mobile devices. Message and data rates may apply."", ""MOUSTAFA MOHAMED NASR   !   Account # 3810 6904 2061   !   November 16, 2024 to December 17, 2024""]"
2024-11-26,11/26/24,-30.00,-3000,debit,withdrawals,PURCHASE 1126 VEO* DEPOSIT WWW.VEORIDE.CCA,11/26/24 PURCHASE 1126 VEO* DEPOSIT WWW.VEORIDE.CCA,"November 16, 2024","December 17, 2024",2061,eStmt_2024-12-17.pdf,"[""11/26/24 PURCHASE   1126 VEO* DEPOSIT WWW.VEORIDE.CCA -30.00""]"
2024-11-26,11/26/24,-10.85,-1085,debit,withdrawals,PURCHASE 1125 UBER *TRIP HELP.UBER.COMCA,11/26/24 PURCHASE 1125 UBER *TRIP HELP.UBER.COMCA,"November 16, 2024","December 17, 2024",2061,eStmt_2024-12-17.pdf,"[""11/26/24 PURCHASE   1125 UBER   *TRIP HELP.UBER.COMCA -10.85""]"
2024-11-26,11/26/24,-6.38,-638,debit,withdrawals,PURCHASE 1125 SPOTIFY 877-778-1161 NY,11/26/24 PURCHASE 1125 SPOTIFY 877-778-1161 NY,"November 16, 2024","December 17, 2024",2061,eStmt_2024-12-17.pdf,"[""11/26/24 PURCHASE   1125 SPOTIFY 877-778-1161 NY -6.38""]"
2024-11-26,11/26/24,-3.47,-347,debit,withdrawals,MOBILE PURCHASE 1126 NNT KNIGHTEXPR NEW BRUNSWICKNJ,11/26/24 MOBILE PURCHASE 1126 NNT KNIGHTEXPR NEW BRUNSWICKNJ,"November 16, 2024","December 17, 2024",2061,eStmt_2024-12-17.pdf,"[""11/26/24 MOBILE PURCHASE 1126  NNT KNIGHTEXPR NEW BRUNSWICKNJ -3.47""]"
2024-11-26,11/26/24,12.50,1250,credit,deposits,Zelle payment from XING YAN Conf# AA0Oaa76g,11/26/24 Zelle payment from XING YAN Conf# AA0Oaa76g,"November 16, 2024","December 17, 2024",2061,eStmt_2024-12-17.pdf,"[""11/26/24 Zelle payment from XING  YAN Conf# AA0Oaa76g 12.50""]"
2024-11-29,11/29/24,-13.16,-1316,debit,withdrawals,MOBILE PURCHASE 1127 SQ *EL PUEBLO TAQUERIA Cape May NJ,11/29/24 MOBILE PURCHASE 1127 SQ *EL PUEBLO TAQUERIA Cape May NJ,"November 16, 2024","December 17, 2024",2061,eStmt_2024-12-17.pdf,"[""11/29/24 MOBILE PURCHASE 1127  SQ *EL PUEBLO TAQUERIA Cape May     NJ -13.16""]"
2024-11-29,11/29/24,15.61,1561,credit,deposits,137410 VIBRATION DES:DIR DEP ID:1747 INDN:MOUSTAFA M. NASR CO ID:2364227403 PPD,11/29/24 137410 VIBRATION DES:DIR DEP ID:1747 INDN:MOUSTAFA M. NASR CO ID:2364227403 PPD,"November 16, 2024","December 17, 2024",2061,eStmt_2024-12-17.pdf,"[""11/29/24 137410 VIBRATION DES:DIR DEP    ID:1747  INDN:MOUSTAFA M. NASR        CO ID:2364227403"", ""PPD15.61""]"
2024-12-02,12/02/24,-30.00,-3000,debit,withdrawals,MOBILE PURCHASE 1129 CAPE SQUARE ENTERTAINME RIO GRANDE NJ,12/02/24 MOBILE PURCHASE 1129 CAPE SQUARE ENTERTAINME RIO GRANDE NJ,"November 16, 2024","December 17, 2024",2061,eStmt_2024-12-17.pdf,"[""12/02/24 MOBILE PURCHASE 1129  CAPE SQUARE ENTERTAINME RIO GRANDE   NJ -30.00""]"
2024-12-02,12/02/24,-25.00,-2500,debit,other_subtractions,"Zelle payment to aarushi for ""Pizza""; Conf# mc93w8oei","12/02/24 Zelle payment to aarushi for ""Pizza""; Conf# mc93w8oei","November 16, 2024","December 17, 2024",2061,eStmt_2024-12-17.pdf,"[""12/02/24 Zelle payment to  aarushi for \""Pizza\""; Conf# mc93w8oei -25.00""]"
2024-12-02,12/02/24,-13.42,-1342,debit,withdrawals,WALGREENS STOR 12/01 #000054699 MOBILE PURCHASE WALGREENS STORE 2 NEW BRUNSWICK NJ,12/02/24 WALGREENS STOR 12/01 #000054699 MOBILE PURCHASE WALGREENS STORE 2 NEW BRUNSWICK NJ,"November 16, 2024","December 17, 2024",2061,eStmt_2024-12-17.pdf,"[""12/02/24 WALGREENS STOR  12/01 #000054699 MOBILE PURCHASE WALGREENS STORE 2  NEW"", ""BRUNSWICK NJ-13.42""]"
2024-12-02,12/02/24,-11.77,-1177,debit,withdrawals,MOBILE PURCHASE 1130 SQ *ANTOJOS CAPE MAY NJ,12/02/24 MOBILE PURCHASE 1130 SQ *ANTOJOS CAPE MAY NJ,"November 16, 2024","December 17, 2024",2061,eStmt_2024-12-17.pdf,"[""12/02/24 MOBILE PURCHASE 1130  SQ *ANTOJOS CAPE MAY     NJ -11.77""]"
2024-12-02,12/02/24,-8.52,-852,debit,withdrawals,MOBILE PURCHASE 1130 WAWA 980 CAPE MAY NJ,12/02/24 MOBILE PURCHASE 1130 WAWA 980 CAPE MAY NJ,"November 16, 2024","December 17, 2024",2061,eStmt_2024-12-17.pdf,"[""12/02/24 MOBILE PURCHASE 1130  WAWA 980 CAPE MAY     NJ -8.52""]"
2024-12-02,12/02/24,-6.00,-600,debit,withdrawals,MOBILE PURCHASE 1129 CAPE SQUARE ENTERTAINME RIO GRANDE NJ,12/02/24 MOBILE PURCHASE 1129 CAPE SQUARE ENTERTAINME RIO GRANDE NJ,"November 16, 2024","December 17, 2024",2061,eStmt_2024-12-17.pdf,"[""12/02/24 MOBILE PURCHASE 1129  CAPE SQUARE ENTERTAINME RIO GRANDE   NJ -6.00""]"
2024-12-02,12/02/24,-0.99,-99,debit,withdrawals,PMNT SENT 1129 APPLE CASH SENT MONEY 1INFINITELOOPCA,12/02/24 PMNT SENT 1129 APPLE CASH SENT MONEY 1INFINITELOOPCA,"November 16, 2024","December 17, 2024",2061,eStmt_2024-12-17.pdf,"[""12/02/24 PMNT SENT  1129 APPLE CASH SENT MONEY 1INFINITELOOPCA -0.99""]"
2024-12-02,12/02/24,15.00,1500,credit,deposits,Zelle payment from AHMED MOHAMED Conf# bjee47mc5,12/02/24 Zelle payment from AHMED MOHAMED Conf# bjee47mc5,"November 16, 2024","December 17, 2024",2061,eStmt_2024-12-17.pdf,"[""12/02/24 Zelle payment from AHMED MOHAMED Conf# bjee47mc5 15.00""]"
2024-12-03,12/03/24,-19.99,-1999,debit,other_subtractions,Zelle payment to Jeff Conf# r3psntppj,12/03/24 Zelle payment to Jeff Conf# r3psntppj,"November 16, 2024","December 17, 2024",2061,eStmt_2024-12-17.pdf,"[""12/03/24 Zelle payment to Jeff Conf# r3psntppj -19.99""]"
2024-12-03,12/03/24,-5.69,-569,debit,other_subtractions,"Zelle payment to MAANASA MUPPALA for ""Cancer""; Conf# lkpxb0dud","12/03/24 Zelle payment to MAANASA MUPPALA for ""Cancer""; Conf# lkpxb0dud","November 16, 2024","December 17, 2024",2061,eStmt_2024-12-17.pdf,"[""12/03/24 Zelle payment to  MAANASA MUPPALA for \""Cancer\""; Conf# lkpxb0dud -5.69""]"
2024-12-04,12/04/24,-35.15,-3515,debit,withdrawals,CHECKCARD 1204 ETSY.COM BROOKLYN NY,12/04/24 CHECKCARD 1204 ETSY.COM BROOKLYN NY,"November 16, 2024","December 17, 2024",2061,eStmt_2024-12-17.pdf,"[""12/04/24 CHECKCARD  1204 ETSY.COM BROOKLYN     NY -35.15""]"
2024-12-04,12/04/24,-21.31,-2131,debit,withdrawals,PURCHASE 1203 APPLE.COM/BILL 866-712-7753 CA,12/04/24 PURCHASE 1203 APPLE.COM/BILL 866-712-7753 CA,"November 16, 2024","December 17, 2024",2061,eStmt_2024-12-17.pdf,"[""12/04/24 PURCHASE   1203 APPLE.COM/BILL 866-712-7753 CA -21.31""]"
2024-12-05,12/05/24,-42.65,-4265,debit,withdrawals,PURCHASE 1204 AMZN Mktp US*ZL9YX0R82 Amzn.com/billWA,12/05/24 PURCHASE 1204 AMZN Mktp US*ZL9YX0R82 Amzn.com/billWA,"November 16, 2024","December 17, 2024",2061,eStmt_2024-12-17.pdf,"[""12/05/24 PURCHASE   1204 AMZN Mktp US*ZL9YX0R82 Amzn.com/billWA -42.65""]"
2024-12-05,12/05/24,-2.21,-221,debit,withdrawals,MOBILE PURCHASE 1204 EASTON SMOKES NEW BRUNSWICKNJ,12/05/24 MOBILE PURCHASE 1204 EASTON SMOKES NEW BRUNSWICKNJ,"November 16, 2024","December 17, 2024",2061,eStmt_2024-12-17.pdf,"[""12/05/24 MOBILE PURCHASE 1204  EASTON SMOKES NEW BRUNSWICKNJ -2.21""]"
2024-12-06,12/06/24,-55.38,-5538,debit,withdrawals,PURCHASE 1205 AMAZON MKTPL*ZR8UT9450 Amzn.com/billWA,12/06/24 PURCHASE 1205 AMAZON MKTPL*ZR8UT9450 Amzn.com/billWA,"November 16, 2024","December 17, 2024",2061,eStmt_2024-12-17.pdf,"[""12/06/24 PURCHASE   1205 AMAZON MKTPL*ZR8UT9450 Amzn.com/billWA -55.38""]"
2024-12-06,12/06/24,-37.32,-3732,debit,withdrawals,PURCHASE 1205 AMZN Mktp US*ZR71H1ZG2 Amzn.com/billWA,12/06/24 PURCHASE 1205 AMZN Mktp US*ZR71H1ZG2 Amzn.com/billWA,"November 16, 2024","December 17, 2024",2061,eStmt_2024-12-17.pdf,"[""12/06/24 PURCHASE   1205 AMZN Mktp US*ZR71H1ZG2 Amzn.com/billWA -37.32""]"
2024-12-06,12/06/24,-11.06,-1106,debit,withdrawals,PMNT SENT 1205 APPLE CASH BALANCE ADD 877-233-8552 CA,12/06/24 PMNT SENT 1205 APPLE CASH BALANCE ADD 877-233-8552 CA,"November 16, 2024","December 17, 2024",2061,eStmt_2024-12-17.pdf,"[""12/06/24 PMNT SENT  1205 APPLE CASH BALANCE ADD 877-233-8552 CA -11.06""]"
2024-12-06,12/06/24,-10.93,-1093,debit,withdrawals,MOBILE PURCHASE 1205 TST*EL JEFES TAQUERIA O NEW BRUNSWICKNJ,12/06/24 MOBILE PURCHASE 1205 TST*EL JEFES TAQUERIA O NEW BRUNSWICKNJ,"November 16, 2024","December 17, 2024",2061,eStmt_2024-12-17.pdf,"[""12/06/24 MOBILE PURCHASE 1205  TST*EL JEFES TAQUERIA O NEW BRUNSWICKNJ -10.93""]"
2024-12-06,12/06/24,-10.93,-1093,debit,withdrawals,MOBILE PURCHASE 1205 TST*EL JEFES TAQUERIA O NEW BRUNSWICKNJ,12/06/24 MOBILE PURCHASE 1205 TST*EL JEFES TAQUERIA O NEW BRUNSWICKNJ,"November 16, 2024","December 17, 2024",2061,eStmt_2024-12-17.pdf,"[""12/06/24 MOBILE PURCHASE 1205  TST*EL JEFES TAQUERIA O NEW BRUNSWICKNJ -10.93""]"
2024-12-06,12/06/24,-10.66,-1066,debit,withdrawals,PMNT SENT 1205 APPLE CASH BALANCE ADD 877-233-8552 CA,12/06/24 PMNT SENT 1205 APPLE CASH BALANCE ADD 877-233-8552 CA,"November 16, 2024","December 17, 2024",2061,eStmt_2024-12-17.pdf,"[""12/06/24 PMNT SENT  1205 APPLE CASH BALANCE ADD 877-233-8552 CA -10.66""]"
2024-12-06,12/06/24,-7.43,-743,debit,withdrawals,PURCHASE 1205 AMAZON RETA* ZR3PR7AJ2 WWW.AMAZON.COWA,12/06/24 PURCHASE 1205 AMAZON RETA* ZR3PR7AJ2 WWW.AMAZON.COWA,"November 16, 2024","December 17, 2024",2061,eStmt_2024-12-17.pdf,"[""12/06/24 PURCHASE   1205 AMAZON RETA* ZR3PR7AJ2 WWW.AMAZON.COWA -7.43""]"
2024-12-09,12/09/24,-29.91,-2991,debit,withdrawals,PMNT SENT 1208 APPLE CASH SENT MONEY 1INFINITELOOPCA,12/09/24 PMNT SENT 1208 APPLE CASH SENT MONEY 1INFINITELOOPCA,"November 16, 2024","December 17, 2024",2061,eStmt_2024-12-17.pdf,"[""12/09/24 PMNT SENT  1208 APPLE CASH SENT MONEY 1INFINITELOOPCA -29.91""]"
2024-12-09,12/09/24,-11.00,-1100,debit,withdrawals,PMNT SENT 1208 APPLE CASH BALANCE ADD 877-233-8552 CA,12/09/24 PMNT SENT 1208 APPLE CASH BALANCE ADD 877-233-8552 CA,"November 16, 2024","December 17, 2024",2061,eStmt_2024-12-17.pdf,"[""12/09/24 PMNT SENT  1208 APPLE CASH BALANCE ADD 877-233-8552 CA -11.00""]"
2024-12-09,12/09/24,-7.44,-744,debit,withdrawals,MOBILE PURCHASE 1205 KING OF GYRO NEW BRUNSWICKNJ,12/09/24 MOBILE PURCHASE 1205 KING OF GYRO NEW BRUNSWICKNJ,"November 16, 2024","December 17, 2024",2061,eStmt_2024-12-17.pdf,"[""12/09/24 MOBILE PURCHASE 1205  KING OF GYRO NEW BRUNSWICKNJ -7.44""]"
2024-12-09,12/09/24,-6.00,-600,debit,other_subtractions,Zelle payment to Jeff Conf# p1up0z4rg,12/09/24 Zelle payment to Jeff Conf# p1up0z4rg,"November 16, 2024","December 17, 2024",2061,eStmt_2024-12-17.pdf,"[""12/09/24 Zelle payment to  Jeff Conf# p1up0z4rg -6.00""]"
2024-12-09,12/09/24,-4.21,-421,debit,withdrawals,MOBILE PURCHASE 1208 TST*EL JEFES TAQUERIA O NEW BRUNSWICKNJ,12/09/24 MOBILE PURCHASE 1208 TST*EL JEFES TAQUERIA O NEW BRUNSWICKNJ,"November 16, 2024","December 17, 2024",2061,eStmt_2024-12-17.pdf,"[""12/09/24 MOBILE PURCHASE 1208  TST*EL JEFES TAQUERIA O NEW BRUNSWICKNJ -4.21""]"
2024-12-10,12/10/24,-13.00,-1300,debit,other_subtractions,VENMO DES:PAYMENT ID:1038826876470 INDN:MOUSTAFA NASR CO ID:3264681992 WEB,12/10/24 VENMO DES:PAYMENT ID:1038826876470 INDN:MOUSTAFA NASR CO ID:3264681992 WEB,"November 16, 2024","December 17, 2024",2061,eStmt_2024-12-17.pdf,"[""12/10/24 VENMO            DES:PAYMENT    ID:1038826876470  INDN:MOUSTAFA NASR           CO"", ""ID:3264681992 WEB-13.00""]"
2024-12-12,12/12/24,-28.00,-2800,debit,withdrawals,PMNT SENT 1211 APPLE CASH BALANCE ADD 877-233-8552 CA,12/12/24 PMNT SENT 1211 APPLE CASH BALANCE ADD 877-233-8552 CA,"November 16, 2024","December 17, 2024",2061,eStmt_2024-12-17.pdf,"[""12/12/24 PMNT SENT  1211 APPLE CASH BALANCE ADD 877-233-8552 CA -28.00""]"
2024-12-12,12/12/24,-11.72,-1172,debit,withdrawals,MOBILE PURCHASE 1210 JERSEY MIKES 1066 NEW BRUNSWICKNJ,12/12/24 MOBILE PURCHASE 1210 JERSEY MIKES 1066 NEW BRUNSWICKNJ,"November 16, 2024","December 17, 2024",2061,eStmt_2024-12-17.pdf,"[""12/12/24 MOBILE PURCHASE 1210  JERSEY MIKES 1066 NEW BRUNSWICKNJ -11.72""]"
2024-12-13,12/13/24,-23.45,-2345,debit,withdrawals,PURCHASE 1213 AMZN Mktp US*Z12W80ND2 Amzn.com/billWA,12/13/24 PURCHASE 1213 AMZN Mktp US*Z12W80ND2 Amzn.com/billWA,"November 16, 2024","December 17, 2024",2061,eStmt_2024-12-17.pdf,"[""12/13/24 PURCHASE   1213 AMZN Mktp US*Z12W80ND2 Amzn.com/billWA -23.45""]"
2024-12-13,12/13/24,-16.63,-1663,debit,withdrawals,PURCHASE 1213 AMZN Mktp US*Z16PZ2L02 Amzn.com/billWA,12/13/24 PURCHASE 1213 AMZN Mktp US*Z16PZ2L02 Amzn.com/billWA,"November 16, 2024","December 17, 2024",2061,eStmt_2024-12-17.pdf,"[""12/13/24 PURCHASE   1213 AMZN Mktp US*Z16PZ2L02 Amzn.com/billWA -16.63""]"
2024-12-13,12/13/24,-1.66,-166,debit,withdrawals,PMNT SENT 1212 APPLE CASH SENT MONEY 1INFINITELOOPCA,12/13/24 PMNT SENT 1212 APPLE CASH SENT MONEY 1INFINITELOOPCA,"November 16, 2024","December 17, 2024",2061,eStmt_2024-12-17.pdf,"[""12/13/24 PMNT SENT  1212 APPLE CASH SENT MONEY 1INFINITELOOPCA -1.66""]"
2024-12-17,12/17/24,-5.54,-554,debit,withdrawals,MOBILE PURCHASE 1215 TST*EL JEFES TAQUERIA O NEW BRUNSWICKNJ,12/17/24 MOBILE PURCHASE 1215 TST*EL JEFES TAQUERIA O NEW BRUNSWICKNJ,"November 16, 2024","December 17, 2024",2061,eStmt_2024-12-17.pdf,"[""12/17/24 MOBILE PURCHASE 1215  TST*EL JEFES TAQUERIA O NEW BRUNSWICKNJ -5.54""]"
2024-12-18,12/18/24,-239.11,-23911,debit,withdrawals,PURCHASE 1218 SP SLEEPYHEAD USA HTTPSSLEEPYHEDE,12/18/24 PURCHASE 1218 SP SLEEPYHEAD USA HTTPSSLEEPYHEDE,"December 18, 2024","January 17, 2025",2061,eStmt_2025-01-17.pdf,"[""12/18/24 PURCHASE   1218 SP SLEEPYHEAD USA HTTPSSLEEPYHEDE -239.11""]"
2024-12-18,12/18/24,-11.20,-1120,debit,withdrawals,MOBILE PURCHASE 1216 TST*EL JEFES TAQUERIA O NEW BRUNSWICKNJ,12/18/24 MOBILE PURCHASE 1216 TST*EL JEFES TAQUERIA O NEW BRUNSWICKNJ,"December 18, 2024","January 17, 2025",2061,eStmt_2025-01-17.pdf,"[""12/18/24 MOBILE PURCHASE 1216  TST*EL JEFES TAQUERIA O NEW BRUNSWICKNJ -11.20""]"
2024-12-18,12/18/24,-6.82,-682,debit,withdrawals,PURCHASE 1218 UBER *TRIP HELP.UBER.COMCA,12/18/24 PURCHASE 1218 UBER *TRIP HELP.UBER.COMCA,"December 18, 2024","January 17, 2025",2061,eStmt_2025-01-17.pdf,"[""12/18/24 PURCHASE   1218 UBER   *TRIP HELP.UBER.COMCA -6.82""]"
2024-12-19,12/19/24,-106.94,-10694,debit,withdrawals,CHECKCARD 1218 SNORERX 949-680-2770 CA 24116414353744379810286,12/19/24 CHECKCARD 1218 SNORERX 949-680-2770 CA 24116414353744379810286,"December 18, 2024","January 17, 2025",2061,eStmt_2025-01-17.pdf,"[""12/19/24 CHECKCARD  1218 SNORERX 949-680-2770 CA 24116414353744379810286 -106.94""]"
2024-12-19,12/19/24,-63.98,-6398,debit,withdrawals,PURCHASE 1218 AMAZON MKTPL*Z16HY8U30 Amzn.com/billWA,12/19/24 PURCHASE 1218 AMAZON MKTPL*Z16HY8U30 Amzn.com/billWA,"December 18, 2024","January 17, 2025",2061,eStmt_2025-01-17.pdf,"[""12/19/24 PURCHASE   1218 AMAZON MKTPL*Z16HY8U30 Amzn.com/billWA -63.98""]"
2024-12-19,12/19/24,-12.00,-1200,debit,withdrawals,"PMNT SENT 1218 APPLE CASH BALANCE ADD 877-233-8552 CA continued on the next page Account security you can see Check your security meter level and watch it rise as you take action to help protect against fraud. See it in the Mobile Banking app and Online Banking. To learn more, visit bofa.com/SecurityCenter or scan this code. When you use the QRC feature, certain information is collected from your mobile device for business purposes. Mobile Banking requires that you download the Mobile Banking app and is only available for select mobile devices. Message and data rates may apply. MOUSTAFA MOHAMED NASR ! Account # 3810 6904 2061 ! December 18, 2024 to January 17, 2025","12/19/24 PMNT SENT 1218 APPLE CASH BALANCE ADD 877-233-8552 CA continued on the next page Account security you can see Check your security meter level and watch it rise as you take action to help protect against fraud. See it in the Mobile Banking app and Online Banking. To learn more, visit bofa.com/SecurityCenter or scan this code. When you use the QRC feature, certain information is collected from your mobile device for business purposes. Mobile Banking requires that you download the Mobile Banking app and is only available for select mobile devices. Message and data rates may apply. MOUSTAFA MOHAMED NASR ! Account # 3810 6904 2061 ! December 18, 2024 to January 17, 2025","December 18, 2024","January 17, 2025",2061,eStmt_2025-01-17.pdf,"[""12/19/24 PMNT SENT  1218 APPLE CASH BALANCE ADD 877-233-8552 CA -12.00"", ""continued on the next page"", ""Account security you can see"", ""Check your security meter level and watch it rise as you take action to help"", ""protect against fraud. See it in the Mobile Banking app and Online Banking."", ""To learn more, visit bofa.com/SecurityCenter or scan this code."", ""When you use the QRC feature, certain information is collected from your mobile device for"", ""business purposes. Mobile Banking requires that you download the Mobile Banking app and is"", ""only available for select mobile devices. Message and data rates may apply."", ""MOUSTAFA MOHAMED NASR   !   Account # 3810 6904 2061   !   December 18, 2024 to January 17, 2025""]"
2024-12-19,12/19/24,-11.20,-1120,debit,withdrawals,MOBILE PURCHASE 1217 TST*EL JEFES TAQUERIA O NEW BRUNSWICKNJ,12/19/24 MOBILE PURCHASE 1217 TST*EL JEFES TAQUERIA O NEW BRUNSWICKNJ,"December 18, 2024","January 17, 2025",2061,eStmt_2025-01-17.pdf,"[""12/19/24 MOBILE PURCHASE 1217  TST*EL JEFES TAQUERIA O NEW BRUNSWICKNJ -11.20""]"
2024-12-20,12/20/24,-49.06,-4906,debit,withdrawals,PMNT SENT 1219 APPLE CASH SENT MONEY 1INFINITELOOPCA,12/20/24 PMNT SENT 1219 APPLE CASH SENT MONEY 1INFINITELOOPCA,"December 18, 2024","January 17, 2025",2061,eStmt_2025-01-17.pdf,"[""12/20/24 PMNT SENT  1219 APPLE CASH SENT MONEY 1INFINITELOOPCA -49.06""]"
2024-12-20,12/20/24,-48.00,-4800,debit,other_subtractions,Zelle payment to AMY NGUYEN Conf# lb1m05cn3,12/20/24 Zelle payment to AMY NGUYEN Conf# lb1m05cn3,"December 18, 2024","January 17, 2025",2061,eStmt_2025-01-17.pdf,"[""12/20/24 Zelle payment to  AMY NGUYEN Conf# lb1m05cn3 -48.00""]"
2024-12-20,12/20/24,-22.40,-2240,debit,withdrawals,MOBILE PURCHASE 1218 TST*EL JEFES TAQUERIA O NEW BRUNSWICKNJ,12/20/24 MOBILE PURCHASE 1218 TST*EL JEFES TAQUERIA O NEW BRUNSWICKNJ,"December 18, 2024","January 17, 2025",2061,eStmt_2025-01-17.pdf,"[""12/20/24 MOBILE PURCHASE 1218  TST*EL JEFES TAQUERIA O NEW BRUNSWICKNJ -22.40""]"
2024-12-20,12/20/24,-10.96,-1096,debit,withdrawals,MOBILE PURCHASE 1219 EASTON SMOKES NEW BRUNSWICKNJ,12/20/24 MOBILE PURCHASE 1219 EASTON SMOKES NEW BRUNSWICKNJ,"December 18, 2024","January 17, 2025",2061,eStmt_2025-01-17.pdf,"[""12/20/24 MOBILE PURCHASE 1219  EASTON SMOKES NEW BRUNSWICKNJ -10.96""]"
2024-12-20,12/20/24,-9.48,-948,debit,withdrawals,PURCHASE 1219 AMAZON RETA* Z168J22Y1 WWW.AMAZON.COWA,12/20/24 PURCHASE 1219 AMAZON RETA* Z168J22Y1 WWW.AMAZON.COWA,"December 18, 2024","January 17, 2025",2061,eStmt_2025-01-17.pdf,"[""12/20/24 PURCHASE   1219 AMAZON RETA* Z168J22Y1 WWW.AMAZON.COWA -9.48""]"
2024-12-23,12/23/24,-58.88,-5888,debit,withdrawals,MOBILE PURCHASE 1221 CKE*EL PUREPECHA MEXICA PHILADELPHIA PA,12/23/24 MOBILE PURCHASE 1221 CKE*EL PUREPECHA MEXICA PHILADELPHIA PA,"December 18, 2024","January 17, 2025",2061,eStmt_2025-01-17.pdf,"[""12/23/24 MOBILE PURCHASE 1221  CKE*EL PUREPECHA MEXICA PHILADELPHIA PA -58.88""]"
2024-12-23,12/23/24,-17.01,-1701,debit,withdrawals,PURCHASE 1222 CHEGG *ORDER 855-440-1323 CA,12/23/24 PURCHASE 1222 CHEGG *ORDER 855-440-1323 CA,"December 18, 2024","January 17, 2025",2061,eStmt_2025-01-17.pdf,"[""12/23/24 PURCHASE   1222 CHEGG  *ORDER 855-440-1323 CA -17.01""]"
2024-12-23,12/23/24,-11.51,-1151,debit,withdrawals,MOBILE PURCHASE 1219 KING OF GYRO NEW BRUNSWICKNJ,12/23/24 MOBILE PURCHASE 1219 KING OF GYRO NEW BRUNSWICKNJ,"December 18, 2024","January 17, 2025",2061,eStmt_2025-01-17.pdf,"[""12/23/24 MOBILE PURCHASE 1219  KING OF GYRO NEW BRUNSWICKNJ -11.51""]"
2024-12-23,12/23/24,-11.00,-1100,debit,withdrawals,PMNT SENT 1220 APPLE CASH BALANCE ADD 877-233-8552 CA,12/23/24 PMNT SENT 1220 APPLE CASH BALANCE ADD 877-233-8552 CA,"December 18, 2024","January 17, 2025",2061,eStmt_2025-01-17.pdf,"[""12/23/24 PMNT SENT  1220 APPLE CASH BALANCE ADD 877-233-8552 CA -11.00""]"
2024-12-23,12/23/24,-5.00,-500,debit,withdrawals,CHECKCARD 1223 TOMAS NOLASCO WWW.TOMASNOLACA 24064664358500002834433 RECURRING,12/23/24 CHECKCARD 1223 TOMAS NOLASCO WWW.TOMASNOLACA 24064664358500002834433 RECURRING,"December 18, 2024","January 17, 2025",2061,eStmt_2025-01-17.pdf,"[""12/23/24 CHECKCARD  1223 TOMAS NOLASCO WWW.TOMASNOLACA 24064664358500002834433"", ""RECURRING-5.00""]"
2024-12-23,12/23/24,-4.00,-400,debit,other_subtractions,"Zelle payment to KAYLIN ZORRILLA Conf# pzslus6rv continued on the next page MOUSTAFA MOHAMED NASR ! Account # 3810 6904 2061 ! December 18, 2024 to January 17, 2025","12/23/24 Zelle payment to KAYLIN ZORRILLA Conf# pzslus6rv continued on the next page MOUSTAFA MOHAMED NASR ! Account # 3810 6904 2061 ! December 18, 2024 to January 17, 2025","December 18, 2024","January 17, 2025",2061,eStmt_2025-01-17.pdf,"[""12/23/24 Zelle payment to KAYLIN ZORRILLA Conf# pzslus6rv -4.00"", ""continued on the next page"", ""MOUSTAFA MOHAMED NASR   !   Account # 3810 6904 2061   !   December 18, 2024 to January 17, 2025""]"
2024-12-23,12/23/24,-1.60,-160,debit,other_subtractions,Zelle payment to AMY NGUYEN Conf# oe7a81s9g,12/23/24 Zelle payment to AMY NGUYEN Conf# oe7a81s9g,"December 18, 2024","January 17, 2025",2061,eStmt_2025-01-17.pdf,"[""12/23/24 Zelle payment to  AMY NGUYEN Conf# oe7a81s9g -1.60""]"
2024-12-23,12/23/24,11.75,1175,credit,deposits,APPLE CASH INS 12/21 #000983917 PMNT RCVD APPLE CASH INST X CUPERTINO CA,12/23/24 APPLE CASH INS 12/21 #000983917 PMNT RCVD APPLE CASH INST X CUPERTINO CA,"December 18, 2024","January 17, 2025",2061,eStmt_2025-01-17.pdf,"[""12/23/24 APPLE CASH INS  12/21 #000983917 PMNT RCVD APPLE CASH INST X  CUPERTINO     CA 11.75""]"
2024-12-23,12/23/24,25.54,2554,credit,deposits,CASH APP*MOUST 12/22 #000070847 PMNT RCVD CASH APP*MOUSTAFA Oakland CA,12/23/24 CASH APP*MOUST 12/22 #000070847 PMNT RCVD CASH APP*MOUSTAFA Oakland CA,"December 18, 2024","January 17, 2025",2061,eStmt_2025-01-17.pdf,"[""12/23/24 CASH APP*MOUST  12/22 #000070847 PMNT RCVD CASH APP*MOUSTAFA  Oakland       CA 25.54""]"
2024-12-24,12/24/24,-11.20,-1120,debit,withdrawals,MOBILE PURCHASE 1222 TST*EL JEFES TAQUERIA O NEW BRUNSWICKNJ,12/24/24 MOBILE PURCHASE 1222 TST*EL JEFES TAQUERIA O NEW BRUNSWICKNJ,"December 18, 2024","January 17, 2025",2061,eStmt_2025-01-17.pdf,"[""12/24/24 MOBILE PURCHASE 1222  TST*EL JEFES TAQUERIA O NEW BRUNSWICKNJ -11.20""]"
2024-12-27,12/27/24,-43.24,-4324,debit,withdrawals,PURCHASE 1226 AMAZON MKTPL*ZE4NC01B0 Amzn.com/billWA,12/27/24 PURCHASE 1226 AMAZON MKTPL*ZE4NC01B0 Amzn.com/billWA,"December 18, 2024","January 17, 2025",2061,eStmt_2025-01-17.pdf,"[""12/27/24 PURCHASE   1226 AMAZON MKTPL*ZE4NC01B0 Amzn.com/billWA -43.24""]"
2025-01-02,01/02/25,12.00,1200,credit,deposits,Zelle payment from ANDREW RAMOS Conf# 006Z67L4K,01/02/25 Zelle payment from ANDREW RAMOS Conf# 006Z67L4K,"December 18, 2024","January 17, 2025",2061,eStmt_2025-01-17.pdf,"[""01/02/25 Zelle payment from  ANDREW RAMOS Conf# 006Z67L4K 12.00""]"
2025-01-03,01/03/25,25.88,2588,credit,deposits,137410 VIBRATION DES:DIR DEP ID:1747 INDN:MOUSTAFA M. NASR CO ID:2364227403 PPD,01/03/25 137410 VIBRATION DES:DIR DEP ID:1747 INDN:MOUSTAFA M. NASR CO ID:2364227403 PPD,"December 18, 2024","January 17, 2025",2061,eStmt_2025-01-17.pdf,"[""01/03/25 137410 VIBRATION DES:DIR DEP    ID:1747  INDN:MOUSTAFA M. NASR        CO ID:2364227403"", ""PPD25.88""]"
2025-01-06,01/06/25,-24.00,-2400,debit,other_subtractions,VENMO DES:PAYMENT ID:1039400578195 INDN:MOUSTAFA NASR CO ID:3264681992 WEB,01/06/25 VENMO DES:PAYMENT ID:1039400578195 INDN:MOUSTAFA NASR CO ID:3264681992 WEB,"December 18, 2024","January 17, 2025",2061,eStmt_2025-01-17.pdf,"[""01/06/25 VENMO            DES:PAYMENT    ID:1039400578195  INDN:MOUSTAFA NASR           CO"", ""ID:3264681992 WEB-24.00""]"
2025-01-06,01/06/25,-21.31,-2131,debit,withdrawals,PURCHASE 0104 APPLE.COM/BILL 866-712-7753 CA,01/06/25 PURCHASE 0104 APPLE.COM/BILL 866-712-7753 CA,"December 18, 2024","January 17, 2025",2061,eStmt_2025-01-17.pdf,"[""01/06/25 PURCHASE   0104 APPLE.COM/BILL 866-712-7753 CA -21.31""]"
2025-01-06,01/06/25,-12.78,-1278,debit,withdrawals,PURCHASE 0104 SPOTIFY 877-778-1161 NY,01/06/25 PURCHASE 0104 SPOTIFY 877-778-1161 NY,"December 18, 2024","January 17, 2025",2061,eStmt_2025-01-17.pdf,"[""01/06/25 PURCHASE   0104 SPOTIFY 877-778-1161 NY -12.78""]"
2025-01-06,01/06/25,-7.62,-762,debit,withdrawals,MOBILE PURCHASE 0104 TST*EL JEFES TAQUERIA O NEW BRUNSWICKNJ,01/06/25 MOBILE PURCHASE 0104 TST*EL JEFES TAQUERIA O NEW BRUNSWICKNJ,"December 18, 2024","January 17, 2025",2061,eStmt_2025-01-17.pdf,"[""01/06/25 MOBILE PURCHASE 0104  TST*EL JEFES TAQUERIA O NEW BRUNSWICKNJ -7.62""]"
2025-01-06,01/06/25,24.56,2456,credit,deposits,CASH APP*MOUST 01/06 #000639816 PMNT RCVD CASH APP*MOUSTAFA Oakland CA,01/06/25 CASH APP*MOUST 01/06 #000639816 PMNT RCVD CASH APP*MOUSTAFA Oakland CA,"December 18, 2024","January 17, 2025",2061,eStmt_2025-01-17.pdf,"[""01/06/25 CASH APP*MOUST  01/06 #000639816 PMNT RCVD CASH APP*MOUSTAFA  Oakland       CA 24.56""]"
2025-01-06,01/06/25,38.74,3874,credit,deposits,Transfer VENMO,01/06/25 Transfer VENMO,"December 18, 2024","January 17, 2025",2061,eStmt_2025-01-17.pdf,"[""01/06/25 Transfer VENMO 38.74""]"
2025-01-07,01/07/25,400.00,40000,credit,deposits,BOFA FIN CTR 01/07 #000004912 DEPOSIT 1515 Wildwood Blv Rio Grande NJ,01/07/25 BOFA FIN CTR 01/07 #000004912 DEPOSIT 1515 Wildwood Blv Rio Grande NJ,"December 18, 2024","January 17, 2025",2061,eStmt_2025-01-17.pdf,"[""01/07/25 BOFA FIN CTR    01/07 #000004912 DEPOSIT 1515 Wildwood Blv  Rio Grande    NJ 400.00""]"
2025-01-08,01/08/25,-350.00,-35000,debit,withdrawals,CHECKCARD 0107 RIDER EDUCATION OF NJ 732-572-0800 NJ 24055235007205729387732,01/08/25 CHECKCARD 0107 RIDER EDUCATION OF NJ 732-572-0800 NJ 24055235007205729387732,"December 18, 2024","January 17, 2025",2061,eStmt_2025-01-17.pdf,"[""01/08/25 CHECKCARD  0107 RIDER EDUCATION OF NJ 732-572-0800 NJ 24055235007205729387732 -350.00""]"
2025-01-08,01/08/25,-16.53,-1653,debit,withdrawals,MOBILE PURCHASE 0107 TST*EL JEFES TAQUERIA O NEW BRUNSWICKNJ,01/08/25 MOBILE PURCHASE 0107 TST*EL JEFES TAQUERIA O NEW BRUNSWICKNJ,"December 18, 2024","January 17, 2025",2061,eStmt_2025-01-17.pdf,"[""01/08/25 MOBILE PURCHASE 0107  TST*EL JEFES TAQUERIA O NEW BRUNSWICKNJ -16.53""]"
2025-01-08,01/08/25,5.00,500,credit,deposits,Zelle payment from OLIVIA MAZAHRA Conf# 0076BWIXY,01/08/25 Zelle payment from OLIVIA MAZAHRA Conf# 0076BWIXY,"December 18, 2024","January 17, 2025",2061,eStmt_2025-01-17.pdf,"[""01/08/25 Zelle payment from  OLIVIA MAZAHRA Conf# 0076BWIXY 5.00""]"
2025-01-09,01/09/25,-15.00,-1500,debit,other_subtractions,Zelle payment to Jeff Conf# mtd9mjfb6,01/09/25 Zelle payment to Jeff Conf# mtd9mjfb6,"December 18, 2024","January 17, 2025",2061,eStmt_2025-01-17.pdf,"[""01/09/25 Zelle payment to Jeff Conf# mtd9mjfb6 -15.00""]"
2025-01-09,01/09/25,99.92,9992,credit,deposits,137410 VIBRATION DES:DIR DEP ID:1747 INDN:MOUSTAFA M. NASR CO ID:2364227403 PPD,01/09/25 137410 VIBRATION DES:DIR DEP ID:1747 INDN:MOUSTAFA M. NASR CO ID:2364227403 PPD,"December 18, 2024","January 17, 2025",2061,eStmt_2025-01-17.pdf,"[""01/09/25 137410 VIBRATION DES:DIR DEP    ID:1747  INDN:MOUSTAFA M. NASR        CO ID:2364227403"", ""PPD99.92""]"
2025-01-10,01/10/25,-5.72,-572,debit,withdrawals,MOBILE PURCHASE 0109 DELICIOUS FOOD BAKERY NEW BRUNSWICKNJ,01/10/25 MOBILE PURCHASE 0109 DELICIOUS FOOD BAKERY NEW BRUNSWICKNJ,"December 18, 2024","January 17, 2025",2061,eStmt_2025-01-17.pdf,"[""01/10/25 MOBILE PURCHASE 0109  DELICIOUS FOOD BAKERY NEW BRUNSWICKNJ -5.72""]"
2025-01-13,01/13/25,-13.55,-1355,debit,withdrawals,MOBILE PURCHASE 0112 BRAVO 043321 NEW BRUNSWICKNJ,01/13/25 MOBILE PURCHASE 0112 BRAVO 043321 NEW BRUNSWICKNJ,"December 18, 2024","January 17, 2025",2061,eStmt_2025-01-17.pdf,"[""01/13/25 MOBILE PURCHASE 0112  BRAVO 043321 NEW BRUNSWICKNJ -13.55""]"
2025-01-13,01/13/25,-11.51,-1151,debit,withdrawals,MOBILE PURCHASE 0112 KING OF GYRO NEW BRUNSWICKNJ,01/13/25 MOBILE PURCHASE 0112 KING OF GYRO NEW BRUNSWICKNJ,"December 18, 2024","January 17, 2025",2061,eStmt_2025-01-17.pdf,"[""01/13/25 MOBILE PURCHASE 0112  KING OF GYRO NEW BRUNSWICKNJ -11.51""]"
2025-01-13,01/13/25,15.00,1500,credit,deposits,Online Banking transfer from CHK 3765 Confirmation# 7961894485,01/13/25 Online Banking transfer from CHK 3765 Confirmation# 7961894485,"December 18, 2024","January 17, 2025",2061,eStmt_2025-01-17.pdf,"[""01/13/25 Online Banking transfer from CHK 3765 Confirmation# 7961894485 15.00""]"
2025-01-15,01/15/25,-8.63,-863,debit,withdrawals,MOBILE PURCHASE 0114 WAWA 8356 HAMILTON NJ,01/15/25 MOBILE PURCHASE 0114 WAWA 8356 HAMILTON NJ,"December 18, 2024","January 17, 2025",2061,eStmt_2025-01-17.pdf,"[""01/15/25 MOBILE PURCHASE 0114  WAWA 8356 HAMILTON     NJ -8.63""]"
2025-01-16,01/16/25,-47.79,-4779,debit,withdrawals,MOBILE PURCHASE 0115 BRAVO 043321 NEW BRUNSWICKNJ,01/16/25 MOBILE PURCHASE 0115 BRAVO 043321 NEW BRUNSWICKNJ,"December 18, 2024","January 17, 2025",2061,eStmt_2025-01-17.pdf,"[""01/16/25 MOBILE PURCHASE 0115  BRAVO 043321 NEW BRUNSWICKNJ -47.79""]"
2025-01-16,01/16/25,-12.15,-1215,debit,withdrawals,MOBILE PURCHASE 0115 SNACK* AKIHI BUBBLE TE 186-68682146 CA,01/16/25 MOBILE PURCHASE 0115 SNACK* AKIHI BUBBLE TE 186-68682146 CA,"December 18, 2024","January 17, 2025",2061,eStmt_2025-01-17.pdf,"[""01/16/25 MOBILE PURCHASE 0115  SNACK* AKIHI BUBBLE TE 186-68682146 CA -12.15""]"
2025-01-16,01/16/25,281.51,28151,credit,deposits,137410 VIBRATION DES:DIR DEP ID:1747 INDN:MOUSTAFA M. NASR CO ID:2364227403 PPD,01/16/25 137410 VIBRATION DES:DIR DEP ID:1747 INDN:MOUSTAFA M. NASR CO ID:2364227403 PPD,"December 18, 2024","January 17, 2025",2061,eStmt_2025-01-17.pdf,"[""01/16/25 137410 VIBRATION DES:DIR DEP    ID:1747  INDN:MOUSTAFA M. NASR        CO ID:2364227403"", ""PPD281.51""]"
2025-01-17,01/17/25,-4.99,-499,debit,withdrawals,Duane Reade ST 01/17 #000460750 MOBILE PURCHASE Duane Reade STO 3 NEW YORK NY,01/17/25 Duane Reade ST 01/17 #000460750 MOBILE PURCHASE Duane Reade STO 3 NEW YORK NY,"December 18, 2024","January 17, 2025",2061,eStmt_2025-01-17.pdf,"[""01/17/25 Duane Reade ST  01/17 #000460750 MOBILE PURCHASE Duane Reade STO 3  NEW YORK      NY -4.99""]"
2025-01-21,01/21/25,-23.43,-2343,debit,withdrawals,PURCHASE 0121 AMAZON MKTPL*ZC51J4TY2 Amzn.com/billWA,01/21/25 PURCHASE 0121 AMAZON MKTPL*ZC51J4TY2 Amzn.com/billWA,"January 18, 2025","February 14, 2025",2061,eStmt_2025-02-14.pdf,"[""01/21/25 PURCHASE   0121 AMAZON MKTPL*ZC51J4TY2 Amzn.com/billWA -23.43""]"
2025-01-21,01/21/25,-22.89,-2289,debit,withdrawals,PURCHASE 0118 UBER *TRIP HELP.UBER.COMCA,01/21/25 PURCHASE 0118 UBER *TRIP HELP.UBER.COMCA,"January 18, 2025","February 14, 2025",2061,eStmt_2025-02-14.pdf,"[""01/21/25 PURCHASE   0118 UBER   *TRIP HELP.UBER.COMCA -22.89""]"
2025-01-21,01/21/25,-22.59,-2259,debit,withdrawals,PURCHASE 0118 TEMU.COM 130-248-0611 MA,01/21/25 PURCHASE 0118 TEMU.COM 130-248-0611 MA,"January 18, 2025","February 14, 2025",2061,eStmt_2025-02-14.pdf,"[""01/21/25 PURCHASE   0118 TEMU.COM 130-248-0611 MA -22.59""]"
2025-01-21,01/21/25,-14.13,-1413,debit,withdrawals,MOBILE PURCHASE 0117 SQ *BRYANT PARK New York NY,01/21/25 MOBILE PURCHASE 0117 SQ *BRYANT PARK New York NY,"January 18, 2025","February 14, 2025",2061,eStmt_2025-02-14.pdf,"[""01/21/25 MOBILE PURCHASE 0117  SQ *BRYANT PARK New York     NY -14.13""]"
2025-01-21,01/21/25,-6.91,-691,debit,withdrawals,MOBILE PURCHASE 0117 TST*WASABI SUSHI & BENT New York NY,01/21/25 MOBILE PURCHASE 0117 TST*WASABI SUSHI & BENT New York NY,"January 18, 2025","February 14, 2025",2061,eStmt_2025-02-14.pdf,"[""01/21/25 MOBILE PURCHASE 0117  TST*WASABI SUSHI & BENT New York     NY -6.91""]"
2025-01-21,01/21/25,-6.25,-625,debit,withdrawals,PURCHASE 0117 NJT RAIL MY-TIX 973-378-6339 NJ,01/21/25 PURCHASE 0117 NJT RAIL MY-TIX 973-378-6339 NJ,"January 18, 2025","February 14, 2025",2061,eStmt_2025-02-14.pdf,"[""01/21/25 PURCHASE   0117 NJT RAIL MY-TIX 973-378-6339 NJ -6.25""]"
2025-01-22,01/22/25,-31.67,-3167,debit,withdrawals,"PURCHASE 0122 AMAZON RETA* ZG2TH6VM0 WWW.AMAZON.COWA continued on the next page Account security you can see Check your security meter level and watch it rise as you take action to help protect against fraud. See it in the Mobile Banking app and Online Banking. To learn more, visit bofa.com/SecurityCenter or scan this code. When you use the QRC feature, certain information is collected from your mobile device for business purposes. Mobile Banking requires that you download the Mobile Banking app and is only available for select mobile devices. Message and data rates may apply. MOUSTAFA MOHAMED NASR ! Account # 3810 6904 2061 ! January 18, 2025 to February 14, 2025","01/22/25 PURCHASE 0122 AMAZON RETA* ZG2TH6VM0 WWW.AMAZON.COWA continued on the next page Account security you can see Check your security meter level and watch it rise as you take action to help protect against fraud. See it in the Mobile Banking app and Online Banking. To learn more, visit bofa.com/SecurityCenter or scan this code. When you use the QRC feature, certain information is collected from your mobile device for business purposes. Mobile Banking requires that you download the Mobile Banking app and is only available for select mobile devices. Message and data rates may apply. MOUSTAFA MOHAMED NASR ! Account # 3810 6904 2061 ! January 18, 2025 to February 14, 2025","January 18, 2025","February 14, 2025",2061,eStmt_2025-02-14.pdf,"[""01/22/25 PURCHASE   0122 AMAZON RETA* ZG2TH6VM0 WWW.AMAZON.COWA -31.67"", ""continued on the next page"", ""Account security you can see"", ""Check your security meter level and watch it rise as you take"", ""action to help protect against fraud. See it in the Mobile Banking app"", ""and Online Banking."", ""To learn more, visit bofa.com/SecurityCenter or scan this code."", ""When you use the QRC feature, certain information is collected from your mobile device for"", ""business purposes. Mobile Banking requires that you download the Mobile Banking app and is"", ""only available for select mobile devices. Message and data rates may apply."", ""MOUSTAFA MOHAMED NASR   !   Account # 3810 6904 2061   !   January 18, 2025 to February 14, 2025""]"
2025-01-22,01/22/25,-27.30,-2730,debit,withdrawals,MOBILE PURCHASE 0121 BRAVO 043321 NEW BRUNSWICKNJ,01/22/25 MOBILE PURCHASE 0121 BRAVO 043321 NEW BRUNSWICKNJ,"January 18, 2025","February 14, 2025",2061,eStmt_2025-02-14.pdf,"[""01/22/25 MOBILE PURCHASE 0121  BRAVO 043321 NEW BRUNSWICKNJ -27.30""]"
2025-01-23,01/23/25,-17.01,-1701,debit,withdrawals,PURCHASE 0122 CHEGG *ORDER 855-440-1323 CA,01/23/25 PURCHASE 0122 CHEGG *ORDER 855-440-1323 CA,"January 18, 2025","February 14, 2025",2061,eStmt_2025-02-14.pdf,"[""01/23/25 PURCHASE   0122 CHEGG  *ORDER 855-440-1323 CA -17.01""]"
2025-01-23,01/23/25,16.00,1600,credit,deposits,137410 VIBRATION DES:DIR DEP ID:1747 INDN:MOUSTAFA M. NASR CO ID:2364227403 PPD,01/23/25 137410 VIBRATION DES:DIR DEP ID:1747 INDN:MOUSTAFA M. NASR CO ID:2364227403 PPD,"January 18, 2025","February 14, 2025",2061,eStmt_2025-02-14.pdf,"[""01/23/25 137410 VIBRATION DES:DIR DEP    ID:1747  INDN:MOUSTAFA M. NASR        CO ID:2364227403"", ""PPD16.00""]"
2025-01-27,01/27/25,-15.00,-1500,debit,withdrawals,PMNT SENT 0124 APPLE CASH BALANCE ADD 877-233-8552 CA,01/27/25 PMNT SENT 0124 APPLE CASH BALANCE ADD 877-233-8552 CA,"January 18, 2025","February 14, 2025",2061,eStmt_2025-02-14.pdf,"[""01/27/25 PMNT SENT  0124 APPLE CASH BALANCE ADD 877-233-8552 CA -15.00""]"
2025-01-27,01/27/25,-13.00,-1300,debit,other_subtractions,VENMO DES:PAYMENT ID:1039823006946 INDN:MOUSTAFA NASR CO ID:3264681992 WEB,01/27/25 VENMO DES:PAYMENT ID:1039823006946 INDN:MOUSTAFA NASR CO ID:3264681992 WEB,"January 18, 2025","February 14, 2025",2061,eStmt_2025-02-14.pdf,"[""01/27/25 VENMO            DES:PAYMENT    ID:1039823006946  INDN:MOUSTAFA NASR           CO"", ""ID:3264681992 WEB-13.00""]"
2025-01-27,01/27/25,-8.00,-800,debit,other_subtractions,VENMO DES:PAYMENT ID:1039845771965 INDN:MOUSTAFA NASR CO ID:3264681992 WEB,01/27/25 VENMO DES:PAYMENT ID:1039845771965 INDN:MOUSTAFA NASR CO ID:3264681992 WEB,"January 18, 2025","February 14, 2025",2061,eStmt_2025-02-14.pdf,"[""01/27/25 VENMO            DES:PAYMENT    ID:1039845771965  INDN:MOUSTAFA NASR           CO"", ""ID:3264681992 WEB-8.00""]"
2025-01-27,01/27/25,-6.38,-638,debit,withdrawals,PURCHASE 0125 SPOTIFY 877-778-1161 NY,01/27/25 PURCHASE 0125 SPOTIFY 877-778-1161 NY,"January 18, 2025","February 14, 2025",2061,eStmt_2025-02-14.pdf,"[""01/27/25 PURCHASE   0125 SPOTIFY 877-778-1161 NY -6.38""]"
2025-01-29,01/29/25,-100.00,-10000,debit,other_subtractions,ROBINHOOD DES:DEBITS ID:XXXXXXXXX INDN:Moustafa Nasr CO ID:5326394001 WEB,01/29/25 ROBINHOOD DES:DEBITS ID:XXXXXXXXX INDN:Moustafa Nasr CO ID:5326394001 WEB,"January 18, 2025","February 14, 2025",2061,eStmt_2025-02-14.pdf,"[""01/29/25 ROBINHOOD        DES:DEBITS     ID:XXXXXXXXX  INDN:Moustafa Nasr           CO ID:5326394001"", ""WEB-100.00""]"
2025-01-29,01/29/25,-26.17,-2617,debit,withdrawals,MOBILE PURCHASE 0128 H MART EDISON LLC EDISON NJ,01/29/25 MOBILE PURCHASE 0128 H MART EDISON LLC EDISON NJ,"January 18, 2025","February 14, 2025",2061,eStmt_2025-02-14.pdf,"[""01/29/25 MOBILE PURCHASE 0128  H MART EDISON LLC EDISON       NJ -26.17""]"
2025-01-29,01/29/25,-20.00,-2000,debit,withdrawals,CHECKCARD 0128 RUTGERS UNIVERSITY 848-4453500 NJ 24789305028108101332749,01/29/25 CHECKCARD 0128 RUTGERS UNIVERSITY 848-4453500 NJ 24789305028108101332749,"January 18, 2025","February 14, 2025",2061,eStmt_2025-02-14.pdf,"[""01/29/25 CHECKCARD  0128 RUTGERS UNIVERSITY 848-4453500  NJ 24789305028108101332749 -20.00""]"
2025-01-30,01/30/25,-8.96,-896,debit,withdrawals,PURCHASE 0129 LYFT *RIDE TUE 12PM LYFT.COM CA,01/30/25 PURCHASE 0129 LYFT *RIDE TUE 12PM LYFT.COM CA,"January 18, 2025","February 14, 2025",2061,eStmt_2025-02-14.pdf,"[""01/30/25 PURCHASE   0129 LYFT   *RIDE TUE 12PM LYFT.COM     CA -8.96""]"
2025-01-30,01/30/25,75.46,7546,credit,deposits,137410 VIBRATION DES:DIR DEP ID:1747 INDN:MOUSTAFA M. NASR CO ID:2364227403 PPD,01/30/25 137410 VIBRATION DES:DIR DEP ID:1747 INDN:MOUSTAFA M. NASR CO ID:2364227403 PPD,"January 18, 2025","February 14, 2025",2061,eStmt_2025-02-14.pdf,"[""01/30/25 137410 VIBRATION DES:DIR DEP    ID:1747  INDN:MOUSTAFA M. NASR        CO ID:2364227403"", ""PPD75.46""]"
2025-01-31,01/31/25,-10.00,-1000,debit,other_subtractions,Zelle payment to Jeff Conf# n5vpjz411,01/31/25 Zelle payment to Jeff Conf# n5vpjz411,"January 18, 2025","February 14, 2025",2061,eStmt_2025-02-14.pdf,"[""01/31/25 Zelle payment to Jeff Conf# n5vpjz411 -10.00""]"
2025-01-31,01/31/25,10.00,1000,credit,deposits,Zelle payment from XING YAN Conf# AA0PoG72d,01/31/25 Zelle payment from XING YAN Conf# AA0PoG72d,"January 18, 2025","February 14, 2025",2061,eStmt_2025-02-14.pdf,"[""01/31/25 Zelle payment from XING  YAN Conf# AA0PoG72d 10.00""]"
2025-02-03,02/03/25,-50.00,-5000,debit,other_subtractions,Instant Payment; Robinhood Securities Payment Request 20250201021000021P1BRJPM00480022739,02/03/25 Instant Payment; Robinhood Securities Payment Request 20250201021000021P1BRJPM00480022739,"January 18, 2025","February 14, 2025",2061,eStmt_2025-02-14.pdf,"[""02/03/25 Instant Payment; Robinhood Securities  Payment Request"", ""20250201021000021P1BRJPM00480022739-50.00""]"
2025-02-03,02/03/25,-14.87,-1487,debit,withdrawals,MOBILE PURCHASE 0130 TST*EL JEFES TAQUERIA O NEW BRUNSWICKNJ,02/03/25 MOBILE PURCHASE 0130 TST*EL JEFES TAQUERIA O NEW BRUNSWICKNJ,"January 18, 2025","February 14, 2025",2061,eStmt_2025-02-14.pdf,"[""02/03/25 MOBILE PURCHASE 0130  TST*EL JEFES TAQUERIA O NEW BRUNSWICKNJ -14.87""]"
2025-02-03,02/03/25,-11.00,-1100,debit,withdrawals,PMNT SENT 0202 APPLE CASH BALANCE ADD 877-233-8552 CA,02/03/25 PMNT SENT 0202 APPLE CASH BALANCE ADD 877-233-8552 CA,"January 18, 2025","February 14, 2025",2061,eStmt_2025-02-14.pdf,"[""02/03/25 PMNT SENT  0202 APPLE CASH BALANCE ADD 877-233-8552 CA -11.00""]"
2025-02-03,02/03/25,20.00,2000,credit,deposits,Online Banking transfer from CHK 3765 Confirmation# 7660376421,02/03/25 Online Banking transfer from CHK 3765 Confirmation# 7660376421,"January 18, 2025","February 14, 2025",2061,eStmt_2025-02-14.pdf,"[""02/03/25 Online Banking transfer from CHK 3765 Confirmation# 7660376421 20.00""]"
2025-02-05,02/05/25,-10.00,-1000,debit,withdrawals,PURCHASE 0203 CG LAUNDRY RUTGERS COLL 804-7846100 NJ,02/05/25 PURCHASE 0203 CG LAUNDRY RUTGERS COLL 804-7846100 NJ,"January 18, 2025","February 14, 2025",2061,eStmt_2025-02-14.pdf,"[""02/05/25 PURCHASE   0203 CG LAUNDRY RUTGERS COLL 804-7846100  NJ -10.00""]"
2025-02-05,02/05/25,-10.00,-1000,debit,withdrawals,PURCHASE 0203 CG LAUNDRY RUTGERS COLL 804-7846100 NJ,02/05/25 PURCHASE 0203 CG LAUNDRY RUTGERS COLL 804-7846100 NJ,"January 18, 2025","February 14, 2025",2061,eStmt_2025-02-14.pdf,"[""02/05/25 PURCHASE   0203 CG LAUNDRY RUTGERS COLL 804-7846100  NJ -10.00""]"
2025-02-06,02/06/25,11.06,1106,credit,deposits,Zelle payment from CALIL BRANCH Conf# T0YHRFR4H,02/06/25 Zelle payment from CALIL BRANCH Conf# T0YHRFR4H,"January 18, 2025","February 14, 2025",2061,eStmt_2025-02-14.pdf,"[""02/06/25 Zelle payment from  CALIL BRANCH Conf# T0YHRFR4H 11.06""]"
2025-02-06,02/06/25,34.39,3439,credit,deposits,Transfer VENMO,02/06/25 Transfer VENMO,"January 18, 2025","February 14, 2025",2061,eStmt_2025-02-14.pdf,"[""02/06/25 Transfer VENMO 34.39""]"
2025-02-06,02/06/25,177.85,17785,credit,deposits,137410 VIBRATION DES:DIR DEP ID:1747 INDN:MOUSTAFA M. NASR CO ID:2364227403 PPD,02/06/25 137410 VIBRATION DES:DIR DEP ID:1747 INDN:MOUSTAFA M. NASR CO ID:2364227403 PPD,"January 18, 2025","February 14, 2025",2061,eStmt_2025-02-14.pdf,"[""02/06/25 137410 VIBRATION DES:DIR DEP    ID:1747  INDN:MOUSTAFA M. NASR        CO ID:2364227403"", ""PPD177.85""]"
2025-02-07,02/07/25,-100.00,-10000,debit,other_subtractions,ROBINHOOD DES:DEBITS ID:XXXXXXXXX INDN:Moustafa Nasr CO ID:5326394001 WEB,02/07/25 ROBINHOOD DES:DEBITS ID:XXXXXXXXX INDN:Moustafa Nasr CO ID:5326394001 WEB,"January 18, 2025","February 14, 2025",2061,eStmt_2025-02-14.pdf,"[""02/07/25 ROBINHOOD        DES:DEBITS     ID:XXXXXXXXX  INDN:Moustafa Nasr           CO ID:5326394001"", ""WEB-100.00""]"
2025-02-07,02/07/25,-50.00,-5000,debit,other_subtractions,ROBINHOOD DES:DEBITS ID:XXXXXXXXX INDN:Moustafa Nasr CO ID:5326394001 WEB,02/07/25 ROBINHOOD DES:DEBITS ID:XXXXXXXXX INDN:Moustafa Nasr CO ID:5326394001 WEB,"January 18, 2025","February 14, 2025",2061,eStmt_2025-02-14.pdf,"[""02/07/25 ROBINHOOD        DES:DEBITS     ID:XXXXXXXXX  INDN:Moustafa Nasr           CO ID:5326394001"", ""WEB-50.00""]"
2025-02-07,02/07/25,-30.00,-3000,debit,other_subtractions,"VENMO DES:PAYMENT ID:1040116689037 INDN:MOUSTAFA NASR CO ID:3264681992 WEB continued on the next page MOUSTAFA MOHAMED NASR ! Account # 3810 6904 2061 ! January 18, 2025 to February 14, 2025","02/07/25 VENMO DES:PAYMENT ID:1040116689037 INDN:MOUSTAFA NASR CO ID:3264681992 WEB continued on the next page MOUSTAFA MOHAMED NASR ! Account # 3810 6904 2061 ! January 18, 2025 to February 14, 2025","January 18, 2025","February 14, 2025",2061,eStmt_2025-02-14.pdf,"[""02/07/25 VENMO            DES:PAYMENT    ID:1040116689037  INDN:MOUSTAFA NASR           CO"", ""ID:3264681992 WEB-30.00"", ""continued on the next page"", ""MOUSTAFA MOHAMED NASR   !   Account # 3810 6904 2061   !   January 18, 2025 to February 14, 2025""]"
2025-02-07,02/07/25,-29.46,-2946,debit,withdrawals,MOBILE PURCHASE 0206 BRAVO 043321 NEW BRUNSWICKNJ,02/07/25 MOBILE PURCHASE 0206 BRAVO 043321 NEW BRUNSWICKNJ,"January 18, 2025","February 14, 2025",2061,eStmt_2025-02-14.pdf,"[""02/07/25 MOBILE PURCHASE 0206  BRAVO 043321 NEW BRUNSWICKNJ -29.46""]"
2025-02-10,02/10/25,-35.00,-3500,debit,other_subtractions,VENMO DES:PAYMENT ID:1040186679335 INDN:MOUSTAFA NASR CO ID:3264681992 WEB,02/10/25 VENMO DES:PAYMENT ID:1040186679335 INDN:MOUSTAFA NASR CO ID:3264681992 WEB,"January 18, 2025","February 14, 2025",2061,eStmt_2025-02-14.pdf,"[""02/10/25 VENMO            DES:PAYMENT    ID:1040186679335  INDN:MOUSTAFA NASR           CO"", ""ID:3264681992 WEB-35.00""]"
2025-02-10,02/10/25,-17.01,-1701,debit,withdrawals,PURCHASE 0210 CHE*CHEGG STUDY 855-440-1323 CA,02/10/25 PURCHASE 0210 CHE*CHEGG STUDY 855-440-1323 CA,"January 18, 2025","February 14, 2025",2061,eStmt_2025-02-14.pdf,"[""02/10/25 PURCHASE   0210 CHE*CHEGG STUDY 855-440-1323 CA -17.01""]"
2025-02-10,02/10/25,-11.06,-1106,debit,withdrawals,PMNT SENT 0207 APPLE CASH BALANCE ADD 877-233-8552 CA,02/10/25 PMNT SENT 0207 APPLE CASH BALANCE ADD 877-233-8552 CA,"January 18, 2025","February 14, 2025",2061,eStmt_2025-02-14.pdf,"[""02/10/25 PMNT SENT  0207 APPLE CASH BALANCE ADD 877-233-8552 CA -11.06""]"
2025-02-10,02/10/25,845.00,84500,credit,deposits,Rutgers The Stat DES:NBS REFUND ID:11276963 INDN:MOUSTAFA NASR CO ID:8470751402 PPD,02/10/25 Rutgers The Stat DES:NBS REFUND ID:11276963 INDN:MOUSTAFA NASR CO ID:8470751402 PPD,"January 18, 2025","February 14, 2025",2061,eStmt_2025-02-14.pdf,"[""02/10/25 Rutgers The Stat DES:NBS REFUND ID:11276963  INDN:MOUSTAFA NASR           CO"", ""ID:8470751402 PPD845.00""]"
2025-02-11,02/11/25,-10.00,-1000,debit,other_subtractions,VENMO DES:PAYMENT ID:1040201709742 INDN:MOUSTAFA NASR CO ID:3264681992 WEB,02/11/25 VENMO DES:PAYMENT ID:1040201709742 INDN:MOUSTAFA NASR CO ID:3264681992 WEB,"January 18, 2025","February 14, 2025",2061,eStmt_2025-02-14.pdf,"[""02/11/25 VENMO            DES:PAYMENT    ID:1040201709742  INDN:MOUSTAFA NASR           CO"", ""ID:3264681992 WEB-10.00""]"
2025-02-11,02/11/25,-5.72,-572,debit,withdrawals,PMNT SENT 0210 APPLE CASH SENT MONEY 1INFINITELOOPCA,02/11/25 PMNT SENT 0210 APPLE CASH SENT MONEY 1INFINITELOOPCA,"January 18, 2025","February 14, 2025",2061,eStmt_2025-02-14.pdf,"[""02/11/25 PMNT SENT  0210 APPLE CASH SENT MONEY 1INFINITELOOPCA -5.72""]"
2025-02-12,02/12/25,-53.30,-5330,debit,withdrawals,PURCHASE 0211 APPLE.COM/BILL 866-712-7753 CA,02/12/25 PURCHASE 0211 APPLE.COM/BILL 866-712-7753 CA,"January 18, 2025","February 14, 2025",2061,eStmt_2025-02-14.pdf,"[""02/12/25 PURCHASE   0211 APPLE.COM/BILL 866-712-7753 CA -53.30""]"
2025-02-13,02/13/25,-7.10,-710,debit,withdrawals,MOBILE PURCHASE 0211 TST*MR. TACOS TAQUERIA New BrunswickNJ,02/13/25 MOBILE PURCHASE 0211 TST*MR. TACOS TAQUERIA New BrunswickNJ,"January 18, 2025","February 14, 2025",2061,eStmt_2025-02-14.pdf,"[""02/13/25 MOBILE PURCHASE 0211  TST*MR. TACOS TAQUERIA New BrunswickNJ -7.10""]"
2025-02-13,02/13/25,-6.00,-600,debit,other_subtractions,Zelle payment to Dhwanish - Conf# qlihgbu8c,02/13/25 Zelle payment to Dhwanish - Conf# qlihgbu8c,"January 18, 2025","February 14, 2025",2061,eStmt_2025-02-14.pdf,"[""02/13/25 Zelle payment to Dhwanish - Conf# qlihgbu8c -6.00""]"
2025-02-13,02/13/25,-4.00,-400,debit,other_subtractions,VENMO DES:PAYMENT ID:1040232652213 INDN:MOUSTAFA NASR CO ID:3264681992 WEB,02/13/25 VENMO DES:PAYMENT ID:1040232652213 INDN:MOUSTAFA NASR CO ID:3264681992 WEB,"January 18, 2025","February 14, 2025",2061,eStmt_2025-02-14.pdf,"[""02/13/25 VENMO            DES:PAYMENT    ID:1040232652213  INDN:MOUSTAFA NASR           CO"", ""ID:3264681992 WEB-4.00""]"
2025-02-13,02/13/25,53.30,5330,credit,deposits,Temporary Credit Adjustment on 02/13/25,02/13/25 Temporary Credit Adjustment on 02/13/25,"January 18, 2025","February 14, 2025",2061,eStmt_2025-02-14.pdf,"[""02/13/25 Temporary Credit Adjustment on 02/13/25 53.30""]"
2025-02-18,02/18/25,-200.00,-20000,debit,other_subtractions,ROBINHOOD DES:DEBITS ID:XXXXXXXXX INDN:Moustafa Nasr CO ID:5326394001 WEB,02/18/25 ROBINHOOD DES:DEBITS ID:XXXXXXXXX INDN:Moustafa Nasr CO ID:5326394001 WEB,"February 15, 2025","March 18, 2025",2061,eStmt_2025-03-18.pdf,"[""02/18/25 ROBINHOOD        DES:DEBITS     ID:XXXXXXXXX  INDN:Moustafa Nasr           CO ID:5326394001"", ""WEB-200.00""]"
2025-02-18,02/18/25,-200.00,-20000,debit,other_subtractions,ROBINHOOD DES:DEBITS ID:XXXXXXXXX INDN:Moustafa Nasr CO ID:5326394001 WEB,02/18/25 ROBINHOOD DES:DEBITS ID:XXXXXXXXX INDN:Moustafa Nasr CO ID:5326394001 WEB,"February 15, 2025","March 18, 2025",2061,eStmt_2025-03-18.pdf,"[""02/18/25 ROBINHOOD        DES:DEBITS     ID:XXXXXXXXX  INDN:Moustafa Nasr           CO ID:5326394001"", ""WEB-200.00""]"
2025-02-18,02/18/25,-150.00,-15000,debit,other_subtractions,ROBINHOOD DES:DEBITS ID:XXXXXXXXX INDN:Moustafa Nasr CO ID:5326394001 WEB,02/18/25 ROBINHOOD DES:DEBITS ID:XXXXXXXXX INDN:Moustafa Nasr CO ID:5326394001 WEB,"February 15, 2025","March 18, 2025",2061,eStmt_2025-03-18.pdf,"[""02/18/25 ROBINHOOD        DES:DEBITS     ID:XXXXXXXXX  INDN:Moustafa Nasr           CO ID:5326394001"", ""WEB-150.00""]"
2025-02-18,02/18/25,-12.21,-1221,debit,withdrawals,MOBILE PURCHASE 0215 TST*EL JEFES TAQUERIA O NEW BRUNSWICKNJ,02/18/25 MOBILE PURCHASE 0215 TST*EL JEFES TAQUERIA O NEW BRUNSWICKNJ,"February 15, 2025","March 18, 2025",2061,eStmt_2025-03-18.pdf,"[""02/18/25 MOBILE PURCHASE 0215  TST*EL JEFES TAQUERIA O NEW BRUNSWICKNJ -12.21""]"
2025-02-18,02/18/25,-11.06,-1106,debit,withdrawals,PMNT SENT 0214 APPLE CASH BALANCE ADD 877-233-8552 CA,02/18/25 PMNT SENT 0214 APPLE CASH BALANCE ADD 877-233-8552 CA,"February 15, 2025","March 18, 2025",2061,eStmt_2025-03-18.pdf,"[""02/18/25 PMNT SENT  0214 APPLE CASH BALANCE ADD 877-233-8552 CA -11.06""]"
2025-02-18,02/18/25,-10.00,-1000,debit,other_subtractions,"VENMO DES:PAYMENT ID:1040295262683 INDN:MOUSTAFA NASR CO ID:3264681992 WEB continued on the next page MOUSTAFA MOHAMED NASR ! Account # 3810 6904 2061 ! February 15, 2025 to March 18, 2025","02/18/25 VENMO DES:PAYMENT ID:1040295262683 INDN:MOUSTAFA NASR CO ID:3264681992 WEB continued on the next page MOUSTAFA MOHAMED NASR ! Account # 3810 6904 2061 ! February 15, 2025 to March 18, 2025","February 15, 2025","March 18, 2025",2061,eStmt_2025-03-18.pdf,"[""02/18/25 VENMO            DES:PAYMENT    ID:1040295262683  INDN:MOUSTAFA NASR           CO"", ""ID:3264681992 WEB-10.00"", ""continued on the next page"", ""MOUSTAFA MOHAMED NASR   !   Account # 3810 6904 2061   !   February 15, 2025 to March 18, 2025""]"
2025-02-18,02/18/25,53.30,5330,credit,deposits,PURCHASE REFUND 0214 APPLE.COM/BILL 866-712-7753 CA 74692165045107493430408 RECURRING,02/18/25 PURCHASE REFUND 0214 APPLE.COM/BILL 866-712-7753 CA 74692165045107493430408 RECURRING,"February 15, 2025","March 18, 2025",2061,eStmt_2025-03-18.pdf,"[""02/18/25 PURCHASE REFUND 0214  APPLE.COM/BILL 866-712-7753 CA 74692165045107493430408"", ""RECURRING53.30""]"
2025-02-19,02/19/25,-160.70,-16070,debit,withdrawals,"PURCHASE 0218 AMAZON MKTPL*T131L4UC3 Amzn.com/billWA continued on the next page Account security you can see Check your security meter level and watch it rise as you take action to help protect against fraud. See it in the Mobile Banking app and Online Banking. To learn more, visit bofa.com/SecurityCenter or scan this code. When you use the QRC feature, certain information is collected from your mobile device for business purposes. Mobile Banking requires that you download the Mobile Banking app and is only available for select mobile devices. Message and data rates may apply. MOUSTAFA MOHAMED NASR ! Account # 3810 6904 2061 ! February 15, 2025 to March 18, 2025","02/19/25 PURCHASE 0218 AMAZON MKTPL*T131L4UC3 Amzn.com/billWA continued on the next page Account security you can see Check your security meter level and watch it rise as you take action to help protect against fraud. See it in the Mobile Banking app and Online Banking. To learn more, visit bofa.com/SecurityCenter or scan this code. When you use the QRC feature, certain information is collected from your mobile device for business purposes. Mobile Banking requires that you download the Mobile Banking app and is only available for select mobile devices. Message and data rates may apply. MOUSTAFA MOHAMED NASR ! Account # 3810 6904 2061 ! February 15, 2025 to March 18, 2025","February 15, 2025","March 18, 2025",2061,eStmt_2025-03-18.pdf,"[""02/19/25 PURCHASE   0218 AMAZON MKTPL*T131L4UC3 Amzn.com/billWA -160.70"", ""continued on the next page"", ""Account security you can see"", ""Check your security meter level and watch it rise as you take"", ""action to help protect against fraud. See it in the Mobile Banking app"", ""and Online Banking."", ""To learn more, visit bofa.com/SecurityCenter or scan this code."", ""When you use the QRC feature, certain information is collected from your mobile device for"", ""business purposes. Mobile Banking requires that you download the Mobile Banking app and is"", ""only available for select mobile devices. Message and data rates may apply."", ""MOUSTAFA MOHAMED NASR   !   Account # 3810 6904 2061   !   February 15, 2025 to March 18, 2025""]"
2025-02-20,02/20/25,-702.00,-70200,debit,other_subtractions,Instant Payment; Robinhood Securities Payment Request 20250220021000021P1BRJPM00640053695,02/20/25 Instant Payment; Robinhood Securities Payment Request 20250220021000021P1BRJPM00640053695,"February 15, 2025","March 18, 2025",2061,eStmt_2025-03-18.pdf,"[""02/20/25 Instant Payment; Robinhood Securities  Payment Request"", ""20250220021000021P1BRJPM00640053695-702.00""]"
2025-02-20,02/20/25,-415.00,-41500,debit,other_subtractions,Instant Payment; Robinhood Securities Payment Request 20250220021000021P1BRJPM09360055707,02/20/25 Instant Payment; Robinhood Securities Payment Request 20250220021000021P1BRJPM09360055707,"February 15, 2025","March 18, 2025",2061,eStmt_2025-03-18.pdf,"[""02/20/25 Instant Payment; Robinhood Securities  Payment Request"", ""20250220021000021P1BRJPM09360055707-415.00""]"
2025-02-20,02/20/25,-225.00,-22500,debit,other_subtractions,Instant Payment; Robinhood Securities Payment Request 20250220021000021P1BRJPM09360053940,02/20/25 Instant Payment; Robinhood Securities Payment Request 20250220021000021P1BRJPM09360053940,"February 15, 2025","March 18, 2025",2061,eStmt_2025-03-18.pdf,"[""02/20/25 Instant Payment; Robinhood Securities  Payment Request"", ""20250220021000021P1BRJPM09360053940-225.00""]"
2025-02-20,02/20/25,-200.00,-20000,debit,other_subtractions,Instant Payment; Robinhood Securities Payment Request 20250220021000021P1BRJPM00640052042,02/20/25 Instant Payment; Robinhood Securities Payment Request 20250220021000021P1BRJPM00640052042,"February 15, 2025","March 18, 2025",2061,eStmt_2025-03-18.pdf,"[""02/20/25 Instant Payment; Robinhood Securities  Payment Request"", ""20250220021000021P1BRJPM00640052042-200.00""]"
2025-02-20,02/20/25,-185.00,-18500,debit,other_subtractions,Instant Payment; Robinhood Securities Payment Request 20250220021000021P1BRJPM09360054671,02/20/25 Instant Payment; Robinhood Securities Payment Request 20250220021000021P1BRJPM09360054671,"February 15, 2025","March 18, 2025",2061,eStmt_2025-03-18.pdf,"[""02/20/25 Instant Payment; Robinhood Securities  Payment Request"", ""20250220021000021P1BRJPM09360054671-185.00""]"
2025-02-20,02/20/25,-9.50,-950,debit,withdrawals,MOBILE PURCHASE 0219 RUTGERS CINEMA PISCATAWAY NJ,02/20/25 MOBILE PURCHASE 0219 RUTGERS CINEMA PISCATAWAY NJ,"February 15, 2025","March 18, 2025",2061,eStmt_2025-03-18.pdf,"[""02/20/25 MOBILE PURCHASE 0219  RUTGERS CINEMA PISCATAWAY   NJ -9.50""]"
2025-02-20,02/20/25,1709.00,170900,credit,deposits,Rutgers The Stat DES:NBS REFUND ID:11360097 INDN:MOUSTAFA NASR CO ID:8470751402 PPD,02/20/25 Rutgers The Stat DES:NBS REFUND ID:11360097 INDN:MOUSTAFA NASR CO ID:8470751402 PPD,"February 15, 2025","March 18, 2025",2061,eStmt_2025-03-18.pdf,"[""02/20/25 Rutgers The Stat DES:NBS REFUND ID:11360097  INDN:MOUSTAFA NASR           CO"", ""ID:8470751402 PPD1,709.00""]"
2025-02-24,02/24/25,-17.01,-1701,debit,withdrawals,PURCHASE 0222 CHE*CHEGG STUDY 855-440-1323 CA,02/24/25 PURCHASE 0222 CHE*CHEGG STUDY 855-440-1323 CA,"February 15, 2025","March 18, 2025",2061,eStmt_2025-03-18.pdf,"[""02/24/25 PURCHASE   0222 CHE*CHEGG STUDY 855-440-1323 CA -17.01""]"
2025-02-25,02/25/25,-40.00,-4000,debit,other_subtractions,ROBINHOOD DES:DEBITS ID:XXXXXXXXX INDN:Moustafa Nasr CO ID:5326394001 WEB,02/25/25 ROBINHOOD DES:DEBITS ID:XXXXXXXXX INDN:Moustafa Nasr CO ID:5326394001 WEB,"February 15, 2025","March 18, 2025",2061,eStmt_2025-03-18.pdf,"[""02/25/25 ROBINHOOD        DES:DEBITS     ID:XXXXXXXXX  INDN:Moustafa Nasr           CO ID:5326394001"", ""WEB-40.00""]"
2025-02-25,02/25/25,20.00,2000,credit,deposits,Zelle payment from MARYAM NASR Conf# f6na78qon,02/25/25 Zelle payment from MARYAM NASR Conf# f6na78qon,"February 15, 2025","March 18, 2025",2061,eStmt_2025-03-18.pdf,"[""02/25/25 Zelle payment from MARYAM NASR Conf# f6na78qon 20.00""]"
2025-02-26,02/26/25,-11.06,-1106,debit,withdrawals,PMNT SENT 0225 APPLE CASH BALANCE ADD 877-233-8552 CA,02/26/25 PMNT SENT 0225 APPLE CASH BALANCE ADD 877-233-8552 CA,"February 15, 2025","March 18, 2025",2061,eStmt_2025-03-18.pdf,"[""02/26/25 PMNT SENT  0225 APPLE CASH BALANCE ADD 877-233-8552 CA -11.06""]"
2025-03-03,03/03/25,-72.38,-7238,debit,withdrawals,ULTA #1547 03/02 #000059552 MOBILE PURCHASE ULTA #1547 RIO GRANDE NJ,03/03/25 ULTA #1547 03/02 #000059552 MOBILE PURCHASE ULTA #1547 RIO GRANDE NJ,"February 15, 2025","March 18, 2025",2061,eStmt_2025-03-18.pdf,"[""03/03/25 ULTA #1547      03/02 #000059552 MOBILE PURCHASE ULTA #1547         RIO GRANDE    NJ -72.38""]"
2025-03-03,03/03/25,-64.98,-6498,debit,withdrawals,MARSHALLS 11 C 03/02 #000803489 MOBILE PURCHASE MARSHALLS 11 COUR CAPE MAY NJ,03/03/25 MARSHALLS 11 C 03/02 #000803489 MOBILE PURCHASE MARSHALLS 11 COUR CAPE MAY NJ,"February 15, 2025","March 18, 2025",2061,eStmt_2025-03-18.pdf,"[""03/03/25 MARSHALLS 11 C  03/02 #000803489 MOBILE PURCHASE MARSHALLS 11 COUR  CAPE MAY"", ""NJ-64.98""]"
2025-03-03,03/03/25,-25.00,-2500,debit,other_subtractions,Zelle payment to gian Conf# oaj42utre,03/03/25 Zelle payment to gian Conf# oaj42utre,"February 15, 2025","March 18, 2025",2061,eStmt_2025-03-18.pdf,"[""03/03/25 Zelle payment to  gian Conf# oaj42utre -25.00""]"
2025-03-03,03/03/25,-20.00,-2000,debit,other_subtractions,Zelle payment to May Conf# jygfstex1,03/03/25 Zelle payment to May Conf# jygfstex1,"February 15, 2025","March 18, 2025",2061,eStmt_2025-03-18.pdf,"[""03/03/25 Zelle payment to  May Conf# jygfstex1 -20.00""]"
2025-03-03,03/03/25,-13.85,-1385,debit,withdrawals,SHOPRITE RIO G 03/02 #000451527 MOBILE PURCHASE SHOPRITE RIO GRAN RIO GRANDE NJ,03/03/25 SHOPRITE RIO G 03/02 #000451527 MOBILE PURCHASE SHOPRITE RIO GRAN RIO GRANDE NJ,"February 15, 2025","March 18, 2025",2061,eStmt_2025-03-18.pdf,"[""03/03/25 SHOPRITE RIO G  03/02 #000451527 MOBILE PURCHASE SHOPRITE RIO GRAN  RIO GRANDE    NJ -13.85""]"
2025-03-03,03/03/25,-6.38,-638,debit,withdrawals,PURCHASE 0302 SPOTIFY 877-778-1161 NY,03/03/25 PURCHASE 0302 SPOTIFY 877-778-1161 NY,"February 15, 2025","March 18, 2025",2061,eStmt_2025-03-18.pdf,"[""03/03/25 PURCHASE   0302 SPOTIFY 877-778-1161 NY -6.38""]"
2025-03-03,03/03/25,-5.33,-533,debit,withdrawals,DOLLAR TREE 03/02 #000038451 MOBILE PURCHASE 1500 ROUTE 47 RIO GRANDE NJ,03/03/25 DOLLAR TREE 03/02 #000038451 MOBILE PURCHASE 1500 ROUTE 47 RIO GRANDE NJ,"February 15, 2025","March 18, 2025",2061,eStmt_2025-03-18.pdf,"[""03/03/25 DOLLAR TREE     03/02 #000038451 MOBILE PURCHASE 1500 ROUTE 47      RIO GRANDE    NJ -5.33""]"
2025-03-03,03/03/25,453.00,45300,credit,deposits,Rutgers The Stat DES:NBS REFUND ID:11437566 INDN:MOUSTAFA NASR CO ID:8470751402 PPD,03/03/25 Rutgers The Stat DES:NBS REFUND ID:11437566 INDN:MOUSTAFA NASR CO ID:8470751402 PPD,"February 15, 2025","March 18, 2025",2061,eStmt_2025-03-18.pdf,"[""03/03/25 Rutgers The Stat DES:NBS REFUND ID:11437566  INDN:MOUSTAFA NASR           CO"", ""ID:8470751402 PPD453.00""]"
2025-03-04,03/04/25,-111.48,-11148,debit,withdrawals,MOBILE PURCHASE 0302 GNC RIO GRANDE NJ,03/04/25 MOBILE PURCHASE 0302 GNC RIO GRANDE NJ,"February 15, 2025","March 18, 2025",2061,eStmt_2025-03-18.pdf,"[""03/04/25 MOBILE PURCHASE 0302  GNC RIO GRANDE   NJ -111.48""]"
2025-03-04,03/04/25,-32.50,-3250,debit,other_subtractions,VENMO DES:PAYMENT ID:1040658484298 INDN:MOUSTAFA NASR CO ID:3264681992 WEB,03/04/25 VENMO DES:PAYMENT ID:1040658484298 INDN:MOUSTAFA NASR CO ID:3264681992 WEB,"February 15, 2025","March 18, 2025",2061,eStmt_2025-03-18.pdf,"[""03/04/25 VENMO            DES:PAYMENT    ID:1040658484298  INDN:MOUSTAFA NASR           CO"", ""ID:3264681992 WEB-32.50""]"
2025-03-04,03/04/25,-5.00,-500,debit,other_subtractions,ROBINHOOD DES:DEBITS ID:XXXXXXXXX INDN:Moustafa Nasr CO ID:5326394001 WEB,03/04/25 ROBINHOOD DES:DEBITS ID:XXXXXXXXX INDN:Moustafa Nasr CO ID:5326394001 WEB,"February 15, 2025","March 18, 2025",2061,eStmt_2025-03-18.pdf,"[""03/04/25 ROBINHOOD        DES:DEBITS     ID:XXXXXXXXX  INDN:Moustafa Nasr           CO ID:5326394001"", ""WEB-5.00""]"
2025-03-04,03/04/25,-4.99,-499,debit,withdrawals,PURCHASE 0303 BUZZOID VARNA,03/04/25 PURCHASE 0303 BUZZOID VARNA,"February 15, 2025","March 18, 2025",2061,eStmt_2025-03-18.pdf,"[""03/04/25 PURCHASE   0303 BUZZOID VARNA -4.99""]"
2025-03-05,03/05/25,-53.30,-5330,debit,other_subtractions,Temporary Credit Reversal on 03/05/25,03/05/25 Temporary Credit Reversal on 03/05/25,"February 15, 2025","March 18, 2025",2061,eStmt_2025-03-18.pdf,"[""03/05/25 Temporary Credit Reversal on 03/05/25 -53.30""]"
2025-03-05,03/05/25,20.00,2000,credit,deposits,Online Banking transfer from CHK 3765 Confirmation# 8023240445,03/05/25 Online Banking transfer from CHK 3765 Confirmation# 8023240445,"February 15, 2025","March 18, 2025",2061,eStmt_2025-03-18.pdf,"[""03/05/25 Online Banking transfer from CHK 3765 Confirmation# 8023240445 20.00""]"
2025-03-05,03/05/25,20.00,2000,credit,deposits,Zelle payment from NADA NASR Conf# rmimzd4c2,03/05/25 Zelle payment from NADA NASR Conf# rmimzd4c2,"February 15, 2025","March 18, 2025",2061,eStmt_2025-03-18.pdf,"[""03/05/25 Zelle payment from NADA NASR Conf# rmimzd4c2 20.00""]"
2025-03-06,03/06/25,-42.04,-4204,debit,withdrawals,PMNT SENT 0305 APPLE CASH BALANCE ADD 877-233-8552 CA,03/06/25 PMNT SENT 0305 APPLE CASH BALANCE ADD 877-233-8552 CA,"February 15, 2025","March 18, 2025",2061,eStmt_2025-03-18.pdf,"[""03/06/25 PMNT SENT  0305 APPLE CASH BALANCE ADD 877-233-8552 CA -42.04""]"
2025-03-07,03/07/25,-5.35,-535,debit,withdrawals,MOBILE PURCHASE 0306 SNACK* AKIHI BUBBLE TE 186-68682146 CA,03/07/25 MOBILE PURCHASE 0306 SNACK* AKIHI BUBBLE TE 186-68682146 CA,"February 15, 2025","March 18, 2025",2061,eStmt_2025-03-18.pdf,"[""03/07/25 MOBILE PURCHASE 0306  SNACK* AKIHI BUBBLE TE 186-68682146 CA -5.35""]"
2025-03-07,03/07/25,20.00,2000,credit,deposits,Zelle payment from MARYAM NASR Conf# cgioeyxdt,03/07/25 Zelle payment from MARYAM NASR Conf# cgioeyxdt,"February 15, 2025","March 18, 2025",2061,eStmt_2025-03-18.pdf,"[""03/07/25 Zelle payment from MARYAM NASR Conf# cgioeyxdt 20.00""]"
2025-03-07,03/07/25,60.00,6000,credit,deposits,Zelle payment from MARYAM NASR Conf# g4fjdl8fu,03/07/25 Zelle payment from MARYAM NASR Conf# g4fjdl8fu,"February 15, 2025","March 18, 2025",2061,eStmt_2025-03-18.pdf,"[""03/07/25 Zelle payment from MARYAM NASR Conf# g4fjdl8fu 60.00""]"
2025-03-10,03/10/25,-56.00,-5600,debit,withdrawals,PURCHASE 0307 AMTRAK MOBILE 2029063000 DC,03/10/25 PURCHASE 0307 AMTRAK MOBILE 2029063000 DC,"February 15, 2025","March 18, 2025",2061,eStmt_2025-03-18.pdf,"[""03/10/25 PURCHASE   0307 AMTRAK MOBILE 2029063000   DC -56.00""]"
2025-03-10,03/10/25,-17.01,-1701,debit,withdrawals,PURCHASE 0310 CHE*CHEGG STUDY 855-440-1323 CA,03/10/25 PURCHASE 0310 CHE*CHEGG STUDY 855-440-1323 CA,"February 15, 2025","March 18, 2025",2061,eStmt_2025-03-18.pdf,"[""03/10/25 PURCHASE   0310 CHE*CHEGG STUDY 855-440-1323 CA -17.01""]"
2025-03-10,03/10/25,-16.10,-1610,debit,withdrawals,PURCHASE 0309 NJT RAIL MY-TIX 973-378-6339 NJ,03/10/25 PURCHASE 0309 NJT RAIL MY-TIX 973-378-6339 NJ,"February 15, 2025","March 18, 2025",2061,eStmt_2025-03-18.pdf,"[""03/10/25 PURCHASE   0309 NJT RAIL MY-TIX 973-378-6339 NJ -16.10""]"
2025-03-10,03/10/25,-15.99,-1599,debit,withdrawals,MOBILE PURCHASE 0308 HUDSON FLOWERS NEWARK NJ,03/10/25 MOBILE PURCHASE 0308 HUDSON FLOWERS NEWARK NJ,"February 15, 2025","March 18, 2025",2061,eStmt_2025-03-18.pdf,"[""03/10/25 MOBILE PURCHASE 0308  HUDSON FLOWERS NEWARK       NJ -15.99""]"
2025-03-10,03/10/25,-8.60,-860,debit,withdrawals,PURCHASE 0308 NJT RAIL MY-TIX 973-378-6339 NJ,03/10/25 PURCHASE 0308 NJT RAIL MY-TIX 973-378-6339 NJ,"February 15, 2025","March 18, 2025",2061,eStmt_2025-03-18.pdf,"[""03/10/25 PURCHASE   0308 NJT RAIL MY-TIX 973-378-6339 NJ -8.60""]"
2025-03-10,03/10/25,20.00,2000,credit,deposits,Zelle payment from MARYAM NASR Conf# chnwe4gnm,03/10/25 Zelle payment from MARYAM NASR Conf# chnwe4gnm,"February 15, 2025","March 18, 2025",2061,eStmt_2025-03-18.pdf,"[""03/10/25 Zelle payment from MARYAM NASR Conf# chnwe4gnm 20.00""]"
2025-03-11,03/11/25,-11.93,-1193,debit,withdrawals,PURCHASE 0311 UBER *TRIP HELP.UBER.COMCA,03/11/25 PURCHASE 0311 UBER *TRIP HELP.UBER.COMCA,"February 15, 2025","March 18, 2025",2061,eStmt_2025-03-18.pdf,"[""03/11/25 PURCHASE   0311 UBER   *TRIP HELP.UBER.COMCA -11.93""]"
2025-03-11,03/11/25,25.00,2500,credit,deposits,Online Banking transfer from CHK 3765 Confirmation# 8070887839,03/11/25 Online Banking transfer from CHK 3765 Confirmation# 8070887839,"February 15, 2025","March 18, 2025",2061,eStmt_2025-03-18.pdf,"[""03/11/25 Online Banking transfer from CHK 3765 Confirmation# 8070887839 25.00""]"
2025-03-12,03/12/25,45.00,4500,credit,deposits,VENMO DES:CASHOUT ID:1040811539303 INDN:MOUSTAFA NASR CO ID:5264681992 PPD,03/12/25 VENMO DES:CASHOUT ID:1040811539303 INDN:MOUSTAFA NASR CO ID:5264681992 PPD,"February 15, 2025","March 18, 2025",2061,eStmt_2025-03-18.pdf,"[""03/12/25 VENMO            DES:CASHOUT    ID:1040811539303  INDN:MOUSTAFA NASR           CO"", ""ID:5264681992 PPD45.00""]"
2025-03-13,03/13/25,341.00,34100,credit,deposits,"IRS TREAS 310 DES: TAX REF ID:XXXXXXXXXX00908 INDN:NASR, MOUSTAFA M CO ID:9111736946 PPD PMT INFO:REF*NASR*ANDOVE*12/2024*TAX REFUND*30\","03/13/25 IRS TREAS 310 DES: TAX REF ID:XXXXXXXXXX00908 INDN:NASR, MOUSTAFA M CO ID:9111736946 PPD PMT INFO:REF*NASR*ANDOVE*12/2024*TAX REFUND*30\","February 15, 2025","March 18, 2025",2061,eStmt_2025-03-18.pdf,"[""03/13/25 IRS  TREAS 310   DES:  TAX REF  ID:XXXXXXXXXX00908  INDN:NASR, MOUSTAFA M        CO"", ""ID:9111736946 PPD  PMT INFO:REF*NASR*ANDOVE*12/2024*TAX REFUND*30\\341.00""]"
2025-03-14,03/14/25,-26.56,-2656,debit,withdrawals,MOBILE PURCHASE 0313 NOODLE IS CALLING NEW BRUNSWICKNJ,03/14/25 MOBILE PURCHASE 0313 NOODLE IS CALLING NEW BRUNSWICKNJ,"February 15, 2025","March 18, 2025",2061,eStmt_2025-03-18.pdf,"[""03/14/25 MOBILE PURCHASE 0313  NOODLE IS CALLING NEW BRUNSWICKNJ -26.56""]"
2025-03-17,03/17/25,-18.63,-1863,debit,withdrawals,MOBILE PURCHASE 0316 BRAVO 043321 NEW BRUNSWICKNJ,03/17/25 MOBILE PURCHASE 0316 BRAVO 043321 NEW BRUNSWICKNJ,"February 15, 2025","March 18, 2025",2061,eStmt_2025-03-18.pdf,"[""03/17/25 MOBILE PURCHASE 0316  BRAVO 043321 NEW BRUNSWICKNJ -18.63""]"
2025-03-17,03/17/25,-18.13,-1813,debit,withdrawals,MOBILE PURCHASE 0314 TST*KHYBER COFFEE AND T New BrunswickNJ,03/17/25 MOBILE PURCHASE 0314 TST*KHYBER COFFEE AND T New BrunswickNJ,"February 15, 2025","March 18, 2025",2061,eStmt_2025-03-18.pdf,"[""03/17/25 MOBILE PURCHASE 0314  TST*KHYBER COFFEE AND T New BrunswickNJ -18.13""]"
2025-03-17,03/17/25,-12.21,-1221,debit,withdrawals,MOBILE PURCHASE 0315 TST*EL JEFES TAQUERIA O NEW BRUNSWICKNJ,03/17/25 MOBILE PURCHASE 0315 TST*EL JEFES TAQUERIA O NEW BRUNSWICKNJ,"February 15, 2025","March 18, 2025",2061,eStmt_2025-03-18.pdf,"[""03/17/25 MOBILE PURCHASE 0315  TST*EL JEFES TAQUERIA O NEW BRUNSWICKNJ -12.21""]"
2025-03-19,03/19/25,-286.39,-28639,debit,other_subtractions,WU CHEN HAO DES:IAT PAYPAL ID:1040960305488 INDN:MOUSTAFA NASR CO ID:XXXXXXXXXC IAT PMT INFO: WEB 000000000000028639,03/19/25 WU CHEN HAO DES:IAT PAYPAL ID:1040960305488 INDN:MOUSTAFA NASR CO ID:XXXXXXXXXC IAT PMT INFO: WEB 000000000000028639,"March 19, 2025","April 17, 2025",2061,eStmt_2025-04-17.pdf,"[""03/19/25 WU CHEN HAO      DES:IAT PAYPAL ID:1040960305488  INDN:MOUSTAFA NASR           CO"", ""ID:XXXXXXXXXC IAT  PMT INFO: WEB 000000000000028639-286.39""]"
2025-03-19,03/19/25,-10.99,-1099,debit,other_subtractions,KABIGON DES:IAT PAYPAL ID:1040960390262 INDN:MOUSTAFA NASR CO ID:XXXXXXXXXC IAT PMT INFO: WEB 000000000000001099,03/19/25 KABIGON DES:IAT PAYPAL ID:1040960390262 INDN:MOUSTAFA NASR CO ID:XXXXXXXXXC IAT PMT INFO: WEB 000000000000001099,"March 19, 2025","April 17, 2025",2061,eStmt_2025-04-17.pdf,"[""03/19/25 KABIGON          DES:IAT PAYPAL ID:1040960390262  INDN:MOUSTAFA NASR           CO"", ""ID:XXXXXXXXXC IAT  PMT INFO: WEB 000000000000001099-10.99""]"
2025-03-20,03/20/25,-12.21,-1221,debit,withdrawals,MOBILE PURCHASE 0318 TST*EL JEFES TAQUERIA O NEW BRUNSWICKNJ,03/20/25 MOBILE PURCHASE 0318 TST*EL JEFES TAQUERIA O NEW BRUNSWICKNJ,"March 19, 2025","April 17, 2025",2061,eStmt_2025-04-17.pdf,"[""03/20/25 MOBILE PURCHASE 0318  TST*EL JEFES TAQUERIA O NEW BRUNSWICKNJ -12.21""]"
2025-03-20,03/20/25,-1.33,-133,debit,withdrawals,MOBILE PURCHASE 0319 NOODLE IS CALLING NEW BRUNSWICKNJ,03/20/25 MOBILE PURCHASE 0319 NOODLE IS CALLING NEW BRUNSWICKNJ,"March 19, 2025","April 17, 2025",2061,eStmt_2025-04-17.pdf,"[""03/20/25 MOBILE PURCHASE 0319  NOODLE IS CALLING NEW BRUNSWICKNJ -1.33""]"
2025-03-20,03/20/25,10.00,1000,credit,deposits,Zelle payment from DARREN WU Conf# 99b20eiyt,03/20/25 Zelle payment from DARREN WU Conf# 99b20eiyt,"March 19, 2025","April 17, 2025",2061,eStmt_2025-04-17.pdf,"[""03/20/25 Zelle payment from  DARREN WU Conf# 99b20eiyt 10.00""]"
2025-03-20,03/20/25,20.00,2000,credit,deposits,Zelle payment from XING YAN Conf# AA0QmQ78j,03/20/25 Zelle payment from XING YAN Conf# AA0QmQ78j,"March 19, 2025","April 17, 2025",2061,eStmt_2025-04-17.pdf,"[""03/20/25 Zelle payment from XING  YAN Conf# AA0QmQ78j 20.00""]"
2025-03-20,03/20/25,139.97,13997,credit,deposits,137410 VIBRATION DES:DIR DEP ID:1747 INDN:MOUSTAFA M. NASR CO ID:2364227403 PPD,03/20/25 137410 VIBRATION DES:DIR DEP ID:1747 INDN:MOUSTAFA M. NASR CO ID:2364227403 PPD,"March 19, 2025","April 17, 2025",2061,eStmt_2025-04-17.pdf,"[""03/20/25 137410 VIBRATION DES:DIR DEP    ID:1747  INDN:MOUSTAFA M. NASR        CO ID:2364227403"", ""PPD139.97""]"
2025-03-21,03/21/25,-49.47,-4947,debit,withdrawals,MOBILE PURCHASE 0320 KINGS KITCHEN BROOKLYN NY,03/21/25 MOBILE PURCHASE 0320 KINGS KITCHEN BROOKLYN NY,"March 19, 2025","April 17, 2025",2061,eStmt_2025-04-17.pdf,"[""03/21/25 MOBILE PURCHASE 0320  KINGS KITCHEN BROOKLYN     NY -49.47""]"
2025-03-21,03/21/25,-19.50,-1950,debit,withdrawals,"PURCHASE 0320 NJT RAIL MY-TIX 973-378-6339 NJ continued on the next page Your goals are waiting. Let us make a plan. The enhanced Bank of America Life Plan® is a streamlined experience to help you track your goals, whether you are improving your credit or planning for retirement. Scan the QR code or go to bankofamerica.com/LifePlan. When you use the QRC feature, certain information is collected from your mobile device for business purposes. To be eligible for Bank of America Life Plan, a client must have a Bank of America consumer banking relationship (checking, savings or credit card account) and be digitally active on the Bank of America website or mobile app. Go to the URL for additional details. Bank of America Life Plan is a registered trademark of the Bank of America Corporation. Member FDIC. MOUSTAFA MOHAMED NASR ! Account # 3810 6904 2061 ! March 19, 2025 to April 17, 2025","03/21/25 PURCHASE 0320 NJT RAIL MY-TIX 973-378-6339 NJ continued on the next page Your goals are waiting. Let us make a plan. The enhanced Bank of America Life Plan® is a streamlined experience to help you track your goals, whether you are improving your credit or planning for retirement. Scan the QR code or go to bankofamerica.com/LifePlan. When you use the QRC feature, certain information is collected from your mobile device for business purposes. To be eligible for Bank of America Life Plan, a client must have a Bank of America consumer banking relationship (checking, savings or credit card account) and be digitally active on the Bank of America website or mobile app. Go to the URL for additional details. Bank of America Life Plan is a registered trademark of the Bank of America Corporation. Member FDIC. MOUSTAFA MOHAMED NASR ! Account # 3810 6904 2061 ! March 19, 2025 to April 17, 2025","March 19, 2025","April 17, 2025",2061,eStmt_2025-04-17.pdf,"[""03/21/25 PURCHASE   0320 NJT RAIL MY-TIX 973-378-6339 NJ -19.50"", ""continued on the next page"", ""Your goals are waiting. Let us make a plan."", ""The enhanced Bank of America Life Plan® is a streamlined experience to help you track your"", ""goals, whether you are improving your credit or planning for retirement."", ""Scan the QR code or go to bankofamerica.com/LifePlan."", ""When you use the QRC feature, certain information is collected from your mobile device for business purposes. To be"", ""eligible for Bank of America Life Plan, a client must have a Bank of America consumer banking relationship (checking,"", ""savings or credit card account) and be digitally active on the Bank of America website or mobile app. Go to the URL for"", ""additional details."", ""Bank of America Life Plan is a registered trademark of the Bank of America Corporation. Member FDIC."", ""MOUSTAFA MOHAMED NASR   !   Account # 3810 6904 2061   !   March 19, 2025 to April 17, 2025""]"
2025-03-21,03/21/25,-16.47,-1647,debit,withdrawals,EDO TAKEOUT 03/21 #000001248 MOBILE PURCHASE EDO TAKEOUT NEW BRUNSWICK NJ,03/21/25 EDO TAKEOUT 03/21 #000001248 MOBILE PURCHASE EDO TAKEOUT NEW BRUNSWICK NJ,"March 19, 2025","April 17, 2025",2061,eStmt_2025-04-17.pdf,"[""03/21/25 EDO TAKEOUT     03/21 #000001248 MOBILE PURCHASE EDO TAKEOUT        NEW BRUNSWICK"", ""NJ-16.47""]"
2025-03-21,03/21/25,-16.00,-1600,debit,withdrawals,MOBILE PURCHASE 0320 WWW.BBG.OR* BROOKLYN B 188-87184253 NY,03/21/25 MOBILE PURCHASE 0320 WWW.BBG.OR* BROOKLYN B 188-87184253 NY,"March 19, 2025","April 17, 2025",2061,eStmt_2025-04-17.pdf,"[""03/21/25 MOBILE PURCHASE 0320  WWW.BBG.OR* BROOKLYN B 188-87184253 NY -16.00""]"
2025-03-21,03/21/25,-12.21,-1221,debit,withdrawals,MOBILE PURCHASE 0319 TST*EL JEFES TAQUERIA O NEW BRUNSWICKNJ,03/21/25 MOBILE PURCHASE 0319 TST*EL JEFES TAQUERIA O NEW BRUNSWICKNJ,"March 19, 2025","April 17, 2025",2061,eStmt_2025-04-17.pdf,"[""03/21/25 MOBILE PURCHASE 0319  TST*EL JEFES TAQUERIA O NEW BRUNSWICKNJ -12.21""]"
2025-03-21,03/21/25,-6.90,-690,debit,withdrawals,PURCHASE 0320 NJT RAIL MY-TIX 973-378-6339 NJ,03/21/25 PURCHASE 0320 NJT RAIL MY-TIX 973-378-6339 NJ,"March 19, 2025","April 17, 2025",2061,eStmt_2025-04-17.pdf,"[""03/21/25 PURCHASE   0320 NJT RAIL MY-TIX 973-378-6339 NJ -6.90""]"
2025-03-21,03/21/25,-6.02,-602,debit,withdrawals,MOBILE PURCHASE 0319 TST*EL JEFES TAQUERIA O NEW BRUNSWICKNJ,03/21/25 MOBILE PURCHASE 0319 TST*EL JEFES TAQUERIA O NEW BRUNSWICKNJ,"March 19, 2025","April 17, 2025",2061,eStmt_2025-04-17.pdf,"[""03/21/25 MOBILE PURCHASE 0319  TST*EL JEFES TAQUERIA O NEW BRUNSWICKNJ -6.02""]"
2025-03-24,03/24/25,-20.19,-2019,debit,withdrawals,MOBILE PURCHASE 0322 COOL RUNNING CARIBBEAN NEW BRUNSWICKNJ,03/24/25 MOBILE PURCHASE 0322 COOL RUNNING CARIBBEAN NEW BRUNSWICKNJ,"March 19, 2025","April 17, 2025",2061,eStmt_2025-04-17.pdf,"[""03/24/25 MOBILE PURCHASE 0322  COOL RUNNING CARIBBEAN NEW BRUNSWICKNJ -20.19""]"
2025-03-24,03/24/25,-17.01,-1701,debit,withdrawals,PURCHASE 0322 CHE*CHEGG STUDY 855-440-1323 CA,03/24/25 PURCHASE 0322 CHE*CHEGG STUDY 855-440-1323 CA,"March 19, 2025","April 17, 2025",2061,eStmt_2025-04-17.pdf,"[""03/24/25 PURCHASE   0322 CHE*CHEGG STUDY 855-440-1323 CA -17.01""]"
2025-03-24,03/24/25,-12.21,-1221,debit,withdrawals,MOBILE PURCHASE 0322 TST*EL JEFES TAQUERIA O NEW BRUNSWICKNJ,03/24/25 MOBILE PURCHASE 0322 TST*EL JEFES TAQUERIA O NEW BRUNSWICKNJ,"March 19, 2025","April 17, 2025",2061,eStmt_2025-04-17.pdf,"[""03/24/25 MOBILE PURCHASE 0322  TST*EL JEFES TAQUERIA O NEW BRUNSWICKNJ -12.21""]"
2025-03-24,03/24/25,-10.29,-1029,debit,withdrawals,MOBILE PURCHASE 0323 CHIPOTLE 1293 EATONTOWN NJ,03/24/25 MOBILE PURCHASE 0323 CHIPOTLE 1293 EATONTOWN NJ,"March 19, 2025","April 17, 2025",2061,eStmt_2025-04-17.pdf,"[""03/24/25 MOBILE PURCHASE 0323  CHIPOTLE 1293 EATONTOWN    NJ -10.29""]"
2025-03-24,03/24/25,15.00,1500,credit,deposits,Zelle payment from XING YAN Conf# AA0QqS15C,03/24/25 Zelle payment from XING YAN Conf# AA0QqS15C,"March 19, 2025","April 17, 2025",2061,eStmt_2025-04-17.pdf,"[""03/24/25 Zelle payment from XING  YAN Conf# AA0QqS15C 15.00""]"
2025-03-25,03/25/25,-15.98,-1598,debit,other_subtractions,PAYPAL DES:INST XFER ID:STEAM GAMES INDN:MOUSTAFA NASR CO ID:PAYPALSI77 WEB,03/25/25 PAYPAL DES:INST XFER ID:STEAM GAMES INDN:MOUSTAFA NASR CO ID:PAYPALSI77 WEB,"March 19, 2025","April 17, 2025",2061,eStmt_2025-04-17.pdf,"[""03/25/25 PAYPAL           DES:INST XFER  ID:STEAM GAMES  INDN:MOUSTAFA NASR           CO"", ""ID:PAYPALSI77 WEB-15.98""]"
2025-03-25,03/25/25,-3.00,-300,debit,withdrawals,MOBILE PURCHASE 0324 SQ *BBS FOODS EFES CAFE New BrunswickNJ,03/25/25 MOBILE PURCHASE 0324 SQ *BBS FOODS EFES CAFE New BrunswickNJ,"March 19, 2025","April 17, 2025",2061,eStmt_2025-04-17.pdf,"[""03/25/25 MOBILE PURCHASE 0324  SQ *BBS FOODS EFES CAFE New BrunswickNJ -3.00""]"
2025-03-26,03/26/25,-6.39,-639,debit,withdrawals,PURCHASE 0325 SPOTIFY 877-778-1161 NY,03/26/25 PURCHASE 0325 SPOTIFY 877-778-1161 NY,"March 19, 2025","April 17, 2025",2061,eStmt_2025-04-17.pdf,"[""03/26/25 PURCHASE   0325 SPOTIFY 877-778-1161 NY -6.39""]"
2025-03-27,03/27/25,371.00,37100,credit,deposits,137410 VIBRATION DES:DIR DEP ID:1747 INDN:MOUSTAFA M. NASR CO ID:2364227403 PPD,03/27/25 137410 VIBRATION DES:DIR DEP ID:1747 INDN:MOUSTAFA M. NASR CO ID:2364227403 PPD,"March 19, 2025","April 17, 2025",2061,eStmt_2025-04-17.pdf,"[""03/27/25 137410 VIBRATION DES:DIR DEP    ID:1747  INDN:MOUSTAFA M. NASR        CO ID:2364227403"", ""PPD371.00""]"
2025-03-31,03/31/25,-150.00,-15000,debit,withdrawals,BKOFAMERICA ATM 03/30 #000001450 WITHDRWL PENN STATION NEWARK NJ,03/31/25 BKOFAMERICA ATM 03/30 #000001450 WITHDRWL PENN STATION NEWARK NJ,"March 19, 2025","April 17, 2025",2061,eStmt_2025-04-17.pdf,"[""03/31/25 BKOFAMERICA ATM 03/30 #000001450 WITHDRWL PENN STATION       NEWARK        NJ -150.00""]"
2025-03-31,03/31/25,-80.22,-8022,debit,withdrawals,MOBILE PURCHASE 0330 SQ *SAKANA SUSHI New BrunswickNJ,03/31/25 MOBILE PURCHASE 0330 SQ *SAKANA SUSHI New BrunswickNJ,"March 19, 2025","April 17, 2025",2061,eStmt_2025-04-17.pdf,"[""03/31/25 MOBILE PURCHASE 0330  SQ *SAKANA SUSHI New BrunswickNJ -80.22""]"
2025-03-31,03/31/25,-15.96,-1596,debit,withdrawals,PURCHASE 0331 UBER *TRIP HELP.UBER.COMCA,03/31/25 PURCHASE 0331 UBER *TRIP HELP.UBER.COMCA,"March 19, 2025","April 17, 2025",2061,eStmt_2025-04-17.pdf,"[""03/31/25 PURCHASE   0331 UBER   *TRIP HELP.UBER.COMCA -15.96""]"
2025-03-31,03/31/25,-15.00,-1500,debit,withdrawals,PMNT SENT 0330 CASH APP*MOUSTAFA NASR Oakland CA 40593650892926325426328,03/31/25 PMNT SENT 0330 CASH APP*MOUSTAFA NASR Oakland CA 40593650892926325426328,"March 19, 2025","April 17, 2025",2061,eStmt_2025-04-17.pdf,"[""03/31/25 PMNT SENT  0330 CASH APP*MOUSTAFA NASR Oakland      CA 40593650892926325426328 -15.00""]"
2025-03-31,03/31/25,-12.80,-1280,debit,withdrawals,MOBILE PURCHASE 0330 SQ *HIDDEN GROUNDS CHAI New BrunswickNJ,03/31/25 MOBILE PURCHASE 0330 SQ *HIDDEN GROUNDS CHAI New BrunswickNJ,"March 19, 2025","April 17, 2025",2061,eStmt_2025-04-17.pdf,"[""03/31/25 MOBILE PURCHASE 0330  SQ *HIDDEN GROUNDS CHAI New BrunswickNJ -12.80""]"
2025-03-31,03/31/25,-12.21,-1221,debit,withdrawals,MOBILE PURCHASE 0328 TST*EL JEFES TAQUERIA O NEW BRUNSWICKNJ,03/31/25 MOBILE PURCHASE 0328 TST*EL JEFES TAQUERIA O NEW BRUNSWICKNJ,"March 19, 2025","April 17, 2025",2061,eStmt_2025-04-17.pdf,"[""03/31/25 MOBILE PURCHASE 0328  TST*EL JEFES TAQUERIA O NEW BRUNSWICKNJ -12.21""]"
2025-03-31,03/31/25,-10.66,-1066,debit,withdrawals,PMNT SENT 0329 APPLE CASH BALANCE ADD 877-233-8552 CA,03/31/25 PMNT SENT 0329 APPLE CASH BALANCE ADD 877-233-8552 CA,"March 19, 2025","April 17, 2025",2061,eStmt_2025-04-17.pdf,"[""03/31/25 PMNT SENT  0329 APPLE CASH BALANCE ADD 877-233-8552 CA -10.66""]"
2025-03-31,03/31/25,-9.50,-950,debit,withdrawals,MOBILE PURCHASE 0330 RUTGERS CINEMA PISCATAWAY NJ,03/31/25 MOBILE PURCHASE 0330 RUTGERS CINEMA PISCATAWAY NJ,"March 19, 2025","April 17, 2025",2061,eStmt_2025-04-17.pdf,"[""03/31/25 MOBILE PURCHASE 0330  RUTGERS CINEMA PISCATAWAY   NJ -9.50""]"
2025-03-31,03/31/25,-5.00,-500,debit,other_subtractions,Instant Payment; Robinhood Securities Payment Request 20250329021000021P1BRJPM02000200131,03/31/25 Instant Payment; Robinhood Securities Payment Request 20250329021000021P1BRJPM02000200131,"March 19, 2025","April 17, 2025",2061,eStmt_2025-04-17.pdf,"[""03/31/25 Instant Payment; Robinhood Securities  Payment Request"", ""20250329021000021P1BRJPM02000200131-5.00""]"
2025-04-01,04/01/25,-35.11,-3511,debit,withdrawals,WALGREENS STOR 04/01 #000018097 MOBILE PURCHASE WALGREENS STORE 2 NEW BRUNSWICK NJ,04/01/25 WALGREENS STOR 04/01 #000018097 MOBILE PURCHASE WALGREENS STORE 2 NEW BRUNSWICK NJ,"March 19, 2025","April 17, 2025",2061,eStmt_2025-04-17.pdf,"[""04/01/25 WALGREENS STOR  04/01 #000018097 MOBILE PURCHASE WALGREENS STORE 2  NEW"", ""BRUNSWICK NJ-35.11""]"
2025-04-01,04/01/25,-15.22,-1522,debit,withdrawals,PURCHASE 0331 UBER *TRIP HELP.UBER.COMCA,04/01/25 PURCHASE 0331 UBER *TRIP HELP.UBER.COMCA,"March 19, 2025","April 17, 2025",2061,eStmt_2025-04-17.pdf,"[""04/01/25 PURCHASE   0331 UBER   *TRIP HELP.UBER.COMCA -15.22""]"
2025-04-01,04/01/25,-3.00,-300,debit,other_subtractions,VENMO DES:PAYMENT ID:1041247999058 INDN:MOUSTAFA NASR CO ID:3264681992 WEB,04/01/25 VENMO DES:PAYMENT ID:1041247999058 INDN:MOUSTAFA NASR CO ID:3264681992 WEB,"March 19, 2025","April 17, 2025",2061,eStmt_2025-04-17.pdf,"[""04/01/25 VENMO            DES:PAYMENT    ID:1041247999058  INDN:MOUSTAFA NASR           CO"", ""ID:3264681992 WEB-3.00""]"
2025-04-01,04/01/25,13.50,1350,credit,deposits,Zelle payment from XING YAN Conf# AA0QzN39k,04/01/25 Zelle payment from XING YAN Conf# AA0QzN39k,"March 19, 2025","April 17, 2025",2061,eStmt_2025-04-17.pdf,"[""04/01/25 Zelle payment from XING  YAN Conf# AA0QzN39k 13.50""]"
2025-04-04,04/04/25,-10.13,-1013,debit,withdrawals,MOBILE PURCHASE 0404 NNT KNIGHTEXPR NEW BRUNSWICKNJ,04/04/25 MOBILE PURCHASE 0404 NNT KNIGHTEXPR NEW BRUNSWICKNJ,"March 19, 2025","April 17, 2025",2061,eStmt_2025-04-17.pdf,"[""04/04/25 MOBILE PURCHASE 0404  NNT KNIGHTEXPR NEW BRUNSWICKNJ -10.13""]"
2025-04-04,04/04/25,-3.99,-399,debit,withdrawals,MOBILE PURCHASE 0402 BUTLER FOOD STORE NEW BRUNSWICKNJ,04/04/25 MOBILE PURCHASE 0402 BUTLER FOOD STORE NEW BRUNSWICKNJ,"March 19, 2025","April 17, 2025",2061,eStmt_2025-04-17.pdf,"[""04/04/25 MOBILE PURCHASE 0402  BUTLER FOOD STORE NEW BRUNSWICKNJ -3.99""]"
2025-04-07,04/07/25,-10.94,-1094,debit,withdrawals,PURCHASE 0405 UBER *TRIP HELP.UBER.COMCA,04/07/25 PURCHASE 0405 UBER *TRIP HELP.UBER.COMCA,"March 19, 2025","April 17, 2025",2061,eStmt_2025-04-17.pdf,"[""04/07/25 PURCHASE   0405 UBER   *TRIP HELP.UBER.COMCA -10.94""]"
2025-04-07,04/07/25,-8.00,-800,debit,other_subtractions,Zelle payment to Jeff Conf# j17u5zx1j,04/07/25 Zelle payment to Jeff Conf# j17u5zx1j,"March 19, 2025","April 17, 2025",2061,eStmt_2025-04-17.pdf,"[""04/07/25 Zelle payment to Jeff Conf# j17u5zx1j -8.00""]"
2025-04-07,04/07/25,10.00,1000,credit,deposits,Zelle payment from XING YAN Conf# AA0RDV28o,04/07/25 Zelle payment from XING YAN Conf# AA0RDV28o,"March 19, 2025","April 17, 2025",2061,eStmt_2025-04-17.pdf,"[""04/07/25 Zelle payment from XING  YAN Conf# AA0RDV28o 10.00""]"
2025-04-08,04/08/25,170.00,17000,credit,deposits,Zelle payment from MOHAMED NASR Conf# dbie4r1g1,04/08/25 Zelle payment from MOHAMED NASR Conf# dbie4r1g1,"March 19, 2025","April 17, 2025",2061,eStmt_2025-04-17.pdf,"[""04/08/25 Zelle payment from MOHAMED NASR Conf# dbie4r1g1 170.00""]"
2025-04-09,04/09/25,-168.39,-16839,debit,other_subtractions,Dairyland Cycle DES:InsPmt ID:XXXXXXXXX INDN:MOUSTAFA NASR CO ID:SENTRYINS9 TEL,04/09/25 Dairyland Cycle DES:InsPmt ID:XXXXXXXXX INDN:MOUSTAFA NASR CO ID:SENTRYINS9 TEL,"March 19, 2025","April 17, 2025",2061,eStmt_2025-04-17.pdf,"[""04/09/25 Dairyland Cycle  DES:InsPmt     ID:XXXXXXXXX  INDN:MOUSTAFA NASR           CO ID:SENTRYINS9"", ""TEL-168.39""]"
2025-04-11,04/11/25,30.00,3000,credit,deposits,Zelle payment from XING YAN Conf# AA0RKF14q,04/11/25 Zelle payment from XING YAN Conf# AA0RKF14q,"March 19, 2025","April 17, 2025",2061,eStmt_2025-04-17.pdf,"[""04/11/25 Zelle payment from XING  YAN Conf# AA0RKF14q 30.00""]"
2025-04-14,04/14/25,-17.01,-1701,debit,withdrawals,PURCHASE 0412 CHE*CHEGG STUDY 855-440-1323 CA,04/14/25 PURCHASE 0412 CHE*CHEGG STUDY 855-440-1323 CA,"March 19, 2025","April 17, 2025",2061,eStmt_2025-04-17.pdf,"[""04/14/25 PURCHASE   0412 CHE*CHEGG STUDY 855-440-1323 CA -17.01""]"
2025-04-14,04/14/25,-6.66,-666,debit,withdrawals,MOBILE PURCHASE 0411 TST*EL JEFES TAQUERIA O NEW BRUNSWICKNJ,04/14/25 MOBILE PURCHASE 0411 TST*EL JEFES TAQUERIA O NEW BRUNSWICKNJ,"March 19, 2025","April 17, 2025",2061,eStmt_2025-04-17.pdf,"[""04/14/25 MOBILE PURCHASE 0411  TST*EL JEFES TAQUERIA O NEW BRUNSWICKNJ -6.66""]"
2025-04-14,04/14/25,10.00,1000,credit,deposits,Zelle payment from MOHAMED NASR Conf# dv8kbtkq3,04/14/25 Zelle payment from MOHAMED NASR Conf# dv8kbtkq3,"March 19, 2025","April 17, 2025",2061,eStmt_2025-04-17.pdf,"[""04/14/25 Zelle payment from MOHAMED NASR Conf# dv8kbtkq3 10.00""]"
2025-04-15,04/15/25,30.00,3000,credit,deposits,STATE OF N.J. DES:NJSTTAXRFD ID: XXXXX8783 INDN:NASR MOUSTAFA M CO ID:2216000928 PPD,04/15/25 STATE OF N.J. DES:NJSTTAXRFD ID: XXXXX8783 INDN:NASR MOUSTAFA M CO ID:2216000928 PPD,"March 19, 2025","April 17, 2025",2061,eStmt_2025-04-17.pdf,"[""04/15/25 STATE OF N.J.    DES:NJSTTAXRFD ID: XXXXX8783  INDN:NASR MOUSTAFA M         CO"", ""ID:2216000928 PPD30.00""]"
2025-04-16,04/16/25,-30.00,-3000,debit,other_subtractions,Zelle payment to Jeff Conf# l5amjnhrx,04/16/25 Zelle payment to Jeff Conf# l5amjnhrx,"March 19, 2025","April 17, 2025",2061,eStmt_2025-04-17.pdf,"[""04/16/25 Zelle payment to Jeff Conf# l5amjnhrx -30.00""]"
2025-04-17,04/17/25,-18.26,-1826,debit,withdrawals,PMNT SENT 0416 APPLE CASH BALANCE ADD 877-233-8552 CA,04/17/25 PMNT SENT 0416 APPLE CASH BALANCE ADD 877-233-8552 CA,"March 19, 2025","April 17, 2025",2061,eStmt_2025-04-17.pdf,"[""04/17/25 PMNT SENT  0416 APPLE CASH BALANCE ADD 877-233-8552 CA -18.26""]"
2025-04-21,04/21/25,11.00,1100,credit,deposits,"Zelle payment from AHMED MOHAMED for ""gas""; Conf# 99b5ogb8e","04/21/25 Zelle payment from AHMED MOHAMED for ""gas""; Conf# 99b5ogb8e","April 18, 2025","May 16, 2025",2061,eStmt_2025-05-16.pdf,"[""04/21/25 Zelle payment from  AHMED MOHAMED for \""gas\""; Conf# 99b5ogb8e 11.00""]"
2025-04-22,04/22/25,20.00,2000,credit,deposits,Zelle payment from MOHAMED NASR Conf# bhmjph0bc,04/22/25 Zelle payment from MOHAMED NASR Conf# bhmjph0bc,"April 18, 2025","May 16, 2025",2061,eStmt_2025-05-16.pdf,"[""04/22/25 Zelle payment from MOHAMED NASR Conf# bhmjph0bc 20.00""]"
2025-04-23,04/23/25,-11.00,-1100,debit,withdrawals,PMNT SENT 0422 APPLE CASH BALANCE ADD 877-233-8552 CA,04/23/25 PMNT SENT 0422 APPLE CASH BALANCE ADD 877-233-8552 CA,"April 18, 2025","May 16, 2025",2061,eStmt_2025-05-16.pdf,"[""04/23/25 PMNT SENT  0422 APPLE CASH BALANCE ADD 877-233-8552 CA -11.00""]"
2025-04-24,04/24/25,-19.80,-1980,debit,withdrawals,PMNT SENT 0423 APPLE CASH SENT MONEY 1INFINITELOOPCA,04/24/25 PMNT SENT 0423 APPLE CASH SENT MONEY 1INFINITELOOPCA,"April 18, 2025","May 16, 2025",2061,eStmt_2025-05-16.pdf,"[""04/24/25 PMNT SENT  0423 APPLE CASH SENT MONEY 1INFINITELOOPCA -19.80""]"
2025-04-28,04/28/25,-20.20,-2020,debit,withdrawals,PMNT SENT 0427 APPLE CASH BALANCE ADD 877-233-8552 CA,04/28/25 PMNT SENT 0427 APPLE CASH BALANCE ADD 877-233-8552 CA,"April 18, 2025","May 16, 2025",2061,eStmt_2025-05-16.pdf,"[""04/28/25 PMNT SENT  0427 APPLE CASH BALANCE ADD 877-233-8552 CA -20.20""]"
2025-04-28,04/28/25,20.00,2000,credit,deposits,Online Banking transfer from CHK 3765 Confirmation# 7567360982,04/28/25 Online Banking transfer from CHK 3765 Confirmation# 7567360982,"April 18, 2025","May 16, 2025",2061,eStmt_2025-05-16.pdf,"[""04/28/25 Online Banking transfer from CHK 3765 Confirmation# 7567360982 20.00""]"
2025-05-06,05/06/25,20.00,2000,credit,deposits,Zelle payment from MOHAMED NASR Conf# gnbmhib0c,05/06/25 Zelle payment from MOHAMED NASR Conf# gnbmhib0c,"April 18, 2025","May 16, 2025",2061,eStmt_2025-05-16.pdf,"[""05/06/25 Zelle payment from MOHAMED NASR Conf# gnbmhib0c 20.00""]"
2025-05-06,05/06/25,175.00,17500,credit,deposits,Online Banking transfer from CHK 3765 Confirmation# 7253294509,05/06/25 Online Banking transfer from CHK 3765 Confirmation# 7253294509,"April 18, 2025","May 16, 2025",2061,eStmt_2025-05-16.pdf,"[""05/06/25 Online Banking transfer from CHK 3765 Confirmation# 7253294509 175.00""]"
2025-05-07,05/07/25,-6.39,-639,debit,withdrawals,PURCHASE 0506 SPOTIFY 877-778-1161 NY,05/07/25 PURCHASE 0506 SPOTIFY 877-778-1161 NY,"April 18, 2025","May 16, 2025",2061,eStmt_2025-05-16.pdf,"[""05/07/25 PURCHASE   0506 SPOTIFY 877-778-1161 NY -6.39""]"
2025-05-08,05/08/25,-17.01,-1701,debit,withdrawals,PURCHASE 0507 CHE*CHEGG STUDY 855-440-1323 CA,05/08/25 PURCHASE 0507 CHE*CHEGG STUDY 855-440-1323 CA,"April 18, 2025","May 16, 2025",2061,eStmt_2025-05-16.pdf,"[""05/08/25 PURCHASE   0507 CHE*CHEGG STUDY 855-440-1323 CA -17.01""]"
2025-05-08,05/08/25,-11.00,-1100,debit,withdrawals,PMNT SENT 0507 APPLE CASH BALANCE ADD 877-233-8552 CA,05/08/25 PMNT SENT 0507 APPLE CASH BALANCE ADD 877-233-8552 CA,"April 18, 2025","May 16, 2025",2061,eStmt_2025-05-16.pdf,"[""05/08/25 PMNT SENT  0507 APPLE CASH BALANCE ADD 877-233-8552 CA -11.00""]"
2025-05-08,05/08/25,10.00,1000,credit,deposits,Online Banking transfer from CHK 3765 Confirmation# 7470944687,05/08/25 Online Banking transfer from CHK 3765 Confirmation# 7470944687,"April 18, 2025","May 16, 2025",2061,eStmt_2025-05-16.pdf,"[""05/08/25 Online Banking transfer from CHK 3765 Confirmation# 7470944687 10.00""]"
2025-05-09,05/09/25,-170.46,-17046,debit,other_subtractions,Dairyland DES:Autopay ID:XXXXXXXXX INDN:MOUSTAFA NASR CO ID:SENTRYINS9 WEB,05/09/25 Dairyland DES:Autopay ID:XXXXXXXXX INDN:MOUSTAFA NASR CO ID:SENTRYINS9 WEB,"April 18, 2025","May 16, 2025",2061,eStmt_2025-05-16.pdf,"[""05/09/25 Dairyland        DES:Autopay    ID:XXXXXXXXX  INDN:MOUSTAFA NASR           CO ID:SENTRYINS9"", ""WEB-170.46""]"
2025-05-15,05/15/25,30.00,3000,credit,deposits,Zelle payment from MOHAMED NASR Conf# hafft5orn,05/15/25 Zelle payment from MOHAMED NASR Conf# hafft5orn,"April 18, 2025","May 16, 2025",2061,eStmt_2025-05-16.pdf,"[""05/15/25 Zelle payment from MOHAMED NASR Conf# hafft5orn 30.00""]"
2025-05-16,05/16/25,-12.00,-1200,debit,other_subtractions,Zelle payment to Nada Nasr Conf# kbbinmdtt,05/16/25 Zelle payment to Nada Nasr Conf# kbbinmdtt,"April 18, 2025","May 16, 2025",2061,eStmt_2025-05-16.pdf,"[""05/16/25 Zelle payment to  Nada Nasr Conf# kbbinmdtt -12.00""]"
2025-05-16,05/16/25,12.00,1200,credit,deposits,Zelle payment from NADA NASR Conf# kg8zpyekc,05/16/25 Zelle payment from NADA NASR Conf# kg8zpyekc,"April 18, 2025","May 16, 2025",2061,eStmt_2025-05-16.pdf,"[""05/16/25 Zelle payment from NADA NASR Conf# kg8zpyekc 12.00""]"
2025-05-19,05/19/25,-17.01,-1701,debit,withdrawals,PURCHASE 0516 CHE*CHEGG STUDY 855-440-1323 CA,05/19/25 PURCHASE 0516 CHE*CHEGG STUDY 855-440-1323 CA,"May 17, 2025","June 16, 2025",2061,eStmt_2025-06-16.pdf,"[""05/19/25 PURCHASE   0516 CHE*CHEGG STUDY 855-440-1323 CA -17.01""]"
2025-05-27,05/27/25,-6.39,-639,debit,withdrawals,PURCHASE 0525 SPOTIFY 877-778-1161 NY,05/27/25 PURCHASE 0525 SPOTIFY 877-778-1161 NY,"May 17, 2025","June 16, 2025",2061,eStmt_2025-06-16.pdf,"[""05/27/25 PURCHASE   0525 SPOTIFY 877-778-1161 NY -6.39""]"
2025-06-11,06/11/25,170.00,17000,credit,deposits,Zelle payment from MOHAMED NASR Conf# ipturxqfy,06/11/25 Zelle payment from MOHAMED NASR Conf# ipturxqfy,"May 17, 2025","June 16, 2025",2061,eStmt_2025-06-16.pdf,"[""06/11/25 Zelle payment from MOHAMED NASR Conf# ipturxqfy 170.00""]"
2025-06-12,06/12/25,-17.01,-1701,debit,withdrawals,PURCHASE 0611 CHE*CHEGG STUDY 855-440-1323 CA,06/12/25 PURCHASE 0611 CHE*CHEGG STUDY 855-440-1323 CA,"May 17, 2025","June 16, 2025",2061,eStmt_2025-06-16.pdf,"[""06/12/25 PURCHASE   0611 CHE*CHEGG STUDY 855-440-1323 CA -17.01""]"
2025-06-12,06/12/25,-17.01,-1701,debit,withdrawals,PURCHASE 0612 CHE*CHEGG STUDY 855-440-1323 CA,06/12/25 PURCHASE 0612 CHE*CHEGG STUDY 855-440-1323 CA,"May 17, 2025","June 16, 2025",2061,eStmt_2025-06-16.pdf,"[""06/12/25 PURCHASE   0612 CHE*CHEGG STUDY 855-440-1323 CA -17.01""]"
2025-06-12,06/12/25,-4.04,-404,debit,withdrawals,7-ELEVEN 06/12 #000302870 MOBILE PURCHASE 7-ELEVEN New Brunswick NJ,06/12/25 7-ELEVEN 06/12 #000302870 MOBILE PURCHASE 7-ELEVEN New Brunswick NJ,"May 17, 2025","June 16, 2025",2061,eStmt_2025-06-16.pdf,"[""06/12/25 7-ELEVEN        06/12 #000302870 MOBILE PURCHASE 7-ELEVEN           New Brunswick NJ -4.04""]"
2025-06-13,06/13/25,-22.17,-2217,debit,withdrawals,PMNT SENT 0612 APPLE CASH BALANCE ADD 877-233-8552 CA,06/13/25 PMNT SENT 0612 APPLE CASH BALANCE ADD 877-233-8552 CA,"May 17, 2025","June 16, 2025",2061,eStmt_2025-06-16.pdf,"[""06/13/25 PMNT SENT  0612 APPLE CASH BALANCE ADD 877-233-8552 CA -22.17""]"
2025-06-13,06/13/25,-8.52,-852,debit,withdrawals,MOBILE PURCHASE 0612 N B HEALTHFOOD NEW BRUNSWICKNJ,06/13/25 MOBILE PURCHASE 0612 N B HEALTHFOOD NEW BRUNSWICKNJ,"May 17, 2025","June 16, 2025",2061,eStmt_2025-06-16.pdf,"[""06/13/25 MOBILE PURCHASE 0612  N B HEALTHFOOD NEW BRUNSWICKNJ -8.52""]"
2025-06-13,06/13/25,-3.00,-300,debit,withdrawals,MOBILE PURCHASE 0612 BUTLER FOOD STORE NEW BRUNSWICKNJ,06/13/25 MOBILE PURCHASE 0612 BUTLER FOOD STORE NEW BRUNSWICKNJ,"May 17, 2025","June 16, 2025",2061,eStmt_2025-06-16.pdf,"[""06/13/25 MOBILE PURCHASE 0612  BUTLER FOOD STORE NEW BRUNSWICKNJ -3.00""]"
2025-06-13,06/13/25,920.70,92070,credit,deposits,"07872ALL IN ONE DES:PAYROLL ID:XXXXXXXXXA 7272 INDN:NASR, MOUSTAFA CO ID:5300007872 PPD","06/13/25 07872ALL IN ONE DES:PAYROLL ID:XXXXXXXXXA 7272 INDN:NASR, MOUSTAFA CO ID:5300007872 PPD","May 17, 2025","June 16, 2025",2061,eStmt_2025-06-16.pdf,"[""06/13/25 07872ALL IN ONE  DES:PAYROLL    ID:XXXXXXXXXA 7272  INDN:NASR, MOUSTAFA          CO"", ""ID:5300007872 PPD920.70""]"
2025-06-16,06/16/25,-170.46,-17046,debit,other_subtractions,Dairyland DES:RETRY PYMT ID:XXXXXXXXX INDN:MOUSTAFA NASR CO ID:SENTRYINS9 WEB,06/16/25 Dairyland DES:RETRY PYMT ID:XXXXXXXXX INDN:MOUSTAFA NASR CO ID:SENTRYINS9 WEB,"May 17, 2025","June 16, 2025",2061,eStmt_2025-06-16.pdf,"[""06/16/25 Dairyland        DES:RETRY PYMT ID:XXXXXXXXX  INDN:MOUSTAFA NASR           CO ID:SENTRYINS9"", ""WEB-170.46""]"
2025-06-16,06/16/25,-101.86,-10186,debit,other_subtractions,Zelle payment to PRIYA HARSHINI MUNAGALA Conf# mvqcef1lx,06/16/25 Zelle payment to PRIYA HARSHINI MUNAGALA Conf# mvqcef1lx,"May 17, 2025","June 16, 2025",2061,eStmt_2025-06-16.pdf,"[""06/16/25 Zelle payment to  PRIYA HARSHINI MUNAGALA Conf# mvqcef1lx -101.86""]"
2025-06-16,06/16/25,-62.11,-6211,debit,withdrawals,CHECKCARD 0613 31586 FUSION GYMS WARMI WARMINSTER PA 24910165165024729476383,06/16/25 CHECKCARD 0613 31586 FUSION GYMS WARMI WARMINSTER PA 24910165165024729476383,"May 17, 2025","June 16, 2025",2061,eStmt_2025-06-16.pdf,"[""06/16/25 CHECKCARD  0613 31586 FUSION GYMS WARMI WARMINSTER   PA"", ""24910165165024729476383-62.11""]"
2025-06-16,06/16/25,-52.48,-5248,debit,withdrawals,MOBILE PURCHASE 0612 EWING CITGO EWING NJ,06/16/25 MOBILE PURCHASE 0612 EWING CITGO EWING NJ,"May 17, 2025","June 16, 2025",2061,eStmt_2025-06-16.pdf,"[""06/16/25 MOBILE PURCHASE 0612  EWING CITGO EWING        NJ -52.48""]"
2025-06-16,06/16/25,-46.75,-4675,debit,withdrawals,"CHECKCARD 0613 31586 FUSION GYMS WARMI WARMINSTER PA 24910165165024733375845 continued on the next page Tips to help protect yourself from trending scams: - Hang up if you receive a suspicious call from someone saying they are from the bank. Instead, call the number on your statement or card. - Neither Bank of America nor the U.S. government will request that you transfer money or share codes to resolve fraud. Learn more about trending scams. Scan the code or visit bofa.com/HelpProtectYourself. When you use the QRC feature, certain information is collected from your mobile device for business purposes. MOUSTAFA MOHAMED NASR ! Account # 3810 6904 2061 ! May 17, 2025 to June 16, 2025","06/16/25 CHECKCARD 0613 31586 FUSION GYMS WARMI WARMINSTER PA 24910165165024733375845 continued on the next page Tips to help protect yourself from trending scams: - Hang up if you receive a suspicious call from someone saying they are from the bank. Instead, call the number on your statement or card. - Neither Bank of America nor the U.S. government will request that you transfer money or share codes to resolve fraud. Learn more about trending scams. Scan the code or visit bofa.com/HelpProtectYourself. When you use the QRC feature, certain information is collected from your mobile device for business purposes. MOUSTAFA MOHAMED NASR ! Account # 3810 6904 2061 ! May 17, 2025 to June 16, 2025","May 17, 2025","June 16, 2025",2061,eStmt_2025-06-16.pdf,"[""06/16/25 CHECKCARD  0613 31586 FUSION GYMS WARMI WARMINSTER   PA"", ""24910165165024733375845-46.75"", ""continued on the next page"", ""Tips to help protect yourself from trending scams:"", ""- Hang up if you receive a suspicious call from someone saying they are from the bank. Instead,"", "" call the number on your statement or card."", ""- Neither Bank of America nor the U.S. government will request that you transfer money or share"", ""   codes to resolve fraud."", ""Learn more about trending scams."", ""Scan the code or visit bofa.com/HelpProtectYourself."", ""When you use the QRC feature, certain information is collected from your mobile device for business"", ""purposes."", ""MOUSTAFA MOHAMED NASR   !   Account # 3810 6904 2061   !   May 17, 2025 to June 16, 2025""]"
2025-06-16,06/16/25,-45.00,-4500,debit,withdrawals,PMNT SENT 0613 APPLE CASH SENT MONEY 1INFINITELOOPCA,06/16/25 PMNT SENT 0613 APPLE CASH SENT MONEY 1INFINITELOOPCA,"May 17, 2025","June 16, 2025",2061,eStmt_2025-06-16.pdf,"[""06/16/25 PMNT SENT  0613 APPLE CASH SENT MONEY 1INFINITELOOPCA -45.00""]"
2025-06-16,06/16/25,-15.25,-1525,debit,withdrawals,MOBILE PURCHASE 0614 CHIPOTLE 3400 LAWRENCEVILLENJ,06/16/25 MOBILE PURCHASE 0614 CHIPOTLE 3400 LAWRENCEVILLENJ,"May 17, 2025","June 16, 2025",2061,eStmt_2025-06-16.pdf,"[""06/16/25 MOBILE PURCHASE 0614  CHIPOTLE 3400 LAWRENCEVILLENJ -15.25""]"
2025-06-16,06/16/25,-13.23,-1323,debit,withdrawals,MOBILE PURCHASE 0613 WAWA 267 BENSALEM PA,06/16/25 MOBILE PURCHASE 0613 WAWA 267 BENSALEM PA,"May 17, 2025","June 16, 2025",2061,eStmt_2025-06-16.pdf,"[""06/16/25 MOBILE PURCHASE 0613  WAWA 267 BENSALEM     PA -13.23""]"
2025-06-17,06/17/25,-102.00,-10200,debit,withdrawals,MOBILE PURCHASE 0617 Vagaro_*12 oz. Studios BROOKLAWN NJ,06/17/25 MOBILE PURCHASE 0617 Vagaro_*12 oz. Studios BROOKLAWN NJ,"June 17, 2025","July 18, 2025",2061,eStmt_2025-07-18.pdf,"[""06/17/25 MOBILE PURCHASE 0617  Vagaro_*12 oz. Studios BROOKLAWN    NJ -102.00""]"
2025-06-17,06/17/25,-55.12,-5512,debit,withdrawals,MOBILE PURCHASE 0616 WAWA 8351 DEPTFORD NJ,06/17/25 MOBILE PURCHASE 0616 WAWA 8351 DEPTFORD NJ,"June 17, 2025","July 18, 2025",2061,eStmt_2025-07-18.pdf,"[""06/17/25 MOBILE PURCHASE 0616  WAWA 8351 DEPTFORD     NJ -55.12""]"
2025-06-17,06/17/25,-40.80,-4080,debit,withdrawals,PURCHASE 0616 Vagaro_*12 oz. Studios BROOKLAWN NJ,06/17/25 PURCHASE 0616 Vagaro_*12 oz. Studios BROOKLAWN NJ,"June 17, 2025","July 18, 2025",2061,eStmt_2025-07-18.pdf,"[""06/17/25 PURCHASE   0616 Vagaro_*12 oz. Studios BROOKLAWN    NJ -40.80""]"
2025-06-18,06/18/25,-175.00,-17500,debit,withdrawals,MOBILE PURCHASE 0617 HAIR WORX SALON & BEAUT EWING NJ,06/18/25 MOBILE PURCHASE 0617 HAIR WORX SALON & BEAUT EWING NJ,"June 17, 2025","July 18, 2025",2061,eStmt_2025-07-18.pdf,"[""06/18/25 MOBILE PURCHASE 0617  HAIR WORX SALON & BEAUT EWING        NJ -175.00""]"
2025-06-18,06/18/25,-25.00,-2500,debit,other_subtractions,Zelle payment to Emily Kiesling Conf# mqlb2hw6f,06/18/25 Zelle payment to Emily Kiesling Conf# mqlb2hw6f,"June 17, 2025","July 18, 2025",2061,eStmt_2025-07-18.pdf,"[""06/18/25 Zelle payment to  Emily Kiesling Conf# mqlb2hw6f -25.00""]"
2025-06-18,06/18/25,-5.00,-500,debit,withdrawals,PMNT SENT 0618 CASH APP*MOUSTAFA NASR Oakland CA 40593651696615046415053,06/18/25 PMNT SENT 0618 CASH APP*MOUSTAFA NASR Oakland CA 40593651696615046415053,"June 17, 2025","July 18, 2025",2061,eStmt_2025-07-18.pdf,"[""06/18/25 PMNT SENT  0618 CASH APP*MOUSTAFA NASR Oakland      CA 40593651696615046415053 -5.00""]"
2025-06-20,06/20/25,-800.00,-80000,debit,other_subtractions,"Zelle payment to Davion Rent for ""Rent""; Conf# mzx2csm7w","06/20/25 Zelle payment to Davion Rent for ""Rent""; Conf# mzx2csm7w","June 17, 2025","July 18, 2025",2061,eStmt_2025-07-18.pdf,"[""06/20/25 Zelle payment to Davion Rent for \""Rent\""; Conf# mzx2csm7w -800.00""]"
2025-06-20,06/20/25,-199.00,-19900,debit,other_subtractions,WESTERN UNION DES: CAPTURE ID:517182605572803 INDN:MOHAMED NASR CO ID:2222993574 WEB,06/20/25 WESTERN UNION DES: CAPTURE ID:517182605572803 INDN:MOHAMED NASR CO ID:2222993574 WEB,"June 17, 2025","July 18, 2025",2061,eStmt_2025-07-18.pdf,"[""06/20/25 WESTERN UNION    DES:   CAPTURE ID:517182605572803  INDN:MOHAMED NASR            CO"", ""ID:2222993574 WEB-199.00""]"
2025-06-20,06/20/25,-89.82,-8982,debit,withdrawals,PMNT SENT 0620 PAYPAL *mrfaze Visa Direct CA,06/20/25 PMNT SENT 0620 PAYPAL *mrfaze Visa Direct CA,"June 17, 2025","July 18, 2025",2061,eStmt_2025-07-18.pdf,"[""06/20/25 PMNT SENT  0620 PAYPAL *mrfaze Visa Direct  CA -89.82""]"
2025-06-20,06/20/25,-80.00,-8000,debit,other_subtractions,VENMO DES:PAYMENT ID:1042975053604 INDN:MOUSTAFA NASR CO ID:3264681992 WEB,06/20/25 VENMO DES:PAYMENT ID:1042975053604 INDN:MOUSTAFA NASR CO ID:3264681992 WEB,"June 17, 2025","July 18, 2025",2061,eStmt_2025-07-18.pdf,"[""06/20/25 VENMO            DES:PAYMENT    ID:1042975053604  INDN:MOUSTAFA NASR           CO"", ""ID:3264681992 WEB-80.00""]"
2025-06-20,06/20/25,-53.05,-5305,debit,withdrawals,MOBILE PURCHASE 0619 EWING CITGO EWING NJ,06/20/25 MOBILE PURCHASE 0619 EWING CITGO EWING NJ,"June 17, 2025","July 18, 2025",2061,eStmt_2025-07-18.pdf,"[""06/20/25 MOBILE PURCHASE 0619  EWING CITGO EWING        NJ -53.05""]"
2025-06-20,06/20/25,-30.00,-3000,debit,other_subtractions,Zelle payment to Josh Conf# kdgl2sgd2,06/20/25 Zelle payment to Josh Conf# kdgl2sgd2,"June 17, 2025","July 18, 2025",2061,eStmt_2025-07-18.pdf,"[""06/20/25 Zelle payment to  Josh Conf# kdgl2sgd2 -30.00""]"
2025-06-20,06/20/25,500.00,50000,credit,deposits,Zelle payment from ANDREW RAMOS Conf# 0JF7QRI8M,06/20/25 Zelle payment from ANDREW RAMOS Conf# 0JF7QRI8M,"June 17, 2025","July 18, 2025",2061,eStmt_2025-07-18.pdf,"[""06/20/25 Zelle payment from  ANDREW RAMOS Conf# 0JF7QRI8M 500.00""]"
2025-06-20,06/20/25,920.70,92070,credit,deposits,"07872ALL IN ONE DES:PAYROLL ID:XXXXXXXXXA 7272 INDN:NASR, MOUSTAFA CO ID:5300007872 PPD","06/20/25 07872ALL IN ONE DES:PAYROLL ID:XXXXXXXXXA 7272 INDN:NASR, MOUSTAFA CO ID:5300007872 PPD","June 17, 2025","July 18, 2025",2061,eStmt_2025-07-18.pdf,"[""06/20/25 07872ALL IN ONE  DES:PAYROLL    ID:XXXXXXXXXA 7272  INDN:NASR, MOUSTAFA          CO"", ""ID:5300007872 PPD920.70""]"
2025-06-23,06/23/25,-99.00,-9900,debit,other_subtractions,Meridian DES:Meridian T ID: INDN:Mohamed Nasr CO ID:1923276963 WEB PMT INFO:Meridian Transfer - Rtke23fl669gpmndsr2b uwwku8,06/23/25 Meridian DES:Meridian T ID: INDN:Mohamed Nasr CO ID:1923276963 WEB PMT INFO:Meridian Transfer - Rtke23fl669gpmndsr2b uwwku8,"June 17, 2025","July 18, 2025",2061,eStmt_2025-07-18.pdf,"[""06/23/25 Meridian         DES:Meridian T ID:  INDN:Mohamed Nasr            CO ID:1923276963 WEB  PMT"", ""INFO:Meridian Transfer - Rtke23fl669gpmndsr2b  uwwku8-99.00""]"
2025-06-23,06/23/25,-68.44,-6844,debit,withdrawals,MOBILE PURCHASE 0621 BLVD *THE BEAUTY BAR LAWRENCEVILLENJ,06/23/25 MOBILE PURCHASE 0621 BLVD *THE BEAUTY BAR LAWRENCEVILLENJ,"June 17, 2025","July 18, 2025",2061,eStmt_2025-07-18.pdf,"[""06/23/25 MOBILE PURCHASE 0621  BLVD   *THE BEAUTY BAR LAWRENCEVILLENJ -68.44""]"
2025-06-23,06/23/25,-60.00,-6000,debit,other_subtractions,Zelle payment to Josh Conf# msppwow9z,06/23/25 Zelle payment to Josh Conf# msppwow9z,"June 17, 2025","July 18, 2025",2061,eStmt_2025-07-18.pdf,"[""06/23/25 Zelle payment to  Josh Conf# msppwow9z -60.00""]"
2025-06-23,06/23/25,-40.00,-4000,debit,other_subtractions,Zelle payment to Josh Conf# oo5mh2otd,06/23/25 Zelle payment to Josh Conf# oo5mh2otd,"June 17, 2025","July 18, 2025",2061,eStmt_2025-07-18.pdf,"[""06/23/25 Zelle payment to  Josh Conf# oo5mh2otd -40.00""]"
2025-06-23,06/23/25,-17.01,-1701,debit,withdrawals,PURCHASE 0622 CHE*CHEGG STUDY 855-440-1323 CA,06/23/25 PURCHASE 0622 CHE*CHEGG STUDY 855-440-1323 CA,"June 17, 2025","July 18, 2025",2061,eStmt_2025-07-18.pdf,"[""06/23/25 PURCHASE   0622 CHE*CHEGG STUDY 855-440-1323 CA -17.01""]"
2025-06-23,06/23/25,-8.52,-852,debit,withdrawals,MOBILE PURCHASE 0621 WAWA 8360 EWING NJ,06/23/25 MOBILE PURCHASE 0621 WAWA 8360 EWING NJ,"June 17, 2025","July 18, 2025",2061,eStmt_2025-07-18.pdf,"[""06/23/25 MOBILE PURCHASE 0621  WAWA 8360 EWING        NJ -8.52""]"
2025-06-23,06/23/25,100.00,10000,credit,deposits,Zelle payment from XING YAN Conf# AA0Skb91y,06/23/25 Zelle payment from XING YAN Conf# AA0Skb91y,"June 17, 2025","July 18, 2025",2061,eStmt_2025-07-18.pdf,"[""06/23/25 Zelle payment from XING  YAN Conf# AA0Skb91y 100.00""]"
2025-06-24,06/24/25,-7.62,-762,debit,withdrawals,MOBILE PURCHASE 0622 TST*FIFTYLAN New York NY,06/24/25 MOBILE PURCHASE 0622 TST*FIFTYLAN New York NY,"June 17, 2025","July 18, 2025",2061,eStmt_2025-07-18.pdf,"[""06/24/25 MOBILE PURCHASE 0622  TST*FIFTYLAN New York     NY -7.62""]"
2025-06-24,06/24/25,-6.00,-600,debit,other_subtractions,Rocket Money DES:Premium ID:ST-J7Y6F7S1K5Z2 INDN:ROCKET MONEY INC CO ID:1800948598 CCD,06/24/25 Rocket Money DES:Premium ID:ST-J7Y6F7S1K5Z2 INDN:ROCKET MONEY INC CO ID:1800948598 CCD,"June 17, 2025","July 18, 2025",2061,eStmt_2025-07-18.pdf,"[""06/24/25 Rocket Money     DES:Premium    ID:ST-J7Y6F7S1K5Z2  INDN:ROCKET MONEY INC        CO"", ""ID:1800948598 CCD-6.00""]"
2025-06-24,06/24/25,-5.34,-534,debit,withdrawals,FOOD LION #059 06/24 #000121497 MOBILE PURCHASE FOOD LION #0596 1 ELKTON VA,06/24/25 FOOD LION #059 06/24 #000121497 MOBILE PURCHASE FOOD LION #0596 1 ELKTON VA,"June 17, 2025","July 18, 2025",2061,eStmt_2025-07-18.pdf,"[""06/24/25 FOOD LION #059  06/24 #000121497 MOBILE PURCHASE FOOD LION #0596 1  ELKTON        VA -5.34""]"
2025-06-25,06/25/25,-7.33,-733,debit,withdrawals,MOBILE PURCHASE 0624 MASSANUTTEN PRODUCE PENN LAIRD VA,06/25/25 MOBILE PURCHASE 0624 MASSANUTTEN PRODUCE PENN LAIRD VA,"June 17, 2025","July 18, 2025",2061,eStmt_2025-07-18.pdf,"[""06/25/25 MOBILE PURCHASE 0624  MASSANUTTEN PRODUCE PENN LAIRD   VA -7.33""]"
2025-06-26,06/26/25,-41.00,-4100,debit,other_subtractions,Zelle payment to Darren Conf# ohuyj9i6f,06/26/25 Zelle payment to Darren Conf# ohuyj9i6f,"June 17, 2025","July 18, 2025",2061,eStmt_2025-07-18.pdf,"[""06/26/25 Zelle payment to  Darren Conf# ohuyj9i6f -41.00""]"
2025-06-26,06/26/25,-30.00,-3000,debit,withdrawals,MOBILE PURCHASE 0626 HUNTERM GAMING ANNANDALE VA,06/26/25 MOBILE PURCHASE 0626 HUNTERM GAMING ANNANDALE VA,"June 17, 2025","July 18, 2025",2061,eStmt_2025-07-18.pdf,"[""06/26/25 MOBILE PURCHASE 0626  HUNTERM GAMING ANNANDALE    VA -30.00""]"
2025-06-26,06/26/25,-6.39,-639,debit,withdrawals,PURCHASE 0625 SPOTIFY 877-778-1161 NY,06/26/25 PURCHASE 0625 SPOTIFY 877-778-1161 NY,"June 17, 2025","July 18, 2025",2061,eStmt_2025-07-18.pdf,"[""06/26/25 PURCHASE   0625 SPOTIFY 877-778-1161 NY -6.39""]"
2025-06-26,06/26/25,199.00,19900,credit,deposits,ACH Temporary Credit Adjustment on 06/26/25 Acct # 381069042061 Claim # 250621516954,06/26/25 ACH Temporary Credit Adjustment on 06/26/25 Acct # 381069042061 Claim # 250621516954,"June 17, 2025","July 18, 2025",2061,eStmt_2025-07-18.pdf,"[""06/26/25 ACH Temporary Credit Adjustment on 06/26/25 Acct # 381069042061 Claim # 250621516954 199.00""]"
2025-06-27,06/27/25,-1000.00,-100000,debit,other_subtractions,Online Banking transfer to CHK 3765 Confirmation# 7704827055,06/27/25 Online Banking transfer to CHK 3765 Confirmation# 7704827055,"June 17, 2025","July 18, 2025",2061,eStmt_2025-07-18.pdf,"[""06/27/25 Online Banking transfer to CHK 3765 Confirmation# 7704827055 -1,000.00""]"
2025-06-27,06/27/25,-115.00,-11500,debit,other_subtractions,Zelle payment to Darren Conf# rhyos193m,06/27/25 Zelle payment to Darren Conf# rhyos193m,"June 17, 2025","July 18, 2025",2061,eStmt_2025-07-18.pdf,"[""06/27/25 Zelle payment to  Darren Conf# rhyos193m -115.00""]"
2025-06-27,06/27/25,-10.00,-1000,debit,withdrawals,PURCHASE 0626 VEO* DEPOSIT VEORIDE.COM CA,06/27/25 PURCHASE 0626 VEO* DEPOSIT VEORIDE.COM CA,"June 17, 2025","July 18, 2025",2061,eStmt_2025-07-18.pdf,"[""06/27/25 PURCHASE   0626 VEO* DEPOSIT VEORIDE.COM  CA -10.00""]"
2025-06-27,06/27/25,-6.29,-629,debit,withdrawals,PURCHASE 0626 VEO* SUBSCRIPTION VEORIDE.COM CA,06/27/25 PURCHASE 0626 VEO* SUBSCRIPTION VEORIDE.COM CA,"June 17, 2025","July 18, 2025",2061,eStmt_2025-07-18.pdf,"[""06/27/25 PURCHASE   0626 VEO* SUBSCRIPTION VEORIDE.COM  CA -6.29""]"
2025-06-27,06/27/25,-3.00,-300,debit,withdrawals,MOBILE PURCHASE 0626 SE Retail Shop Washington DC,06/27/25 MOBILE PURCHASE 0626 SE Retail Shop Washington DC,"June 17, 2025","July 18, 2025",2061,eStmt_2025-07-18.pdf,"[""06/27/25 MOBILE PURCHASE 0626  SE Retail Shop Washington   DC -3.00""]"
2025-06-27,06/27/25,920.70,92070,credit,deposits,"07872ALL IN ONE DES:PAYROLL ID:XXXXXXXXXA 7272 INDN:NASR, MOUSTAFA CO ID:5300007872 PPD","06/27/25 07872ALL IN ONE DES:PAYROLL ID:XXXXXXXXXA 7272 INDN:NASR, MOUSTAFA CO ID:5300007872 PPD","June 17, 2025","July 18, 2025",2061,eStmt_2025-07-18.pdf,"[""06/27/25 07872ALL IN ONE  DES:PAYROLL    ID:XXXXXXXXXA 7272  INDN:NASR, MOUSTAFA          CO"", ""ID:5300007872 PPD920.70""]"
2025-06-27,06/27/25,1000.00,100000,credit,deposits,Online Banking transfer from CHK 3765 Confirmation# 7706004782,06/27/25 Online Banking transfer from CHK 3765 Confirmation# 7706004782,"June 17, 2025","July 18, 2025",2061,eStmt_2025-07-18.pdf,"[""06/27/25 Online Banking transfer from CHK 3765 Confirmation# 7706004782 1,000.00""]"
2025-06-30,06/30/25,-62.32,-6232,debit,withdrawals,MOBILE PURCHASE 0627 WAWA 8021 QUAKERTOWN PA,06/30/25 MOBILE PURCHASE 0627 WAWA 8021 QUAKERTOWN PA,"June 17, 2025","July 18, 2025",2061,eStmt_2025-07-18.pdf,"[""06/30/25 MOBILE PURCHASE 0627  WAWA 8021 QUAKERTOWN   PA -62.32""]"
2025-06-30,06/30/25,-42.74,-4274,debit,withdrawals,ALDI 60090 06/29 #000048100 MOBILE PURCHASE 1250 STATE HIGHWA HAMILTON NJ,06/30/25 ALDI 60090 06/29 #000048100 MOBILE PURCHASE 1250 STATE HIGHWA HAMILTON NJ,"June 17, 2025","July 18, 2025",2061,eStmt_2025-07-18.pdf,"[""06/30/25 ALDI 60090      06/29 #000048100 MOBILE PURCHASE 1250 STATE HIGHWA  HAMILTON      NJ -42.74""]"
2025-06-30,06/30/25,-6.60,-660,debit,withdrawals,MOBILE PURCHASE 0626 PEETS # 24906 ARLINGTON VA,06/30/25 MOBILE PURCHASE 0626 PEETS # 24906 ARLINGTON VA,"June 17, 2025","July 18, 2025",2061,eStmt_2025-07-18.pdf,"[""06/30/25 MOBILE PURCHASE 0626  PEETS # 24906 ARLINGTON    VA -6.60""]"
2025-06-30,06/30/25,-4.04,-404,debit,withdrawals,MOBILE PURCHASE 0626 BEST BUNS BREAD COMPAN 703-5781500 VA,06/30/25 MOBILE PURCHASE 0626 BEST BUNS BREAD COMPAN 703-5781500 VA,"June 17, 2025","July 18, 2025",2061,eStmt_2025-07-18.pdf,"[""06/30/25 MOBILE PURCHASE 0626  BEST BUNS BREAD COMPAN 703-5781500  VA -4.04""]"
2025-06-30,06/30/25,-3.99,-399,debit,withdrawals,MOBILE PURCHASE 0630 TARGET T-1151 Princeton NJ,06/30/25 MOBILE PURCHASE 0630 TARGET T-1151 Princeton NJ,"June 17, 2025","July 18, 2025",2061,eStmt_2025-07-18.pdf,"[""06/30/25 MOBILE PURCHASE 0630  TARGET T-1151 Princeton    NJ -3.99""]"
2025-06-30,06/30/25,-2.64,-264,debit,withdrawals,MOBILE PURCHASE 0627 WAWA 8168 FAIRLESS HILLPA,06/30/25 MOBILE PURCHASE 0627 WAWA 8168 FAIRLESS HILLPA,"June 17, 2025","July 18, 2025",2061,eStmt_2025-07-18.pdf,"[""06/30/25 MOBILE PURCHASE 0627  WAWA 8168 FAIRLESS HILLPA -2.64""]"
2025-06-30,06/30/25,-2.58,-258,debit,withdrawals,MOBILE PURCHASE 0626 BEST BUNS BREAD COMPAN 703-5781500 VA,06/30/25 MOBILE PURCHASE 0626 BEST BUNS BREAD COMPAN 703-5781500 VA,"June 17, 2025","July 18, 2025",2061,eStmt_2025-07-18.pdf,"[""06/30/25 MOBILE PURCHASE 0626  BEST BUNS BREAD COMPAN 703-5781500  VA -2.58""]"
2025-07-02,07/02/25,-79.00,-7900,debit,withdrawals,CHECKCARD 0701 ABC*31586-FUSION GYMS 888-8279262 PA 24906415182232805231275 RECURRING,07/02/25 CHECKCARD 0701 ABC*31586-FUSION GYMS 888-8279262 PA 24906415182232805231275 RECURRING,"June 17, 2025","July 18, 2025",2061,eStmt_2025-07-18.pdf,"[""07/02/25 CHECKCARD  0701 ABC*31586-FUSION GYMS 888-8279262  PA 24906415182232805231275"", ""RECURRING-79.00""]"
2025-07-02,07/02/25,-25.90,-2590,debit,withdrawals,PURCHASE 0702 AMAZON RETA* N30BI0NB0 WWW.AMAZON.COWA,07/02/25 PURCHASE 0702 AMAZON RETA* N30BI0NB0 WWW.AMAZON.COWA,"June 17, 2025","July 18, 2025",2061,eStmt_2025-07-18.pdf,"[""07/02/25 PURCHASE   0702 AMAZON RETA* N30BI0NB0 WWW.AMAZON.COWA -25.90""]"
2025-07-03,07/03/25,-111.60,-11160,debit,other_subtractions,Zelle payment to KAREN GALEANO MORENO Conf# la2nni6wr,07/03/25 Zelle payment to KAREN GALEANO MORENO Conf# la2nni6wr,"June 17, 2025","July 18, 2025",2061,eStmt_2025-07-18.pdf,"[""07/03/25 Zelle payment to  KAREN GALEANO MORENO Conf# la2nni6wr -111.60""]"
2025-07-03,07/03/25,-39.00,-3900,debit,withdrawals,CHECKCARD 0702 P.SKOOL.COM/RBFGP WWW.SKOOL.COMCA 24011345183100110554501 RECURRING,07/03/25 CHECKCARD 0702 P.SKOOL.COM/RBFGP WWW.SKOOL.COMCA 24011345183100110554501 RECURRING,"June 17, 2025","July 18, 2025",2061,eStmt_2025-07-18.pdf,"[""07/03/25 CHECKCARD  0702 P.SKOOL.COM/RBFGP WWW.SKOOL.COMCA 24011345183100110554501"", ""RECURRING-39.00""]"
2025-07-03,07/03/25,-4.24,-424,debit,withdrawals,MOBILE PURCHASE 0701 31583 FUSION GYMS FAIRL FAIRLESS HILLPA,07/03/25 MOBILE PURCHASE 0701 31583 FUSION GYMS FAIRL FAIRLESS HILLPA,"June 17, 2025","July 18, 2025",2061,eStmt_2025-07-18.pdf,"[""07/03/25 MOBILE PURCHASE 0701  31583 FUSION GYMS FAIRL FAIRLESS HILLPA -4.24""]"
2025-07-03,07/03/25,920.71,92071,credit,deposits,"07872ALL IN ONE DES:PAYROLL ID:XXXXXXXXXA 7272 INDN:NASR, MOUSTAFA CO ID:5300007872 PPD","07/03/25 07872ALL IN ONE DES:PAYROLL ID:XXXXXXXXXA 7272 INDN:NASR, MOUSTAFA CO ID:5300007872 PPD","June 17, 2025","July 18, 2025",2061,eStmt_2025-07-18.pdf,"[""07/03/25 07872ALL IN ONE  DES:PAYROLL    ID:XXXXXXXXXA 7272  INDN:NASR, MOUSTAFA          CO"", ""ID:5300007872 PPD920.71""]"
2025-07-07,07/07/25,-428.37,-42837,debit,withdrawals,CHECKCARD 0706 INJ.IS OTTAWA ON 74083425187100013023053,07/07/25 CHECKCARD 0706 INJ.IS OTTAWA ON 74083425187100013023053,"June 17, 2025","July 18, 2025",2061,eStmt_2025-07-18.pdf,"[""07/07/25 CHECKCARD  0706 INJ.IS OTTAWA       ON 74083425187100013023053 -428.37""]"
2025-07-07,07/07/25,-108.00,-10800,debit,other_subtractions,Zelle payment to Calil Conf# rqnn9tn0f,07/07/25 Zelle payment to Calil Conf# rqnn9tn0f,"June 17, 2025","July 18, 2025",2061,eStmt_2025-07-18.pdf,"[""07/07/25 Zelle payment to  Calil Conf# rqnn9tn0f -108.00""]"
2025-07-07,07/07/25,-75.00,-7500,debit,other_subtractions,Zelle payment to Jeff Conf# k9o4c1pbn,07/07/25 Zelle payment to Jeff Conf# k9o4c1pbn,"June 17, 2025","July 18, 2025",2061,eStmt_2025-07-18.pdf,"[""07/07/25 Zelle payment to Jeff Conf# k9o4c1pbn -75.00""]"
2025-07-07,07/07/25,-38.00,-3800,debit,withdrawals,PMNT SENT 0704 APPLE CASH SENT MONEY 1INFINITELOOPCA,07/07/25 PMNT SENT 0704 APPLE CASH SENT MONEY 1INFINITELOOPCA,"June 17, 2025","July 18, 2025",2061,eStmt_2025-07-18.pdf,"[""07/07/25 PMNT SENT  0704 APPLE CASH SENT MONEY 1INFINITELOOPCA -38.00""]"
2025-07-07,07/07/25,-30.64,-3064,debit,withdrawals,"PURCHASE 0703 UBER * PENDI San FranciscoCA continued on the next page MOUSTAFA MOHAMED NASR ! Account # 3810 6904 2061 ! June 17, 2025 to July 18, 2025","07/07/25 PURCHASE 0703 UBER * PENDI San FranciscoCA continued on the next page MOUSTAFA MOHAMED NASR ! Account # 3810 6904 2061 ! June 17, 2025 to July 18, 2025","June 17, 2025","July 18, 2025",2061,eStmt_2025-07-18.pdf,"[""07/07/25 PURCHASE   0703 UBER   * PENDI San FranciscoCA -30.64"", ""continued on the next page"", ""MOUSTAFA MOHAMED NASR   !   Account # 3810 6904 2061   !   June 17, 2025 to July 18, 2025""]"
2025-07-07,07/07/25,-17.70,-1770,debit,withdrawals,MOBILE PURCHASE 0703 BLVD *THE BEAUTY BAR LAWRENCEVILLENJ,07/07/25 MOBILE PURCHASE 0703 BLVD *THE BEAUTY BAR LAWRENCEVILLENJ,"June 17, 2025","July 18, 2025",2061,eStmt_2025-07-18.pdf,"[""07/07/25 MOBILE PURCHASE 0703  BLVD   *THE BEAUTY BAR LAWRENCEVILLENJ -17.70""]"
2025-07-07,07/07/25,-14.97,-1497,debit,withdrawals,MOBILE PURCHASE 0705 ROYAL FARMS #349 NEW CASTLE DE,07/07/25 MOBILE PURCHASE 0705 ROYAL FARMS #349 NEW CASTLE DE,"June 17, 2025","July 18, 2025",2061,eStmt_2025-07-18.pdf,"[""07/07/25 MOBILE PURCHASE 0705  ROYAL FARMS #349 NEW CASTLE   DE -14.97""]"
2025-07-07,07/07/25,-8.52,-852,debit,withdrawals,MOBILE PURCHASE 0704 PACK-A-SACK LUMBERTON NJ,07/07/25 MOBILE PURCHASE 0704 PACK-A-SACK LUMBERTON NJ,"June 17, 2025","July 18, 2025",2061,eStmt_2025-07-18.pdf,"[""07/07/25 MOBILE PURCHASE 0704  PACK-A-SACK LUMBERTON    NJ -8.52""]"
2025-07-07,07/07/25,-6.00,-600,debit,other_subtractions,Zelle payment to BRANDON ENARUSAI Conf# mdc14z6zg,07/07/25 Zelle payment to BRANDON ENARUSAI Conf# mdc14z6zg,"June 17, 2025","July 18, 2025",2061,eStmt_2025-07-18.pdf,"[""07/07/25 Zelle payment to  BRANDON ENARUSAI Conf# mdc14z6zg -6.00""]"
2025-07-07,07/07/25,63.00,6300,credit,deposits,"Zelle payment from DARREN WU for ""bread""; Conf# 99besh0jp","07/07/25 Zelle payment from DARREN WU for ""bread""; Conf# 99besh0jp","June 17, 2025","July 18, 2025",2061,eStmt_2025-07-18.pdf,"[""07/07/25 Zelle payment from  DARREN WU for \""bread\""; Conf# 99besh0jp 63.00""]"
2025-07-07,07/07/25,63.00,6300,credit,deposits,Zelle payment from XING YAN Conf# AA0SzW54D,07/07/25 Zelle payment from XING YAN Conf# AA0SzW54D,"June 17, 2025","July 18, 2025",2061,eStmt_2025-07-18.pdf,"[""07/07/25 Zelle payment from XING  YAN Conf# AA0SzW54D 63.00""]"
2025-07-08,07/08/25,-175.00,-17500,debit,withdrawals,PURCHASE 0708 Hims and Hers Inc. 805-4485228 CA,07/08/25 PURCHASE 0708 Hims and Hers Inc. 805-4485228 CA,"June 17, 2025","July 18, 2025",2061,eStmt_2025-07-18.pdf,"[""07/08/25 PURCHASE   0708 Hims and Hers Inc. 805-4485228  CA -175.00""]"
2025-07-08,07/08/25,-20.00,-2000,debit,withdrawals,PURCHASE 0708 OPENAI *CHATGPT SUBSCR OPENAI.COM CA,07/08/25 PURCHASE 0708 OPENAI *CHATGPT SUBSCR OPENAI.COM CA,"June 17, 2025","July 18, 2025",2061,eStmt_2025-07-18.pdf,"[""07/08/25 PURCHASE   0708 OPENAI *CHATGPT SUBSCR OPENAI.COM   CA -20.00""]"
2025-07-08,07/08/25,-10.00,-1000,debit,other_subtractions,Zelle payment to JASON PORRAS Conf# l9jq3tn7l,07/08/25 Zelle payment to JASON PORRAS Conf# l9jq3tn7l,"June 17, 2025","July 18, 2025",2061,eStmt_2025-07-18.pdf,"[""07/08/25 Zelle payment to  JASON PORRAS Conf# l9jq3tn7l -10.00""]"
2025-07-09,07/09/25,-170.46,-17046,debit,other_subtractions,Dairyland DES:Autopay ID:XXXXXXXXX INDN:MOUSTAFA NASR CO ID:SENTRYINS9 WEB,07/09/25 Dairyland DES:Autopay ID:XXXXXXXXX INDN:MOUSTAFA NASR CO ID:SENTRYINS9 WEB,"June 17, 2025","July 18, 2025",2061,eStmt_2025-07-18.pdf,"[""07/09/25 Dairyland        DES:Autopay    ID:XXXXXXXXX  INDN:MOUSTAFA NASR           CO ID:SENTRYINS9"", ""WEB-170.46""]"
2025-07-09,07/09/25,-45.98,-4598,debit,withdrawals,PURCHASE 0708 AMAZON MKTPL*NL9V61K72 Amzn.com/billWA,07/09/25 PURCHASE 0708 AMAZON MKTPL*NL9V61K72 Amzn.com/billWA,"June 17, 2025","July 18, 2025",2061,eStmt_2025-07-18.pdf,"[""07/09/25 PURCHASE   0708 AMAZON MKTPL*NL9V61K72 Amzn.com/billWA -45.98""]"
2025-07-09,07/09/25,-42.17,-4217,debit,withdrawals,MOBILE PURCHASE 0708 ROSA PIZZA EWING NJ,07/09/25 MOBILE PURCHASE 0708 ROSA PIZZA EWING NJ,"June 17, 2025","July 18, 2025",2061,eStmt_2025-07-18.pdf,"[""07/09/25 MOBILE PURCHASE 0708  ROSA PIZZA EWING        NJ -42.17""]"
2025-07-09,07/09/25,-24.15,-2415,debit,withdrawals,PURCHASE 0708 AMAZON MKTPL*NL1CF82V2 Amzn.com/billWA,07/09/25 PURCHASE 0708 AMAZON MKTPL*NL1CF82V2 Amzn.com/billWA,"June 17, 2025","July 18, 2025",2061,eStmt_2025-07-18.pdf,"[""07/09/25 PURCHASE   0708 AMAZON MKTPL*NL1CF82V2 Amzn.com/billWA -24.15""]"
2025-07-11,07/11/25,-3000.00,-300000,debit,other_subtractions,Online Banking transfer to CHK 3765 Confirmation# 7323880792,07/11/25 Online Banking transfer to CHK 3765 Confirmation# 7323880792,"June 17, 2025","July 18, 2025",2061,eStmt_2025-07-18.pdf,"[""07/11/25 Online Banking transfer to CHK 3765 Confirmation# 7323880792 -3,000.00""]"
2025-07-11,07/11/25,-800.00,-80000,debit,other_subtractions,Zelle payment to Davion Rent Conf# ri68ym0q6,07/11/25 Zelle payment to Davion Rent Conf# ri68ym0q6,"June 17, 2025","July 18, 2025",2061,eStmt_2025-07-18.pdf,"[""07/11/25 Zelle payment to Davion Rent Conf# ri68ym0q6 -800.00""]"
2025-07-11,07/11/25,-4.34,-434,debit,withdrawals,CVS/PHARMACY # 07/10 #000903814 MOBILE PURCHASE CVS/PHARMACY #02 NEW YORK NY,07/11/25 CVS/PHARMACY # 07/10 #000903814 MOBILE PURCHASE CVS/PHARMACY #02 NEW YORK NY,"June 17, 2025","July 18, 2025",2061,eStmt_2025-07-18.pdf,"[""07/11/25 CVS/PHARMACY #  07/10 #000903814 MOBILE PURCHASE CVS/PHARMACY #02   NEW YORK"", ""NY-4.34""]"
2025-07-11,07/11/25,-1.11,-111,debit,withdrawals,CHECKCARD 0710 CITY OF TRENTON PARKING 856-2348000 NJ 24013395191002032029823,07/11/25 CHECKCARD 0710 CITY OF TRENTON PARKING 856-2348000 NJ 24013395191002032029823,"June 17, 2025","July 18, 2025",2061,eStmt_2025-07-18.pdf,"[""07/11/25 CHECKCARD  0710 CITY OF TRENTON PARKING 856-2348000  NJ 24013395191002032029823 -1.11""]"
2025-07-11,07/11/25,121.00,12100,credit,deposits,Online Banking transfer from CHK 3765 Confirmation# 7824239060,07/11/25 Online Banking transfer from CHK 3765 Confirmation# 7824239060,"June 17, 2025","July 18, 2025",2061,eStmt_2025-07-18.pdf,"[""07/11/25 Online Banking transfer from CHK 3765 Confirmation# 7824239060 121.00""]"
2025-07-11,07/11/25,200.00,20000,credit,deposits,Online Banking transfer from CHK 3765 Confirmation# 7526944921,07/11/25 Online Banking transfer from CHK 3765 Confirmation# 7526944921,"June 17, 2025","July 18, 2025",2061,eStmt_2025-07-18.pdf,"[""07/11/25 Online Banking transfer from CHK 3765 Confirmation# 7526944921 200.00""]"
2025-07-11,07/11/25,750.74,75074,credit,deposits,"07872ALL IN ONE DES:PAYROLL ID:XXXXXXXXXA 7272 INDN:NASR, MOUSTAFA CO ID:5300007872 PPD","07/11/25 07872ALL IN ONE DES:PAYROLL ID:XXXXXXXXXA 7272 INDN:NASR, MOUSTAFA CO ID:5300007872 PPD","June 17, 2025","July 18, 2025",2061,eStmt_2025-07-18.pdf,"[""07/11/25 07872ALL IN ONE  DES:PAYROLL    ID:XXXXXXXXXA 7272  INDN:NASR, MOUSTAFA          CO"", ""ID:5300007872 PPD750.74""]"
2025-07-11,07/11/25,2631.94,263194,credit,deposits,"07872ALL IN ONE DES:PAYROLL ID:XXXXXXXXXA 7272 INDN:NASR, MOUSTAFA CO ID:5300007872 PPD","07/11/25 07872ALL IN ONE DES:PAYROLL ID:XXXXXXXXXA 7272 INDN:NASR, MOUSTAFA CO ID:5300007872 PPD","June 17, 2025","July 18, 2025",2061,eStmt_2025-07-18.pdf,"[""07/11/25 07872ALL IN ONE  DES:PAYROLL    ID:XXXXXXXXXA 7272  INDN:NASR, MOUSTAFA          CO"", ""ID:5300007872 PPD2,631.94""]"
2025-07-14,07/14/25,-45.34,-4534,debit,withdrawals,ALDI 60061 07/12 #000888800 MOBILE PURCHASE 1605 N OLDEN AVE TRENTON NJ,07/14/25 ALDI 60061 07/12 #000888800 MOBILE PURCHASE 1605 N OLDEN AVE TRENTON NJ,"June 17, 2025","July 18, 2025",2061,eStmt_2025-07-18.pdf,"[""07/14/25 ALDI 60061      07/12 #000888800 MOBILE PURCHASE 1605 N OLDEN AVE   TRENTON       NJ -45.34""]"
2025-07-14,07/14/25,-45.06,-4506,debit,withdrawals,CHECKCARD 0712 WAL-MART #5012 HAMILTON NJ 24455015193141009222107,07/14/25 CHECKCARD 0712 WAL-MART #5012 HAMILTON NJ 24455015193141009222107,"June 17, 2025","July 18, 2025",2061,eStmt_2025-07-18.pdf,"[""07/14/25 CHECKCARD  0712 WAL-MART #5012 HAMILTON     NJ 24455015193141009222107 -45.06""]"
2025-07-14,07/14/25,-32.00,-3200,debit,withdrawals,PMNT SENT 0713 APPLE CASH SENT MONEY 1INFINITELOOPCA,07/14/25 PMNT SENT 0713 APPLE CASH SENT MONEY 1INFINITELOOPCA,"June 17, 2025","July 18, 2025",2061,eStmt_2025-07-18.pdf,"[""07/14/25 PMNT SENT  0713 APPLE CASH SENT MONEY 1INFINITELOOPCA -32.00""]"
2025-07-14,07/14/25,-21.99,-2199,debit,withdrawals,PMNT SENT 0713 APPLE CASH SENT MONEY 1INFINITELOOPCA,07/14/25 PMNT SENT 0713 APPLE CASH SENT MONEY 1INFINITELOOPCA,"June 17, 2025","July 18, 2025",2061,eStmt_2025-07-18.pdf,"[""07/14/25 PMNT SENT  0713 APPLE CASH SENT MONEY 1INFINITELOOPCA -21.99""]"
2025-07-14,07/14/25,-20.00,-2000,debit,withdrawals,PMNT SENT 0712 APPLE CASH BALANCE ADD 1INFINITELOOPCA,07/14/25 PMNT SENT 0712 APPLE CASH BALANCE ADD 1INFINITELOOPCA,"June 17, 2025","July 18, 2025",2061,eStmt_2025-07-18.pdf,"[""07/14/25 PMNT SENT  0712 APPLE CASH BALANCE ADD 1INFINITELOOPCA -20.00""]"
2025-07-14,07/14/25,-14.99,-1499,debit,withdrawals,MOBILE PURCHASE 0710 SPRING MART NEW YORK NY,07/14/25 MOBILE PURCHASE 0710 SPRING MART NEW YORK NY,"June 17, 2025","July 18, 2025",2061,eStmt_2025-07-18.pdf,"[""07/14/25 MOBILE PURCHASE 0710  SPRING MART NEW YORK     NY -14.99""]"
2025-07-14,07/14/25,-14.00,-1400,debit,other_subtractions,Zelle payment to TIFFANY ZHANG Conf# n5ldk1ot3,07/14/25 Zelle payment to TIFFANY ZHANG Conf# n5ldk1ot3,"June 17, 2025","July 18, 2025",2061,eStmt_2025-07-18.pdf,"[""07/14/25 Zelle payment to  TIFFANY ZHANG Conf# n5ldk1ot3 -14.00""]"
2025-07-14,07/14/25,-11.32,-1132,debit,withdrawals,MOBILE PURCHASE 0711 GAI KITCHEN 131-27305592 IL,07/14/25 MOBILE PURCHASE 0711 GAI KITCHEN 131-27305592 IL,"June 17, 2025","July 18, 2025",2061,eStmt_2025-07-18.pdf,"[""07/14/25 MOBILE PURCHASE 0711  GAI KITCHEN 131-27305592 IL -11.32""]"
2025-07-14,07/14/25,-10.35,-1035,debit,withdrawals,MOBILE PURCHASE 0711 TST* 7TH STREET BURGER NEW YORK NY,07/14/25 MOBILE PURCHASE 0711 TST* 7TH STREET BURGER NEW YORK NY,"June 17, 2025","July 18, 2025",2061,eStmt_2025-07-18.pdf,"[""07/14/25 MOBILE PURCHASE 0711  TST* 7TH STREET BURGER NEW YORK     NY -10.35""]"
2025-07-14,07/14/25,-9.20,-920,debit,withdrawals,MOBILE PURCHASE 0711 SQ *HALAL New York NY,07/14/25 MOBILE PURCHASE 0711 SQ *HALAL New York NY,"June 17, 2025","July 18, 2025",2061,eStmt_2025-07-18.pdf,"[""07/14/25 MOBILE PURCHASE 0711  SQ *HALAL New York     NY -9.20""]"
2025-07-14,07/14/25,-8.00,-800,debit,other_subtractions,Zelle payment to TIFFANY ZHANG Conf# m7qhu6pth,07/14/25 Zelle payment to TIFFANY ZHANG Conf# m7qhu6pth,"June 17, 2025","July 18, 2025",2061,eStmt_2025-07-18.pdf,"[""07/14/25 Zelle payment to  TIFFANY ZHANG Conf# m7qhu6pth -8.00""]"
2025-07-14,07/14/25,-5.99,-599,debit,withdrawals,MOBILE PURCHASE 0710 SPACE MARKET NEW YORK NY,07/14/25 MOBILE PURCHASE 0710 SPACE MARKET NEW YORK NY,"June 17, 2025","July 18, 2025",2061,eStmt_2025-07-18.pdf,"[""07/14/25 MOBILE PURCHASE 0710  SPACE MARKET NEW YORK     NY -5.99""]"
2025-07-14,07/14/25,-5.75,-575,debit,withdrawals,MOBILE PURCHASE 0710 TST*LEVAIN NOHO NYC New York NY,07/14/25 MOBILE PURCHASE 0710 TST*LEVAIN NOHO NYC New York NY,"June 17, 2025","July 18, 2025",2061,eStmt_2025-07-18.pdf,"[""07/14/25 MOBILE PURCHASE 0710  TST*LEVAIN NOHO NYC New York     NY -5.75""]"
2025-07-14,07/14/25,-4.23,-423,debit,withdrawals,MOBILE PURCHASE 0713 WAWA 116 STROUDSBURG PA,07/14/25 MOBILE PURCHASE 0713 WAWA 116 STROUDSBURG PA,"June 17, 2025","July 18, 2025",2061,eStmt_2025-07-18.pdf,"[""07/14/25 MOBILE PURCHASE 0713  WAWA 116 STROUDSBURG  PA -4.23""]"
2025-07-14,07/14/25,-2.90,-290,debit,withdrawals,MOBILE PURCHASE 0712 MTA*NYCT PAYGO NEW YORK NY,07/14/25 MOBILE PURCHASE 0712 MTA*NYCT PAYGO NEW YORK NY,"June 17, 2025","July 18, 2025",2061,eStmt_2025-07-18.pdf,"[""07/14/25 MOBILE PURCHASE 0712  MTA*NYCT PAYGO NEW YORK     NY -2.90""]"
2025-07-14,07/14/25,5.00,500,credit,deposits,"Zelle payment from TIFFANY ZHANG for ""cream""; Conf# 99bfm11hp","07/14/25 Zelle payment from TIFFANY ZHANG for ""cream""; Conf# 99bfm11hp","June 17, 2025","July 18, 2025",2061,eStmt_2025-07-18.pdf,"[""07/14/25 Zelle payment from  TIFFANY ZHANG for \""cream\""; Conf# 99bfm11hp 5.00""]"
2025-07-15,07/15/25,-15.30,-1530,debit,withdrawals,MOBILE PURCHASE 0714 SUNOCO 8002129401 MORRISVILLE PA,07/15/25 MOBILE PURCHASE 0714 SUNOCO 8002129401 MORRISVILLE PA,"June 17, 2025","July 18, 2025",2061,eStmt_2025-07-18.pdf,"[""07/15/25 MOBILE PURCHASE 0714  SUNOCO 8002129401 MORRISVILLE  PA -15.30""]"
2025-07-17,07/17/25,-9.57,-957,debit,withdrawals,THE HOME DEPOT 07/17 #000666699 MOBILE PURCHASE THE HOME DEPOT #0 EWING NJ,07/17/25 THE HOME DEPOT 07/17 #000666699 MOBILE PURCHASE THE HOME DEPOT #0 EWING NJ,"June 17, 2025","July 18, 2025",2061,eStmt_2025-07-18.pdf,"[""07/17/25 THE HOME DEPOT  07/17 #000666699 MOBILE PURCHASE THE HOME DEPOT #0  EWING"", ""NJ-9.57""]"
2025-07-18,07/18/25,-35.00,-3500,debit,other_subtractions,Zelle payment to FLORY HERNANDEZ Conf# pcx5h7qo3,07/18/25 Zelle payment to FLORY HERNANDEZ Conf# pcx5h7qo3,"June 17, 2025","July 18, 2025",2061,eStmt_2025-07-18.pdf,"[""07/18/25 Zelle payment to  FLORY HERNANDEZ Conf# pcx5h7qo3 -35.00""]"
2025-07-21,07/21/25,-34.99,-3499,debit,withdrawals,"CHECKCARD 0719 PETER PAN BUS LINES, IN 800-237-8747 MA 24801975201414078749383","07/21/25 CHECKCARD 0719 PETER PAN BUS LINES, IN 800-237-8747 MA 24801975201414078749383","July 19, 2025","August 18, 2025",2061,eStmt_2025-08-18.pdf,"[""07/21/25 CHECKCARD  0719 PETER PAN BUS LINES, IN 800-237-8747 MA 24801975201414078749383 -34.99""]"
2025-07-21,07/21/25,-19.80,-1980,debit,withdrawals,PURCHASE 0719 NJT RAIL MY-TIX 973-378-6339 NJ,07/21/25 PURCHASE 0719 NJT RAIL MY-TIX 973-378-6339 NJ,"July 19, 2025","August 18, 2025",2061,eStmt_2025-08-18.pdf,"[""07/21/25 PURCHASE   0719 NJT RAIL MY-TIX 973-378-6339 NJ -19.80""]"
2025-07-21,07/21/25,-14.00,-1400,debit,withdrawals,PMNT SENT 0720 CASH APP*MOUSTAFA NASR Oakland CA 40593652010805484405485,07/21/25 PMNT SENT 0720 CASH APP*MOUSTAFA NASR Oakland CA 40593652010805484405485,"July 19, 2025","August 18, 2025",2061,eStmt_2025-08-18.pdf,"[""07/21/25 PMNT SENT  0720 CASH APP*MOUSTAFA NASR Oakland      CA 40593652010805484405485 -14.00""]"
2025-07-21,07/21/25,-11.04,-1104,debit,withdrawals,"MOBILE PURCHASE 0719 CHIPOTLE 3400 LAWRENCEVILLENJ continued on the next page Better Money Habits® What are your financial goals? Better Money Habits® helps you make sense of your money and take charge of your financial life. You have the power to pursue your savings, credit and general money goals with education, tools - and confidence. Scan this code to get started today at BetterMoneyHabits.com. When you use the QRC feature, certain information is collected from your mobile device for business purposes. Bank of America, N.A., Member FDIC. Equal Housing Lender ©2025 Bank of America Corporation. Terms and conditions apply. This is not a commitment to lend. Programs, rates, terms and conditions are subject to change without notice. MOUSTAFA MOHAMED NASR ! Account # 3810 6904 2061 ! July 19, 2025 to August 18, 2025","07/21/25 MOBILE PURCHASE 0719 CHIPOTLE 3400 LAWRENCEVILLENJ continued on the next page Better Money Habits® What are your financial goals? Better Money Habits® helps you make sense of your money and take charge of your financial life. You have the power to pursue your savings, credit and general money goals with education, tools - and confidence. Scan this code to get started today at BetterMoneyHabits.com. When you use the QRC feature, certain information is collected from your mobile device for business purposes. Bank of America, N.A., Member FDIC. Equal Housing Lender ©2025 Bank of America Corporation. Terms and conditions apply. This is not a commitment to lend. Programs, rates, terms and conditions are subject to change without notice. MOUSTAFA MOHAMED NASR ! Account # 3810 6904 2061 ! July 19, 2025 to August 18, 2025","July 19, 2025","August 18, 2025",2061,eStmt_2025-08-18.pdf,"[""07/21/25 MOBILE PURCHASE 0719  CHIPOTLE 3400 LAWRENCEVILLENJ -11.04"", ""continued on the next page"", ""Better Money Habits®"", ""What are your financial goals?"", ""Better Money Habits® helps you make sense of your money and take charge of your financial life."", ""You have the power to pursue your savings, credit and general money goals with education,"", ""tools - and confidence."", ""Scan this code to get started today at BetterMoneyHabits.com."", ""When you use the QRC feature, certain information is collected from your mobile device for business purposes."", ""Bank of America, N.A., Member FDIC. Equal Housing Lender ©2025 Bank of America Corporation. Terms and conditions"", ""apply. This is not a commitment to lend. Programs, rates, terms and conditions are subject to change without notice."", ""MOUSTAFA MOHAMED NASR   !   Account # 3810 6904 2061   !   July 19, 2025 to August 18, 2025""]"
2025-07-21,07/21/25,-10.00,-1000,debit,withdrawals,MOBILE PURCHASE 0718 EXXON HIMMAT INC TRENTON NJ,07/21/25 MOBILE PURCHASE 0718 EXXON HIMMAT INC TRENTON NJ,"July 19, 2025","August 18, 2025",2061,eStmt_2025-08-18.pdf,"[""07/21/25 MOBILE PURCHASE 0718  EXXON HIMMAT INC TRENTON      NJ -10.00""]"
2025-07-21,07/21/25,-6.10,-610,debit,withdrawals,PURCHASE 0720 TWICSY 978-3028163 MA,07/21/25 PURCHASE 0720 TWICSY 978-3028163 MA,"July 19, 2025","August 18, 2025",2061,eStmt_2025-08-18.pdf,"[""07/21/25 PURCHASE   0720 TWICSY 978-3028163  MA -6.10""]"
2025-07-21,07/21/25,-3.50,-350,debit,other_subtractions,VENMO DES:PAYMENT ID:1043622636742 INDN:MOUSTAFA NASR CO ID:3264681992 WEB,07/21/25 VENMO DES:PAYMENT ID:1043622636742 INDN:MOUSTAFA NASR CO ID:3264681992 WEB,"July 19, 2025","August 18, 2025",2061,eStmt_2025-08-18.pdf,"[""07/21/25 VENMO            DES:PAYMENT    ID:1043622636742  INDN:MOUSTAFA NASR           CO"", ""ID:3264681992 WEB-3.50""]"
2025-07-21,07/21/25,-3.13,-313,debit,withdrawals,MOBILE PURCHASE 0720 SQ *BLANK STREET COFFEE Cambridge MA,07/21/25 MOBILE PURCHASE 0720 SQ *BLANK STREET COFFEE Cambridge MA,"July 19, 2025","August 18, 2025",2061,eStmt_2025-08-18.pdf,"[""07/21/25 MOBILE PURCHASE 0720  SQ *BLANK STREET COFFEE Cambridge    MA -3.13""]"
2025-07-21,07/21/25,-2.40,-240,debit,withdrawals,MOBILE PURCHASE 0720 MBTA-550022068179 BOSTON MA,07/21/25 MOBILE PURCHASE 0720 MBTA-550022068179 BOSTON MA,"July 19, 2025","August 18, 2025",2061,eStmt_2025-08-18.pdf,"[""07/21/25 MOBILE PURCHASE 0720  MBTA-550022068179 BOSTON       MA -2.40""]"
2025-07-21,07/21/25,62.11,6211,credit,deposits,CHECKCARD 0718 31586 FUSION GYMS WARMI WARMINSTER PA 7491016520002497368,07/21/25 CHECKCARD 0718 31586 FUSION GYMS WARMI WARMINSTER PA 7491016520002497368,"July 19, 2025","August 18, 2025",2061,eStmt_2025-08-18.pdf,"[""07/21/25 CHECKCARD  0718 31586 FUSION GYMS WARMI WARMINSTER   PA 7491016520002497368 62.11""]"
2025-07-21,07/21/25,100.00,10000,credit,deposits,Online Banking transfer from CHK 3765 Confirmation# 7793030929,07/21/25 Online Banking transfer from CHK 3765 Confirmation# 7793030929,"July 19, 2025","August 18, 2025",2061,eStmt_2025-08-18.pdf,"[""07/21/25 Online Banking transfer from CHK 3765 Confirmation# 7793030929 100.00""]"
2025-07-21,07/21/25,150.00,15000,credit,deposits,Online Banking transfer from CHK 3765 Confirmation# 7494198437,07/21/25 Online Banking transfer from CHK 3765 Confirmation# 7494198437,"July 19, 2025","August 18, 2025",2061,eStmt_2025-08-18.pdf,"[""07/21/25 Online Banking transfer from CHK 3765 Confirmation# 7494198437 150.00""]"
2025-07-22,07/22/25,-6.73,-673,debit,withdrawals,MOBILE PURCHASE 0720 SMASHBURGER - 1725 BOSTON MA,07/22/25 MOBILE PURCHASE 0720 SMASHBURGER - 1725 BOSTON MA,"July 19, 2025","August 18, 2025",2061,eStmt_2025-08-18.pdf,"[""07/22/25 MOBILE PURCHASE 0720  SMASHBURGER - 1725 BOSTON       MA -6.73""]"
2025-07-23,07/23/25,-26.00,-2600,debit,withdrawals,PMNT SENT 0722 APPLE CASH SENT MONEY 1INFINITELOOPCA,07/23/25 PMNT SENT 0722 APPLE CASH SENT MONEY 1INFINITELOOPCA,"July 19, 2025","August 18, 2025",2061,eStmt_2025-08-18.pdf,"[""07/23/25 PMNT SENT  0722 APPLE CASH SENT MONEY 1INFINITELOOPCA -26.00""]"
2025-07-23,07/23/25,-17.01,-1701,debit,withdrawals,PURCHASE 0722 CHE*CHEGG STUDY 855-440-1323 CA,07/23/25 PURCHASE 0722 CHE*CHEGG STUDY 855-440-1323 CA,"July 19, 2025","August 18, 2025",2061,eStmt_2025-08-18.pdf,"[""07/23/25 PURCHASE   0722 CHE*CHEGG STUDY 855-440-1323 CA -17.01""]"
2025-07-23,07/23/25,-15.00,-1500,debit,withdrawals,MOBILE PURCHASE 0722 HEMENWAY GYMNASIUM CAMBRIDGE MA,07/23/25 MOBILE PURCHASE 0722 HEMENWAY GYMNASIUM CAMBRIDGE MA,"July 19, 2025","August 18, 2025",2061,eStmt_2025-08-18.pdf,"[""07/23/25 MOBILE PURCHASE 0722  HEMENWAY GYMNASIUM CAMBRIDGE    MA -15.00""]"
2025-07-23,07/23/25,-6.50,-650,debit,withdrawals,PMNT SENT 0721 APPLE CASH SENT MONEY 1INFINITELOOPCA,07/23/25 PMNT SENT 0721 APPLE CASH SENT MONEY 1INFINITELOOPCA,"July 19, 2025","August 18, 2025",2061,eStmt_2025-08-18.pdf,"[""07/23/25 PMNT SENT  0721 APPLE CASH SENT MONEY 1INFINITELOOPCA -6.50""]"
2025-07-23,07/23/25,-4.53,-453,debit,withdrawals,PURCHASE 0723 GameSeal INTERNET,07/23/25 PURCHASE 0723 GameSeal INTERNET,"July 19, 2025","August 18, 2025",2061,eStmt_2025-08-18.pdf,"[""07/23/25 PURCHASE   0723 GameSeal INTERNET -4.53""]"
2025-07-23,07/23/25,-0.14,-14,debit,service_fees,PURCHASE 0723 GameSeal INTERNET 24871155204106616604226 INTERNATIONAL TRANSACTION FEE,07/23/25 PURCHASE 0723 GameSeal INTERNET 24871155204106616604226 INTERNATIONAL TRANSACTION FEE,"July 19, 2025","August 18, 2025",2061,eStmt_2025-08-18.pdf,"[""07/23/25 PURCHASE   0723 GameSeal INTERNET        24871155204106616604226"", ""INTERNATIONAL TRANSACTION FEE-0.14""]"
2025-07-24,07/24/25,-11.06,-1106,debit,withdrawals,MOBILE PURCHASE 0722 TST*JP LICKS - HARVARD Cambridge MA,07/24/25 MOBILE PURCHASE 0722 TST*JP LICKS - HARVARD Cambridge MA,"July 19, 2025","August 18, 2025",2061,eStmt_2025-08-18.pdf,"[""07/24/25 MOBILE PURCHASE 0722  TST*JP LICKS - HARVARD Cambridge    MA -11.06""]"
2025-07-24,07/24/25,-6.00,-600,debit,other_subtractions,Rocket Money DES:Premium ID:ST-B7I7I8A2H8X6 INDN:ROCKET MONEY INC CO ID:4270465600 CCD,07/24/25 Rocket Money DES:Premium ID:ST-B7I7I8A2H8X6 INDN:ROCKET MONEY INC CO ID:4270465600 CCD,"July 19, 2025","August 18, 2025",2061,eStmt_2025-08-18.pdf,"[""07/24/25 Rocket Money     DES:Premium    ID:ST-B7I7I8A2H8X6  INDN:ROCKET MONEY INC        CO"", ""ID:4270465600 CCD-6.00""]"
2025-07-25,07/25/25,-350.00,-35000,debit,other_subtractions,Online Banking transfer to CHK 3765 Confirmation# 7944566140,07/25/25 Online Banking transfer to CHK 3765 Confirmation# 7944566140,"July 19, 2025","August 18, 2025",2061,eStmt_2025-08-18.pdf,"[""07/25/25 Online Banking transfer to CHK 3765 Confirmation# 7944566140 -350.00""]"
2025-07-25,07/25/25,920.69,92069,credit,deposits,"07872ALL IN ONE DES:PAYROLL ID:XXXXXXXXXA 7272 INDN:NASR, MOUSTAFA CO ID:5300007872 PPD","07/25/25 07872ALL IN ONE DES:PAYROLL ID:XXXXXXXXXA 7272 INDN:NASR, MOUSTAFA CO ID:5300007872 PPD","July 19, 2025","August 18, 2025",2061,eStmt_2025-08-18.pdf,"[""07/25/25 07872ALL IN ONE  DES:PAYROLL    ID:XXXXXXXXXA 7272  INDN:NASR, MOUSTAFA          CO"", ""ID:5300007872 PPD920.69""]"
2025-07-25,07/25/25,920.70,92070,credit,deposits,"07872ALL IN ONE DES:PAYROLL ID:XXXXXXXXXA 7272 INDN:NASR, MOUSTAFA CO ID:5300007872 PPD","07/25/25 07872ALL IN ONE DES:PAYROLL ID:XXXXXXXXXA 7272 INDN:NASR, MOUSTAFA CO ID:5300007872 PPD","July 19, 2025","August 18, 2025",2061,eStmt_2025-08-18.pdf,"[""07/25/25 07872ALL IN ONE  DES:PAYROLL    ID:XXXXXXXXXA 7272  INDN:NASR, MOUSTAFA          CO"", ""ID:5300007872 PPD920.70""]"
2025-07-28,07/28/25,-54.99,-5499,debit,withdrawals,"PURCHASE 0725 PETER PAN BUS LINES, IN 800-237-8747 MA","07/28/25 PURCHASE 0725 PETER PAN BUS LINES, IN 800-237-8747 MA","July 19, 2025","August 18, 2025",2061,eStmt_2025-08-18.pdf,"[""07/28/25 PURCHASE   0725 PETER PAN BUS LINES, IN 800-237-8747 MA -54.99""]"
2025-07-28,07/28/25,-32.00,-3200,debit,withdrawals,PURCHASE 0726 AMAZON RETA* N293C60Y3 WWW.AMAZON.COWA,07/28/25 PURCHASE 0726 AMAZON RETA* N293C60Y3 WWW.AMAZON.COWA,"July 19, 2025","August 18, 2025",2061,eStmt_2025-08-18.pdf,"[""07/28/25 PURCHASE   0726 AMAZON RETA* N293C60Y3 WWW.AMAZON.COWA -32.00""]"
2025-07-28,07/28/25,-19.80,-1980,debit,withdrawals,PURCHASE 0725 NJT RAIL MY-TIX 973-378-6339 NJ,07/28/25 PURCHASE 0725 NJT RAIL MY-TIX 973-378-6339 NJ,"July 19, 2025","August 18, 2025",2061,eStmt_2025-08-18.pdf,"[""07/28/25 PURCHASE   0725 NJT RAIL MY-TIX 973-378-6339 NJ -19.80""]"
2025-07-28,07/28/25,-17.02,-1702,debit,withdrawals,PURCHASE 0727 LYFT *RIDE SAT 12AM LYFT.COM CA,07/28/25 PURCHASE 0727 LYFT *RIDE SAT 12AM LYFT.COM CA,"July 19, 2025","August 18, 2025",2061,eStmt_2025-08-18.pdf,"[""07/28/25 PURCHASE   0727 LYFT   *RIDE SAT 12AM LYFT.COM     CA -17.02""]"
2025-07-28,07/28/25,-14.06,-1406,debit,withdrawals,MOBILE PURCHASE 0727 DOMINO'S 4531 EWING NJ,07/28/25 MOBILE PURCHASE 0727 DOMINO'S 4531 EWING NJ,"July 19, 2025","August 18, 2025",2061,eStmt_2025-08-18.pdf,"[""07/28/25 MOBILE PURCHASE 0727  DOMINO'S 4531 EWING        NJ -14.06""]"
2025-07-28,07/28/25,-11.79,-1179,debit,withdrawals,PURCHASE 0725 LYFT *RIDE FRI 4PM LYFT.COM CA,07/28/25 PURCHASE 0725 LYFT *RIDE FRI 4PM LYFT.COM CA,"July 19, 2025","August 18, 2025",2061,eStmt_2025-08-18.pdf,"[""07/28/25 PURCHASE   0725 LYFT   *RIDE FRI 4PM LYFT.COM     CA -11.79""]"
2025-07-28,07/28/25,-6.39,-639,debit,withdrawals,PURCHASE 0725 SPOTIFY 877-778-1161 NY,07/28/25 PURCHASE 0725 SPOTIFY 877-778-1161 NY,"July 19, 2025","August 18, 2025",2061,eStmt_2025-08-18.pdf,"[""07/28/25 PURCHASE   0725 SPOTIFY 877-778-1161 NY -6.39""]"
2025-07-28,07/28/25,-6.29,-629,debit,withdrawals,PURCHASE 0726 VEO* SUBSCRIPTION VEORIDE.COM CA,07/28/25 PURCHASE 0726 VEO* SUBSCRIPTION VEORIDE.COM CA,"July 19, 2025","August 18, 2025",2061,eStmt_2025-08-18.pdf,"[""07/28/25 PURCHASE   0726 VEO* SUBSCRIPTION VEORIDE.COM  CA -6.29""]"
2025-07-28,07/28/25,-5.64,-564,debit,withdrawals,MOBILE PURCHASE 0725 HAND TOSSED PIZZA NEW YORK NY,07/28/25 MOBILE PURCHASE 0725 HAND TOSSED PIZZA NEW YORK NY,"July 19, 2025","August 18, 2025",2061,eStmt_2025-08-18.pdf,"[""07/28/25 MOBILE PURCHASE 0725  HAND TOSSED PIZZA NEW YORK     NY -5.64""]"
2025-07-28,07/28/25,42.72,4272,credit,deposits,VENMO DES:CASHOUT ID:1043796728876 INDN:MOUSTAFA NASR CO ID:5264681992 PPD,07/28/25 VENMO DES:CASHOUT ID:1043796728876 INDN:MOUSTAFA NASR CO ID:5264681992 PPD,"July 19, 2025","August 18, 2025",2061,eStmt_2025-08-18.pdf,"[""07/28/25 VENMO            DES:CASHOUT    ID:1043796728876  INDN:MOUSTAFA NASR           CO"", ""ID:5264681992 PPD42.72""]"
2025-07-29,07/29/25,-322.00,-32200,debit,other_subtractions,Zelle payment to Dad Conf# p9koec5gq,07/29/25 Zelle payment to Dad Conf# p9koec5gq,"July 19, 2025","August 18, 2025",2061,eStmt_2025-08-18.pdf,"[""07/29/25 Zelle payment to  Dad Conf# p9koec5gq -322.00""]"
2025-07-29,07/29/25,-57.33,-5733,debit,withdrawals,MOBILE PURCHASE 0727 AYAT PRINCETON NJ,07/29/25 MOBILE PURCHASE 0727 AYAT PRINCETON NJ,"July 19, 2025","August 18, 2025",2061,eStmt_2025-08-18.pdf,"[""07/29/25 MOBILE PURCHASE 0727  AYAT PRINCETON    NJ -57.33""]"
2025-07-29,07/29/25,-15.47,-1547,debit,withdrawals,MOBILE PURCHASE 0725 LUXOR CAFE CAMBRIDGE MA,07/29/25 MOBILE PURCHASE 0725 LUXOR CAFE CAMBRIDGE MA,"July 19, 2025","August 18, 2025",2061,eStmt_2025-08-18.pdf,"[""07/29/25 MOBILE PURCHASE 0725  LUXOR CAFE CAMBRIDGE    MA -15.47""]"
2025-07-29,07/29/25,-15.47,-1547,debit,withdrawals,MOBILE PURCHASE 0725 LUXOR CAFE CAMBRIDGE MA,07/29/25 MOBILE PURCHASE 0725 LUXOR CAFE CAMBRIDGE MA,"July 19, 2025","August 18, 2025",2061,eStmt_2025-08-18.pdf,"[""07/29/25 MOBILE PURCHASE 0725  LUXOR CAFE CAMBRIDGE    MA -15.47""]"
2025-07-29,07/29/25,-10.78,-1078,debit,withdrawals,MOBILE PURCHASE 0727 FRUITY YOGURT PRINCETON PRINCETON NJ,07/29/25 MOBILE PURCHASE 0727 FRUITY YOGURT PRINCETON PRINCETON NJ,"July 19, 2025","August 18, 2025",2061,eStmt_2025-08-18.pdf,"[""07/29/25 MOBILE PURCHASE 0727  FRUITY YOGURT PRINCETON PRINCETON    NJ -10.78""]"
2025-07-30,07/30/25,-20.00,-2000,debit,withdrawals,MOBILE PURCHASE 0729 1650 OLD YORK RD GAS ALLENTOWN NJ,07/30/25 MOBILE PURCHASE 0729 1650 OLD YORK RD GAS ALLENTOWN NJ,"July 19, 2025","August 18, 2025",2061,eStmt_2025-08-18.pdf,"[""07/30/25 MOBILE PURCHASE 0729  1650 OLD YORK RD GAS ALLENTOWN    NJ -20.00""]"
2025-07-31,07/31/25,-21.60,-2160,debit,withdrawals,PURCHASE 0730 UBER * EATS San FranciscoCA,07/31/25 PURCHASE 0730 UBER * EATS San FranciscoCA,"July 19, 2025","August 18, 2025",2061,eStmt_2025-08-18.pdf,"[""07/31/25 PURCHASE   0730 UBER   * EATS San FranciscoCA -21.60""]"
2025-07-31,07/31/25,-15.00,-1500,debit,withdrawals,MOBILE PURCHASE 0729 PRINCETON DILLON GYM PRINCETON NJ,07/31/25 MOBILE PURCHASE 0729 PRINCETON DILLON GYM PRINCETON NJ,"July 19, 2025","August 18, 2025",2061,eStmt_2025-08-18.pdf,"[""07/31/25 MOBILE PURCHASE 0729  PRINCETON DILLON GYM PRINCETON    NJ -15.00""]"
2025-07-31,07/31/25,-11.51,-1151,debit,withdrawals,MOBILE PURCHASE 0729 TST*M TEA PRINCETON Princeton NJ,07/31/25 MOBILE PURCHASE 0729 TST*M TEA PRINCETON Princeton NJ,"July 19, 2025","August 18, 2025",2061,eStmt_2025-08-18.pdf,"[""07/31/25 MOBILE PURCHASE 0729  TST*M TEA PRINCETON Princeton    NJ -11.51""]"
2025-07-31,07/31/25,-10.50,-1050,debit,withdrawals,MOBILE PURCHASE 0730 PRINCETON GARDEN THEATE PRINCETON NJ,07/31/25 MOBILE PURCHASE 0730 PRINCETON GARDEN THEATE PRINCETON NJ,"July 19, 2025","August 18, 2025",2061,eStmt_2025-08-18.pdf,"[""07/31/25 MOBILE PURCHASE 0730  PRINCETON GARDEN THEATE PRINCETON    NJ -10.50""]"
2025-08-01,08/01/25,-330.00,-33000,debit,other_subtractions,VENMO DES:PAYMENT ID:1043878010458 INDN:MOUSTAFA NASR CO ID:3264681992 WEB,08/01/25 VENMO DES:PAYMENT ID:1043878010458 INDN:MOUSTAFA NASR CO ID:3264681992 WEB,"July 19, 2025","August 18, 2025",2061,eStmt_2025-08-18.pdf,"[""08/01/25 VENMO            DES:PAYMENT    ID:1043878010458  INDN:MOUSTAFA NASR           CO"", ""ID:3264681992 WEB-330.00""]"
2025-08-01,08/01/25,-120.00,-12000,debit,withdrawals,MOBILE PURCHASE 0731 LINCOLN FINANCIAL FIEL 165-02396947 PA,08/01/25 MOBILE PURCHASE 0731 LINCOLN FINANCIAL FIEL 165-02396947 PA,"July 19, 2025","August 18, 2025",2061,eStmt_2025-08-18.pdf,"[""08/01/25 MOBILE PURCHASE 0731  LINCOLN FINANCIAL FIEL 165-02396947 PA -120.00""]"
2025-08-01,08/01/25,-20.00,-2000,debit,withdrawals,"CHECKCARD 0801 SUNOCO 0768002 PHILADELPHIA PA continued on the next page MOUSTAFA MOHAMED NASR ! Account # 3810 6904 2061 ! July 19, 2025 to August 18, 2025","08/01/25 CHECKCARD 0801 SUNOCO 0768002 PHILADELPHIA PA continued on the next page MOUSTAFA MOHAMED NASR ! Account # 3810 6904 2061 ! July 19, 2025 to August 18, 2025","July 19, 2025","August 18, 2025",2061,eStmt_2025-08-18.pdf,"[""08/01/25 CHECKCARD  0801 SUNOCO 0768002 PHILADELPHIA PA -20.00"", ""continued on the next page"", ""MOUSTAFA MOHAMED NASR   !   Account # 3810 6904 2061   !   July 19, 2025 to August 18, 2025""]"
2025-08-01,08/01/25,920.71,92071,credit,deposits,"07872ALL IN ONE DES:PAYROLL ID:XXXXXXXXXA 7272 INDN:NASR, MOUSTAFA CO ID:5300007872 PPD","08/01/25 07872ALL IN ONE DES:PAYROLL ID:XXXXXXXXXA 7272 INDN:NASR, MOUSTAFA CO ID:5300007872 PPD","July 19, 2025","August 18, 2025",2061,eStmt_2025-08-18.pdf,"[""08/01/25 07872ALL IN ONE  DES:PAYROLL    ID:XXXXXXXXXA 7272  INDN:NASR, MOUSTAFA          CO"", ""ID:5300007872 PPD920.71""]"
2025-08-04,08/04/25,-88.50,-8850,debit,withdrawals,MOBILE PURCHASE 0802 EWING AUTO AND TIRE REP EWING NJ,08/04/25 MOBILE PURCHASE 0802 EWING AUTO AND TIRE REP EWING NJ,"July 19, 2025","August 18, 2025",2061,eStmt_2025-08-18.pdf,"[""08/04/25 MOBILE PURCHASE 0802  EWING AUTO AND TIRE REP EWING        NJ -88.50""]"
2025-08-04,08/04/25,-79.00,-7900,debit,withdrawals,CHECKCARD 0801 ABC*31586-FUSION GYMS 888-8279262 PA 24906415213235153752803 RECURRING,08/04/25 CHECKCARD 0801 ABC*31586-FUSION GYMS 888-8279262 PA 24906415213235153752803 RECURRING,"July 19, 2025","August 18, 2025",2061,eStmt_2025-08-18.pdf,"[""08/04/25 CHECKCARD  0801 ABC*31586-FUSION GYMS 888-8279262  PA 24906415213235153752803"", ""RECURRING-79.00""]"
2025-08-04,08/04/25,-64.97,-6497,debit,withdrawals,MOBILE PURCHASE 0803 KUNYA SIAM THAI RESTAUR ATLANTIC HIGHNJ,08/04/25 MOBILE PURCHASE 0803 KUNYA SIAM THAI RESTAUR ATLANTIC HIGHNJ,"July 19, 2025","August 18, 2025",2061,eStmt_2025-08-18.pdf,"[""08/04/25 MOBILE PURCHASE 0803  KUNYA SIAM THAI RESTAUR ATLANTIC HIGHNJ -64.97""]"
2025-08-04,08/04/25,-45.56,-4556,debit,withdrawals,PURCHASE 0803 WB* ASBURY BEACH WRSTBND.COM LA,08/04/25 PURCHASE 0803 WB* ASBURY BEACH WRSTBND.COM LA,"July 19, 2025","August 18, 2025",2061,eStmt_2025-08-18.pdf,"[""08/04/25 PURCHASE   0803 WB* ASBURY BEACH WRSTBND.COM  LA -45.56""]"
2025-08-04,08/04/25,-41.31,-4131,debit,withdrawals,WALGREENS STOR 08/03 #000259193 MOBILE PURCHASE WALGREENS STORE 9 EWING NJ,08/04/25 WALGREENS STOR 08/03 #000259193 MOBILE PURCHASE WALGREENS STORE 9 EWING NJ,"July 19, 2025","August 18, 2025",2061,eStmt_2025-08-18.pdf,"[""08/04/25 WALGREENS STOR  08/03 #000259193 MOBILE PURCHASE WALGREENS STORE 9  EWING"", ""NJ-41.31""]"
2025-08-04,08/04/25,-30.00,-3000,debit,withdrawals,MOBILE PURCHASE 0803 GULF OIL 91202969 NEPTUNE NJ,08/04/25 MOBILE PURCHASE 0803 GULF OIL 91202969 NEPTUNE NJ,"July 19, 2025","August 18, 2025",2061,eStmt_2025-08-18.pdf,"[""08/04/25 MOBILE PURCHASE 0803  GULF OIL 91202969 NEPTUNE      NJ -30.00""]"
2025-08-04,08/04/25,-30.00,-3000,debit,withdrawals,PMNT SENT 0803 APPLE CASH SENT MONEY 1INFINITELOOPCA,08/04/25 PMNT SENT 0803 APPLE CASH SENT MONEY 1INFINITELOOPCA,"July 19, 2025","August 18, 2025",2061,eStmt_2025-08-18.pdf,"[""08/04/25 PMNT SENT  0803 APPLE CASH SENT MONEY 1INFINITELOOPCA -30.00""]"
2025-08-04,08/04/25,-27.65,-2765,debit,withdrawals,PURCHASE 0804 DD *DOORDASH BUYRITENE DOORDASH.COM/CA,08/04/25 PURCHASE 0804 DD *DOORDASH BUYRITENE DOORDASH.COM/CA,"July 19, 2025","August 18, 2025",2061,eStmt_2025-08-18.pdf,"[""08/04/25 PURCHASE   0804 DD *DOORDASH BUYRITENE DOORDASH.COM/CA -27.65""]"
2025-08-04,08/04/25,-20.00,-2000,debit,withdrawals,PMNT SENT 0801 APPLE CASH SENT MONEY 1INFINITELOOPCA,08/04/25 PMNT SENT 0801 APPLE CASH SENT MONEY 1INFINITELOOPCA,"July 19, 2025","August 18, 2025",2061,eStmt_2025-08-18.pdf,"[""08/04/25 PMNT SENT  0801 APPLE CASH SENT MONEY 1INFINITELOOPCA -20.00""]"
2025-08-04,08/04/25,-19.00,-1900,debit,other_subtractions,Instant Payment; Robinhood Securities Payment Request 20250802021000021P1BRJPM07200292472,08/04/25 Instant Payment; Robinhood Securities Payment Request 20250802021000021P1BRJPM07200292472,"July 19, 2025","August 18, 2025",2061,eStmt_2025-08-18.pdf,"[""08/04/25 Instant Payment; Robinhood Securities  Payment Request"", ""20250802021000021P1BRJPM07200292472-19.00""]"
2025-08-04,08/04/25,-17.89,-1789,debit,withdrawals,PURCHASE 0802 UBER * EATS San FranciscoCA,08/04/25 PURCHASE 0802 UBER * EATS San FranciscoCA,"July 19, 2025","August 18, 2025",2061,eStmt_2025-08-18.pdf,"[""08/04/25 PURCHASE   0802 UBER   * EATS San FranciscoCA -17.89""]"
2025-08-04,08/04/25,-15.99,-1599,debit,withdrawals,MOBILE PURCHASE 0803 SQ *SWEET TOOTH - ASBUR ASBURY PARK NJ,08/04/25 MOBILE PURCHASE 0803 SQ *SWEET TOOTH - ASBUR ASBURY PARK NJ,"July 19, 2025","August 18, 2025",2061,eStmt_2025-08-18.pdf,"[""08/04/25 MOBILE PURCHASE 0803  SQ *SWEET TOOTH - ASBUR ASBURY PARK  NJ -15.99""]"
2025-08-04,08/04/25,-14.62,-1462,debit,withdrawals,PURCHASE 0801 UBER * EATS San FranciscoCA,08/04/25 PURCHASE 0801 UBER * EATS San FranciscoCA,"July 19, 2025","August 18, 2025",2061,eStmt_2025-08-18.pdf,"[""08/04/25 PURCHASE   0801 UBER   * EATS San FranciscoCA -14.62""]"
2025-08-04,08/04/25,-3.59,-359,debit,withdrawals,MOBILE PURCHASE 0803 WAWA 8360 EWING NJ,08/04/25 MOBILE PURCHASE 0803 WAWA 8360 EWING NJ,"July 19, 2025","August 18, 2025",2061,eStmt_2025-08-18.pdf,"[""08/04/25 MOBILE PURCHASE 0803  WAWA 8360 EWING        NJ -3.59""]"
2025-08-04,08/04/25,-3.00,-300,debit,other_subtractions,VENMO DES:PAYMENT ID:1043885734257 INDN:MOUSTAFA NASR CO ID:3264681992 WEB,08/04/25 VENMO DES:PAYMENT ID:1043885734257 INDN:MOUSTAFA NASR CO ID:3264681992 WEB,"July 19, 2025","August 18, 2025",2061,eStmt_2025-08-18.pdf,"[""08/04/25 VENMO            DES:PAYMENT    ID:1043885734257  INDN:MOUSTAFA NASR           CO"", ""ID:3264681992 WEB-3.00""]"
2025-08-05,08/05/25,-120.00,-12000,debit,other_subtractions,ROBINHOOD DES:DEBITS ID:XXXXXXXXX INDN:Moustafa Nasr CO ID:5326394001 WEB,08/05/25 ROBINHOOD DES:DEBITS ID:XXXXXXXXX INDN:Moustafa Nasr CO ID:5326394001 WEB,"July 19, 2025","August 18, 2025",2061,eStmt_2025-08-18.pdf,"[""08/05/25 ROBINHOOD        DES:DEBITS     ID:XXXXXXXXX  INDN:Moustafa Nasr           CO ID:5326394001"", ""WEB-120.00""]"
2025-08-05,08/05/25,-56.51,-5651,debit,withdrawals,CHECKCARD 0805 WM SUPERCENTER HAMILTON NJ,08/05/25 CHECKCARD 0805 WM SUPERCENTER HAMILTON NJ,"July 19, 2025","August 18, 2025",2061,eStmt_2025-08-18.pdf,"[""08/05/25 CHECKCARD  0805 WM SUPERCENTER HAMILTON     NJ -56.51""]"
2025-08-06,08/06/25,-4.99,-499,debit,withdrawals,MOBILE PURCHASE 0805 CRUMBL PRINCETON 180-14101313 UT,08/06/25 MOBILE PURCHASE 0805 CRUMBL PRINCETON 180-14101313 UT,"July 19, 2025","August 18, 2025",2061,eStmt_2025-08-18.pdf,"[""08/06/25 MOBILE PURCHASE 0805  CRUMBL PRINCETON 180-14101313 UT -4.99""]"
2025-08-07,08/07/25,-9.06,-906,debit,withdrawals,MOBILE PURCHASE 0806 CARVEL HOPEWELL OLO#311 PENNINGTON NJ,08/07/25 MOBILE PURCHASE 0806 CARVEL HOPEWELL OLO#311 PENNINGTON NJ,"July 19, 2025","August 18, 2025",2061,eStmt_2025-08-18.pdf,"[""08/07/25 MOBILE PURCHASE 0806  CARVEL HOPEWELL OLO#311 PENNINGTON   NJ -9.06""]"
2025-08-08,08/08/25,-20.00,-2000,debit,withdrawals,PURCHASE 0808 OPENAI *CHATGPT SUBSCR OPENAI.COM CA,08/08/25 PURCHASE 0808 OPENAI *CHATGPT SUBSCR OPENAI.COM CA,"July 19, 2025","August 18, 2025",2061,eStmt_2025-08-18.pdf,"[""08/08/25 PURCHASE   0808 OPENAI *CHATGPT SUBSCR OPENAI.COM   CA -20.00""]"
2025-08-08,08/08/25,-19.54,-1954,debit,withdrawals,PURCHASE 0807 DD *DOORDASH BLAZINCHI 855-973-1040 CA,08/08/25 PURCHASE 0807 DD *DOORDASH BLAZINCHI 855-973-1040 CA,"July 19, 2025","August 18, 2025",2061,eStmt_2025-08-18.pdf,"[""08/08/25 PURCHASE   0807 DD *DOORDASH BLAZINCHI 855-973-1040 CA -19.54""]"
2025-08-08,08/08/25,920.70,92070,credit,deposits,"07872ALL IN ONE DES:PAYROLL ID:XXXXXXXXXA 7272 INDN:NASR, MOUSTAFA CO ID:5300007872 PPD","08/08/25 07872ALL IN ONE DES:PAYROLL ID:XXXXXXXXXA 7272 INDN:NASR, MOUSTAFA CO ID:5300007872 PPD","July 19, 2025","August 18, 2025",2061,eStmt_2025-08-18.pdf,"[""08/08/25 07872ALL IN ONE  DES:PAYROLL    ID:XXXXXXXXXA 7272  INDN:NASR, MOUSTAFA          CO"", ""ID:5300007872 PPD920.70""]"
2025-08-11,08/11/25,-172.00,-17200,debit,other_subtractions,Instant Payment; Robinhood Securities Payment Request 20250811021000021P1BRJPM00880244357,08/11/25 Instant Payment; Robinhood Securities Payment Request 20250811021000021P1BRJPM00880244357,"July 19, 2025","August 18, 2025",2061,eStmt_2025-08-18.pdf,"[""08/11/25 Instant Payment; Robinhood Securities  Payment Request"", ""20250811021000021P1BRJPM00880244357-172.00""]"
2025-08-11,08/11/25,-170.46,-17046,debit,other_subtractions,Dairyland DES:Autopay ID:XXXXXXXXX INDN:MOUSTAFA NASR CO ID:SENTRYINS9 WEB,08/11/25 Dairyland DES:Autopay ID:XXXXXXXXX INDN:MOUSTAFA NASR CO ID:SENTRYINS9 WEB,"July 19, 2025","August 18, 2025",2061,eStmt_2025-08-18.pdf,"[""08/11/25 Dairyland        DES:Autopay    ID:XXXXXXXXX  INDN:MOUSTAFA NASR           CO ID:SENTRYINS9"", ""WEB-170.46""]"
2025-08-11,08/11/25,-90.89,-9089,debit,withdrawals,MOBILE PURCHASE 0808 MEDITERRA 609-2529680 NJ,08/11/25 MOBILE PURCHASE 0808 MEDITERRA 609-2529680 NJ,"July 19, 2025","August 18, 2025",2061,eStmt_2025-08-18.pdf,"[""08/11/25 MOBILE PURCHASE 0808  MEDITERRA 609-2529680  NJ -90.89""]"
2025-08-11,08/11/25,-47.25,-4725,debit,withdrawals,MOBILE PURCHASE 0809 SQ *NOMAD PIZZA LAMBERT New Hope PA,08/11/25 MOBILE PURCHASE 0809 SQ *NOMAD PIZZA LAMBERT New Hope PA,"July 19, 2025","August 18, 2025",2061,eStmt_2025-08-18.pdf,"[""08/11/25 MOBILE PURCHASE 0809  SQ *NOMAD PIZZA LAMBERT New Hope     PA -47.25""]"
2025-08-11,08/11/25,-35.99,-3599,debit,withdrawals,MOBILE PURCHASE 0808 SQ *OOIKA LawrencevilleNJ,08/11/25 MOBILE PURCHASE 0808 SQ *OOIKA LawrencevilleNJ,"July 19, 2025","August 18, 2025",2061,eStmt_2025-08-18.pdf,"[""08/11/25 MOBILE PURCHASE 0808  SQ *OOIKA LawrencevilleNJ -35.99""]"
2025-08-11,08/11/25,-24.00,-2400,debit,withdrawals,PURCHASE 0808 DD *DOORDASH PERSISIND 855-973-1040 CA,08/11/25 PURCHASE 0808 DD *DOORDASH PERSISIND 855-973-1040 CA,"July 19, 2025","August 18, 2025",2061,eStmt_2025-08-18.pdf,"[""08/11/25 PURCHASE   0808 DD *DOORDASH PERSISIND 855-973-1040 CA -24.00""]"
2025-08-11,08/11/25,-16.99,-1699,debit,withdrawals,CHECKCARD 0810 HELLO WORLD Paris 74592725222556100365927,08/11/25 CHECKCARD 0810 HELLO WORLD Paris 74592725222556100365927,"July 19, 2025","August 18, 2025",2061,eStmt_2025-08-18.pdf,"[""08/11/25 CHECKCARD  0810 HELLO WORLD Paris           74592725222556100365927 -16.99""]"
2025-08-11,08/11/25,-15.14,-1514,debit,withdrawals,MOBILE PURCHASE 0810 TST*ARTICHOKE BASILLES New York NY,08/11/25 MOBILE PURCHASE 0810 TST*ARTICHOKE BASILLES New York NY,"July 19, 2025","August 18, 2025",2061,eStmt_2025-08-18.pdf,"[""08/11/25 MOBILE PURCHASE 0810  TST*ARTICHOKE BASILLES New York     NY -15.14""]"
2025-08-11,08/11/25,-13.96,-1396,debit,withdrawals,MOBILE PURCHASE 0808 EMMANUEL BAGEL AND DELI EWING NJ,08/11/25 MOBILE PURCHASE 0808 EMMANUEL BAGEL AND DELI EWING NJ,"July 19, 2025","August 18, 2025",2061,eStmt_2025-08-18.pdf,"[""08/11/25 MOBILE PURCHASE 0808  EMMANUEL BAGEL AND DELI EWING        NJ -13.96""]"
2025-08-11,08/11/25,-11.00,-1100,debit,withdrawals,MOBILE PURCHASE 0809 SQ *BUN HERB SOCIAL CLU New York NY,08/11/25 MOBILE PURCHASE 0809 SQ *BUN HERB SOCIAL CLU New York NY,"July 19, 2025","August 18, 2025",2061,eStmt_2025-08-18.pdf,"[""08/11/25 MOBILE PURCHASE 0809  SQ *BUN HERB SOCIAL CLU New York     NY -11.00""]"
2025-08-11,08/11/25,-10.00,-1000,debit,withdrawals,MOBILE PURCHASE 0810 WAWA 8435 NORTH BRUNSWINJ,08/11/25 MOBILE PURCHASE 0810 WAWA 8435 NORTH BRUNSWINJ,"July 19, 2025","August 18, 2025",2061,eStmt_2025-08-18.pdf,"[""08/11/25 MOBILE PURCHASE 0810  WAWA 8435 NORTH BRUNSWINJ -10.00""]"
2025-08-11,08/11/25,-8.17,-817,debit,withdrawals,MOBILE PURCHASE 0809 SQ *LAZY SUNDAES GREENW New York NY,08/11/25 MOBILE PURCHASE 0809 SQ *LAZY SUNDAES GREENW New York NY,"July 19, 2025","August 18, 2025",2061,eStmt_2025-08-18.pdf,"[""08/11/25 MOBILE PURCHASE 0809  SQ *LAZY SUNDAES GREENW New York     NY -8.17""]"
2025-08-11,08/11/25,-7.57,-757,debit,withdrawals,MOBILE PURCHASE 0810 TST*ARTICHOKE BASILLES New York NY,08/11/25 MOBILE PURCHASE 0810 TST*ARTICHOKE BASILLES New York NY,"July 19, 2025","August 18, 2025",2061,eStmt_2025-08-18.pdf,"[""08/11/25 MOBILE PURCHASE 0810  TST*ARTICHOKE BASILLES New York     NY -7.57""]"
2025-08-11,08/11/25,-7.00,-700,debit,other_subtractions,Zelle payment to chase Conf# ms561wx4w,08/11/25 Zelle payment to chase Conf# ms561wx4w,"July 19, 2025","August 18, 2025",2061,eStmt_2025-08-18.pdf,"[""08/11/25 Zelle payment to  chase Conf# ms561wx4w -7.00""]"
2025-08-11,08/11/25,-6.00,-600,debit,withdrawals,"MOBILE PURCHASE 0810 WAWA 8435 NORTH BRUNSWINJ continued on the next page MOUSTAFA MOHAMED NASR ! Account # 3810 6904 2061 ! July 19, 2025 to August 18, 2025","08/11/25 MOBILE PURCHASE 0810 WAWA 8435 NORTH BRUNSWINJ continued on the next page MOUSTAFA MOHAMED NASR ! Account # 3810 6904 2061 ! July 19, 2025 to August 18, 2025","July 19, 2025","August 18, 2025",2061,eStmt_2025-08-18.pdf,"[""08/11/25 MOBILE PURCHASE 0810  WAWA 8435 NORTH BRUNSWINJ -6.00"", ""continued on the next page"", ""MOUSTAFA MOHAMED NASR   !   Account # 3810 6904 2061   !   July 19, 2025 to August 18, 2025""]"
2025-08-11,08/11/25,-5.00,-500,debit,other_subtractions,"Instant Payment; Robinhood Securities Payment Request 20250811021000021P1BRJPM04160245332 continued on the next page MOUSTAFA MOHAMED NASR ! Account # 3810 6904 2061 ! July 19, 2025 to August 18, 2025","08/11/25 Instant Payment; Robinhood Securities Payment Request 20250811021000021P1BRJPM04160245332 continued on the next page MOUSTAFA MOHAMED NASR ! Account # 3810 6904 2061 ! July 19, 2025 to August 18, 2025","July 19, 2025","August 18, 2025",2061,eStmt_2025-08-18.pdf,"[""08/11/25 Instant Payment; Robinhood Securities  Payment Request"", ""20250811021000021P1BRJPM04160245332-5.00"", ""continued on the next page"", ""MOUSTAFA MOHAMED NASR   !   Account # 3810 6904 2061   !   July 19, 2025 to August 18, 2025""]"
2025-08-11,08/11/25,-3.00,-300,debit,other_subtractions,VENMO DES:PAYMENT ID:1044087063826 INDN:MOUSTAFA NASR CO ID:3264681992 WEB,08/11/25 VENMO DES:PAYMENT ID:1044087063826 INDN:MOUSTAFA NASR CO ID:3264681992 WEB,"July 19, 2025","August 18, 2025",2061,eStmt_2025-08-18.pdf,"[""08/11/25 VENMO            DES:PAYMENT    ID:1044087063826  INDN:MOUSTAFA NASR           CO"", ""ID:3264681992 WEB-3.00""]"
2025-08-11,08/11/25,-1.60,-160,debit,withdrawals,MOBILE PURCHASE 0808 SQ *BBS FOODS EFES CAFE New BrunswickNJ,08/11/25 MOBILE PURCHASE 0808 SQ *BBS FOODS EFES CAFE New BrunswickNJ,"July 19, 2025","August 18, 2025",2061,eStmt_2025-08-18.pdf,"[""08/11/25 MOBILE PURCHASE 0808  SQ *BBS FOODS EFES CAFE New BrunswickNJ -1.60""]"
2025-08-12,08/12/25,-120.00,-12000,debit,other_subtractions,ROBINHOOD DES:DEBITS ID:XXXXXXXXX INDN:Moustafa Nasr CO ID:5326394001 WEB,08/12/25 ROBINHOOD DES:DEBITS ID:XXXXXXXXX INDN:Moustafa Nasr CO ID:5326394001 WEB,"July 19, 2025","August 18, 2025",2061,eStmt_2025-08-18.pdf,"[""08/12/25 ROBINHOOD        DES:DEBITS     ID:XXXXXXXXX  INDN:Moustafa Nasr           CO ID:5326394001"", ""WEB-120.00""]"
2025-08-12,08/12/25,-85.00,-8500,debit,withdrawals,PMNT SENT 0812 CASH APP*MOUSTAFA NASR* Oakland CA 48290852240464509764510,08/12/25 PMNT SENT 0812 CASH APP*MOUSTAFA NASR* Oakland CA 48290852240464509764510,"July 19, 2025","August 18, 2025",2061,eStmt_2025-08-18.pdf,"[""08/12/25 PMNT SENT  0812 CASH APP*MOUSTAFA NASR* Oakland      CA 48290852240464509764510 -85.00""]"
2025-08-12,08/12/25,-52.81,-5281,debit,withdrawals,MOBILE PURCHASE 0811 WAWA 8419 MAPLE SHADE NJ,08/12/25 MOBILE PURCHASE 0811 WAWA 8419 MAPLE SHADE NJ,"July 19, 2025","August 18, 2025",2061,eStmt_2025-08-18.pdf,"[""08/12/25 MOBILE PURCHASE 0811  WAWA 8419 MAPLE SHADE  NJ -52.81""]"
2025-08-12,08/12/25,-12.33,-1233,debit,withdrawals,PURCHASE 0811 DD *DOORDASH WAWA 855-973-1040 CA,08/12/25 PURCHASE 0811 DD *DOORDASH WAWA 855-973-1040 CA,"July 19, 2025","August 18, 2025",2061,eStmt_2025-08-18.pdf,"[""08/12/25 PURCHASE   0811 DD *DOORDASH WAWA 855-973-1040 CA -12.33""]"
2025-08-12,08/12/25,-3.99,-399,debit,withdrawals,MOBILE PURCHASE 0811 WAWA 452 CAPE MAY NJ,08/12/25 MOBILE PURCHASE 0811 WAWA 452 CAPE MAY NJ,"July 19, 2025","August 18, 2025",2061,eStmt_2025-08-18.pdf,"[""08/12/25 MOBILE PURCHASE 0811  WAWA 452 CAPE MAY     NJ -3.99""]"
2025-08-15,08/15/25,920.70,92070,credit,deposits,"07872ALL IN ONE DES:PAYROLL ID:XXXXXXXXXA 7272 INDN:NASR, MOUSTAFA CO ID:5300007872 PPD","08/15/25 07872ALL IN ONE DES:PAYROLL ID:XXXXXXXXXA 7272 INDN:NASR, MOUSTAFA CO ID:5300007872 PPD","July 19, 2025","August 18, 2025",2061,eStmt_2025-08-18.pdf,"[""08/15/25 07872ALL IN ONE  DES:PAYROLL    ID:XXXXXXXXXA 7272  INDN:NASR, MOUSTAFA          CO"", ""ID:5300007872 PPD920.70""]"
2025-08-18,08/18/25,-152.42,-15242,debit,withdrawals,MOBILE PURCHASE 0817 Hudson Yards NYC New York NY,08/18/25 MOBILE PURCHASE 0817 Hudson Yards NYC New York NY,"July 19, 2025","August 18, 2025",2061,eStmt_2025-08-18.pdf,"[""08/18/25 MOBILE PURCHASE 0817  Hudson Yards NYC New York     NY -152.42""]"
2025-08-18,08/18/25,-115.83,-11583,debit,withdrawals,MOBILE PURCHASE 0817 TST* TACO CABALLITO TEQ CAPE MAY NJ,08/18/25 MOBILE PURCHASE 0817 TST* TACO CABALLITO TEQ CAPE MAY NJ,"July 19, 2025","August 18, 2025",2061,eStmt_2025-08-18.pdf,"[""08/18/25 MOBILE PURCHASE 0817  TST* TACO CABALLITO TEQ CAPE MAY     NJ -115.83""]"
2025-08-18,08/18/25,-39.94,-3994,debit,withdrawals,MOBILE PURCHASE 0816 AVALON COFFEE EGG HARBOR TONJ,08/18/25 MOBILE PURCHASE 0816 AVALON COFFEE EGG HARBOR TONJ,"July 19, 2025","August 18, 2025",2061,eStmt_2025-08-18.pdf,"[""08/18/25 MOBILE PURCHASE 0816  AVALON COFFEE EGG HARBOR TONJ -39.94""]"
2025-08-18,08/18/25,-17.96,-1796,debit,withdrawals,MOBILE PURCHASE 0817 QAMARIA COFFEE - MANHAT NEW YORK NY,08/18/25 MOBILE PURCHASE 0817 QAMARIA COFFEE - MANHAT NEW YORK NY,"July 19, 2025","August 18, 2025",2061,eStmt_2025-08-18.pdf,"[""08/18/25 MOBILE PURCHASE 0817  QAMARIA COFFEE - MANHAT NEW YORK     NY -17.96""]"
2025-08-18,08/18/25,-13.29,-1329,debit,withdrawals,PURCHASE 0817 CITIBIK*RIDE LYFT.COM CA,08/18/25 PURCHASE 0817 CITIBIK*RIDE LYFT.COM CA,"July 19, 2025","August 18, 2025",2061,eStmt_2025-08-18.pdf,"[""08/18/25 PURCHASE   0817 CITIBIK*RIDE LYFT.COM     CA -13.29""]"
2025-08-18,08/18/25,-11.23,-1123,debit,withdrawals,PURCHASE 0817 LYFT *CITI BIKE RIDE LYFT.COM CA,08/18/25 PURCHASE 0817 LYFT *CITI BIKE RIDE LYFT.COM CA,"July 19, 2025","August 18, 2025",2061,eStmt_2025-08-18.pdf,"[""08/18/25 PURCHASE   0817 LYFT   *CITI BIKE RIDE LYFT.COM     CA -11.23""]"
2025-08-18,08/18/25,-4.67,-467,debit,withdrawals,MOBILE PURCHASE 0817 HEAVENLY MARKET 10TH AV NEW YORK NY,08/18/25 MOBILE PURCHASE 0817 HEAVENLY MARKET 10TH AV NEW YORK NY,"July 19, 2025","August 18, 2025",2061,eStmt_2025-08-18.pdf,"[""08/18/25 MOBILE PURCHASE 0817  HEAVENLY MARKET 10TH AV NEW YORK     NY -4.67""]"
2025-08-18,08/18/25,-3.27,-327,debit,withdrawals,MOBILE PURCHASE 0817 99 CENTS DELICIOUS PIZZ NEW YORK NY,08/18/25 MOBILE PURCHASE 0817 99 CENTS DELICIOUS PIZZ NEW YORK NY,"July 19, 2025","August 18, 2025",2061,eStmt_2025-08-18.pdf,"[""08/18/25 MOBILE PURCHASE 0817  99 CENTS DELICIOUS PIZZ NEW YORK     NY -3.27""]"
2025-08-18,08/18/25,8.00,800,credit,deposits,"Zelle payment from AHMED MOHAMED for ""smoothie""; Conf# 99bjtqp2d","08/18/25 Zelle payment from AHMED MOHAMED for ""smoothie""; Conf# 99bjtqp2d","July 19, 2025","August 18, 2025",2061,eStmt_2025-08-18.pdf,"[""08/18/25 Zelle payment from  AHMED MOHAMED for \""smoothie\""; Conf# 99bjtqp2d 8.00""]"
2025-08-18,08/18/25,23.00,2300,credit,deposits,"Zelle payment from AHMED MOHAMED for ""diner""; Conf# 99bjwimiu","08/18/25 Zelle payment from AHMED MOHAMED for ""diner""; Conf# 99bjwimiu","July 19, 2025","August 18, 2025",2061,eStmt_2025-08-18.pdf,"[""08/18/25 Zelle payment from  AHMED MOHAMED for \""diner\""; Conf# 99bjwimiu 23.00""]"
2025-08-18,08/18/25,30.00,3000,credit,deposits,Zelle payment from CHRISTOPER M PANNELLI Conf# AA0Tsf39m,08/18/25 Zelle payment from CHRISTOPER M PANNELLI Conf# AA0Tsf39m,"July 19, 2025","August 18, 2025",2061,eStmt_2025-08-18.pdf,"[""08/18/25 Zelle payment from CHRISTOPER M PANNELLI Conf# AA0Tsf39m 30.00""]"
2025-08-18,08/18/25,89.00,8900,credit,deposits,"Zelle payment from AHMED MOHAMED for ""nyc""; Conf# 99bjt6wzz","08/18/25 Zelle payment from AHMED MOHAMED for ""nyc""; Conf# 99bjt6wzz","July 19, 2025","August 18, 2025",2061,eStmt_2025-08-18.pdf,"[""08/18/25 Zelle payment from  AHMED MOHAMED for \""nyc\""; Conf# 99bjt6wzz 89.00""]"
2025-08-19,08/19/25,-125.32,-12532,debit,withdrawals,MOBILE PURCHASE 0817 PEAK RESTAURANT 917-6985904 NY,08/19/25 MOBILE PURCHASE 0817 PEAK RESTAURANT 917-6985904 NY,"August 19, 2025","September 17, 2025",2061,eStmt_2025-09-17.pdf,"[""08/19/25 MOBILE PURCHASE 0817  PEAK RESTAURANT 917-6985904  NY -125.32""]"
2025-08-19,08/19/25,-120.00,-12000,debit,other_subtractions,ROBINHOOD DES:DEBITS ID:XXXXXXXXX INDN:Moustafa Nasr CO ID:5326394001 WEB,08/19/25 ROBINHOOD DES:DEBITS ID:XXXXXXXXX INDN:Moustafa Nasr CO ID:5326394001 WEB,"August 19, 2025","September 17, 2025",2061,eStmt_2025-09-17.pdf,"[""08/19/25 ROBINHOOD        DES:DEBITS     ID:XXXXXXXXX  INDN:Moustafa Nasr           CO ID:5326394001"", ""WEB-120.00""]"
2025-08-19,08/19/25,-30.00,-3000,debit,withdrawals,MOBILE PURCHASE 0818 WAWA 8349 FAIRFIELD NJ,08/19/25 MOBILE PURCHASE 0818 WAWA 8349 FAIRFIELD NJ,"August 19, 2025","September 17, 2025",2061,eStmt_2025-09-17.pdf,"[""08/19/25 MOBILE PURCHASE 0818  WAWA 8349 FAIRFIELD    NJ -30.00""]"
2025-08-19,08/19/25,-15.33,-1533,debit,withdrawals,MOBILE PURCHASE 0818 QUINCYS ORIGINAL LOBSTE CAPE MAY NJ,08/19/25 MOBILE PURCHASE 0818 QUINCYS ORIGINAL LOBSTE CAPE MAY NJ,"August 19, 2025","September 17, 2025",2061,eStmt_2025-09-17.pdf,"[""08/19/25 MOBILE PURCHASE 0818  QUINCYS ORIGINAL LOBSTE CAPE MAY     NJ -15.33""]"
2025-08-19,08/19/25,-12.96,-1296,debit,withdrawals,MOBILE PURCHASE 0817 TST*WASABI SUSHI & BENT New York NY,08/19/25 MOBILE PURCHASE 0817 TST*WASABI SUSHI & BENT New York NY,"August 19, 2025","September 17, 2025",2061,eStmt_2025-09-17.pdf,"[""08/19/25 MOBILE PURCHASE 0817  TST*WASABI SUSHI & BENT New York     NY -12.96""]"
2025-08-19,08/19/25,-2.90,-290,debit,withdrawals,MOBILE PURCHASE 0817 MTA*NYCT PAYGO NEW YORK NY,08/19/25 MOBILE PURCHASE 0817 MTA*NYCT PAYGO NEW YORK NY,"August 19, 2025","September 17, 2025",2061,eStmt_2025-09-17.pdf,"[""08/19/25 MOBILE PURCHASE 0817  MTA*NYCT PAYGO NEW YORK     NY -2.90""]"
2025-08-21,08/21/25,-43.00,-4300,debit,other_subtractions,"Zelle payment to Ahmed Rutgers Conf# j2ll4akur continued on the next page MOUSTAFA MOHAMED NASR ! Account # 3810 6904 2061 ! August 19, 2025 to September 17, 2025","08/21/25 Zelle payment to Ahmed Rutgers Conf# j2ll4akur continued on the next page MOUSTAFA MOHAMED NASR ! Account # 3810 6904 2061 ! August 19, 2025 to September 17, 2025","August 19, 2025","September 17, 2025",2061,eStmt_2025-09-17.pdf,"[""08/21/25 Zelle payment to  Ahmed Rutgers Conf# j2ll4akur -43.00"", ""continued on the next page"", ""MOUSTAFA MOHAMED NASR   !   Account # 3810 6904 2061   !   August 19, 2025 to September 17, 2025""]"
2025-08-21,08/21/25,33.00,3300,credit,deposits,"Zelle payment from DARREN WU for ""ticket""; Conf# 99bk8iq4j","08/21/25 Zelle payment from DARREN WU for ""ticket""; Conf# 99bk8iq4j","August 19, 2025","September 17, 2025",2061,eStmt_2025-09-17.pdf,"[""08/21/25 Zelle payment from  DARREN WU for \""ticket\""; Conf# 99bk8iq4j 33.00""]"
2025-08-25,08/25/25,-97.50,-9750,debit,withdrawals,BUFFALO EXCHAN 08/25 #000529944 MOBILE PURCHASE BUFFALO EXCHANGE BROOKLYN NY,08/25/25 BUFFALO EXCHAN 08/25 #000529944 MOBILE PURCHASE BUFFALO EXCHANGE BROOKLYN NY,"August 19, 2025","September 17, 2025",2061,eStmt_2025-09-17.pdf,"[""08/25/25 BUFFALO EXCHAN  08/25 #000529944 MOBILE PURCHASE BUFFALO EXCHANGE   BROOKLYN"", ""NY-97.50""]"
2025-08-25,08/25/25,-18.99,-1899,debit,withdrawals,PURCHASE 0822 LYFT *RIDE THU 1PM LYFT.COM CA,08/25/25 PURCHASE 0822 LYFT *RIDE THU 1PM LYFT.COM CA,"August 19, 2025","September 17, 2025",2061,eStmt_2025-09-17.pdf,"[""08/25/25 PURCHASE   0822 LYFT   *RIDE THU 1PM LYFT.COM     CA -18.99""]"
2025-08-25,08/25/25,-6.39,-639,debit,withdrawals,MOBILE PURCHASE 0823 WAWA 452 CAPE MAY NJ,08/25/25 MOBILE PURCHASE 0823 WAWA 452 CAPE MAY NJ,"August 19, 2025","September 17, 2025",2061,eStmt_2025-09-17.pdf,"[""08/25/25 MOBILE PURCHASE 0823  WAWA 452 CAPE MAY     NJ -6.39""]"
2025-08-25,08/25/25,-6.00,-600,debit,other_subtractions,Rocket Money DES:Premium ID:ST-Y5B5I4S9K8J8 INDN:ROCKET MONEY INC CO ID:4270465600 CCD,08/25/25 Rocket Money DES:Premium ID:ST-Y5B5I4S9K8J8 INDN:ROCKET MONEY INC CO ID:4270465600 CCD,"August 19, 2025","September 17, 2025",2061,eStmt_2025-09-17.pdf,"[""08/25/25 Rocket Money     DES:Premium    ID:ST-Y5B5I4S9K8J8  INDN:ROCKET MONEY INC        CO"", ""ID:4270465600 CCD-6.00""]"
2025-08-25,08/25/25,-5.52,-552,debit,withdrawals,PURCHASE 0823 UNRWAUSA.ORG UNRWAUSA.ORG DC,08/25/25 PURCHASE 0823 UNRWAUSA.ORG UNRWAUSA.ORG DC,"August 19, 2025","September 17, 2025",2061,eStmt_2025-09-17.pdf,"[""08/25/25 PURCHASE   0823 UNRWAUSA.ORG UNRWAUSA.ORG DC -5.52""]"
2025-08-26,08/26/25,-120.00,-12000,debit,other_subtractions,ROBINHOOD DES:DEBITS ID:XXXXXXXXX INDN:Moustafa Nasr CO ID:5326394001 WEB,08/26/25 ROBINHOOD DES:DEBITS ID:XXXXXXXXX INDN:Moustafa Nasr CO ID:5326394001 WEB,"August 19, 2025","September 17, 2025",2061,eStmt_2025-09-17.pdf,"[""08/26/25 ROBINHOOD        DES:DEBITS     ID:XXXXXXXXX  INDN:Moustafa Nasr           CO ID:5326394001"", ""WEB-120.00""]"
2025-08-26,08/26/25,-20.00,-2000,debit,withdrawals,CHECKCARD 0825 RUTGERS UNIVERSITY 848-4453500 NJ 24789305237311702914959,08/26/25 CHECKCARD 0825 RUTGERS UNIVERSITY 848-4453500 NJ 24789305237311702914959,"August 19, 2025","September 17, 2025",2061,eStmt_2025-09-17.pdf,"[""08/26/25 CHECKCARD  0825 RUTGERS UNIVERSITY 848-4453500  NJ 24789305237311702914959 -20.00""]"
2025-08-26,08/26/25,-12.77,-1277,debit,withdrawals,7-ELEVEN 08/26 #000867648 MOBILE PURCHASE 7-ELEVEN New Brunswick NJ,08/26/25 7-ELEVEN 08/26 #000867648 MOBILE PURCHASE 7-ELEVEN New Brunswick NJ,"August 19, 2025","September 17, 2025",2061,eStmt_2025-09-17.pdf,"[""08/26/25 7-ELEVEN        08/26 #000867648 MOBILE PURCHASE 7-ELEVEN           New Brunswick NJ -12.77""]"
2025-08-26,08/26/25,-10.64,-1064,debit,withdrawals,MOBILE PURCHASE 0825 DUNKIN #337947 Q35 NEW BRUNSWICKNJ,08/26/25 MOBILE PURCHASE 0825 DUNKIN #337947 Q35 NEW BRUNSWICKNJ,"August 19, 2025","September 17, 2025",2061,eStmt_2025-09-17.pdf,"[""08/26/25 MOBILE PURCHASE 0825  DUNKIN #337947 Q35 NEW BRUNSWICKNJ -10.64""]"
2025-08-26,08/26/25,-6.39,-639,debit,withdrawals,PURCHASE 0825 Spotify P39E19703F New York NY,08/26/25 PURCHASE 0825 Spotify P39E19703F New York NY,"August 19, 2025","September 17, 2025",2061,eStmt_2025-09-17.pdf,"[""08/26/25 PURCHASE   0825 Spotify P39E19703F New York     NY -6.39""]"
2025-08-26,08/26/25,800.43,80043,credit,withdrawals,"MOBILE PURCHASE 0825 REDWOODFLORIST NEW BRUNSWICKNJ -9.06 continued on the next page Statements in Spanish? We can do that for you! Call 2.1000 or visit your nearest financial center. Exclusions apply. Not available for Commercial, Merrill, Private Bank and Small Business accounts. MOUSTAFA MOHAMED NASR ! Account # 3810 6904 2061 ! August 19, 2025 to September 17, 2025","08/26/25 MOBILE PURCHASE 0825 REDWOODFLORIST NEW BRUNSWICKNJ -9.06 continued on the next page Statements in Spanish? We can do that for you! Call 2.1000 or visit your nearest financial center. Exclusions apply. Not available for Commercial, Merrill, Private Bank and Small Business accounts. MOUSTAFA MOHAMED NASR ! Account # 3810 6904 2061 ! August 19, 2025 to September 17, 2025","August 19, 2025","September 17, 2025",2061,eStmt_2025-09-17.pdf,"[""08/26/25 MOBILE PURCHASE 0825  REDWOODFLORIST NEW BRUNSWICKNJ -9.06"", ""continued on the next page"", ""Statements in Spanish? We can do that for you!"", ""Call 800.432.1000 or visit your nearest financial center."", ""Exclusions apply. Not available for Commercial, Merrill, Private Bank and Small Business accounts."", ""MOUSTAFA MOHAMED NASR   !   Account # 3810 6904 2061   !   August 19, 2025 to September 17, 2025""]"
2025-08-27,08/27/25,-208.77,-20877,debit,withdrawals,MOBILE PURCHASE 0826 TST* STARR - LA MERCERI NEW YORK NY,08/27/25 MOBILE PURCHASE 0826 TST* STARR - LA MERCERI NEW YORK NY,"August 19, 2025","September 17, 2025",2061,eStmt_2025-09-17.pdf,"[""08/27/25 MOBILE PURCHASE 0826  TST* STARR - LA MERCERI NEW YORK     NY -208.77""]"
2025-08-27,08/27/25,-14.92,-1492,debit,withdrawals,7-ELEVEN 08/27 #000979736 MOBILE PURCHASE 7-ELEVEN New Brunswick NJ,08/27/25 7-ELEVEN 08/27 #000979736 MOBILE PURCHASE 7-ELEVEN New Brunswick NJ,"August 19, 2025","September 17, 2025",2061,eStmt_2025-09-17.pdf,"[""08/27/25 7-ELEVEN        08/27 #000979736 MOBILE PURCHASE 7-ELEVEN           New Brunswick NJ -14.92""]"
2025-08-27,08/27/25,-6.51,-651,debit,withdrawals,MOBILE PURCHASE 0825 INSOMNIA COOKIES-MORNI NEW YORK NY,08/27/25 MOBILE PURCHASE 0825 INSOMNIA COOKIES-MORNI NEW YORK NY,"August 19, 2025","September 17, 2025",2061,eStmt_2025-09-17.pdf,"[""08/27/25 MOBILE PURCHASE 0825  INSOMNIA COOKIES-MORNI NEW YORK     NY -6.51""]"
2025-08-27,08/27/25,-5.81,-581,debit,withdrawals,7-ELEVEN 08/27 #000527065 MOBILE PURCHASE 7-ELEVEN New Brunswick NJ,08/27/25 7-ELEVEN 08/27 #000527065 MOBILE PURCHASE 7-ELEVEN New Brunswick NJ,"August 19, 2025","September 17, 2025",2061,eStmt_2025-09-17.pdf,"[""08/27/25 7-ELEVEN        08/27 #000527065 MOBILE PURCHASE 7-ELEVEN           New Brunswick NJ -5.81""]"
2025-08-27,08/27/25,-2.90,-290,debit,withdrawals,MOBILE PURCHASE 0825 MTA*NYCT PAYGO NEW YORK NY,08/27/25 MOBILE PURCHASE 0825 MTA*NYCT PAYGO NEW YORK NY,"August 19, 2025","September 17, 2025",2061,eStmt_2025-09-17.pdf,"[""08/27/25 MOBILE PURCHASE 0825  MTA*NYCT PAYGO NEW YORK     NY -2.90""]"
2025-08-27,08/27/25,-2.90,-290,debit,withdrawals,MOBILE PURCHASE 0825 MTA*NYCT PAYGO NEW YORK NY,08/27/25 MOBILE PURCHASE 0825 MTA*NYCT PAYGO NEW YORK NY,"August 19, 2025","September 17, 2025",2061,eStmt_2025-09-17.pdf,"[""08/27/25 MOBILE PURCHASE 0825  MTA*NYCT PAYGO NEW YORK     NY -2.90""]"
2025-08-29,08/29/25,-17.06,-1706,debit,withdrawals,MOBILE PURCHASE 0827 TST*GUAC TIME - NEW BRU NEW BRUNSWICKNJ,08/29/25 MOBILE PURCHASE 0827 TST*GUAC TIME - NEW BRU NEW BRUNSWICKNJ,"August 19, 2025","September 17, 2025",2061,eStmt_2025-09-17.pdf,"[""08/29/25 MOBILE PURCHASE 0827  TST*GUAC TIME - NEW BRU NEW BRUNSWICKNJ -17.06""]"
2025-09-02,09/02/25,-79.99,-7999,debit,withdrawals,WALGREENS STOR 09/01 #000017331 MOBILE PURCHASE WALGREENS STORE 2 NEW BRUNSWICK NJ,09/02/25 WALGREENS STOR 09/01 #000017331 MOBILE PURCHASE WALGREENS STORE 2 NEW BRUNSWICK NJ,"August 19, 2025","September 17, 2025",2061,eStmt_2025-09-17.pdf,"[""09/02/25 WALGREENS STOR  09/01 #000017331 MOBILE PURCHASE WALGREENS STORE 2  NEW"", ""BRUNSWICK NJ-79.99""]"
2025-09-02,09/02/25,-79.00,-7900,debit,withdrawals,CHECKCARD 0901 ABC*31586-FUSION GYMS 888-8279262 PA 24906415244237523624566 RECURRING,09/02/25 CHECKCARD 0901 ABC*31586-FUSION GYMS 888-8279262 PA 24906415244237523624566 RECURRING,"August 19, 2025","September 17, 2025",2061,eStmt_2025-09-17.pdf,"[""09/02/25 CHECKCARD  0901 ABC*31586-FUSION GYMS 888-8279262  PA 24906415244237523624566"", ""RECURRING-79.00""]"
2025-09-02,09/02/25,-11.14,-1114,debit,withdrawals,PURCHASE 0902 AMAZON RETA* TW9A61V13 WWW.AMAZON.COWA,09/02/25 PURCHASE 0902 AMAZON RETA* TW9A61V13 WWW.AMAZON.COWA,"August 19, 2025","September 17, 2025",2061,eStmt_2025-09-17.pdf,"[""09/02/25 PURCHASE   0902 AMAZON RETA* TW9A61V13 WWW.AMAZON.COWA -11.14""]"
2025-09-02,09/02/25,320.81,32081,credit,deposits,BKOFAMERICA MOBILE 09/01 3628400195 DEPOSIT *MOBILE NJ,09/02/25 BKOFAMERICA MOBILE 09/01 3628400195 DEPOSIT *MOBILE NJ,"August 19, 2025","September 17, 2025",2061,eStmt_2025-09-17.pdf,"[""09/02/25 BKOFAMERICA MOBILE 09/01 3628400195 DEPOSIT                    *MOBILE       NJ 320.81""]"
2025-09-03,09/03/25,-172.64,-17264,debit,withdrawals,CHECKCARD 0902 HARRISONBURG ROCKINGHAM 540-5643135 VA 24755425246732460348848,09/03/25 CHECKCARD 0902 HARRISONBURG ROCKINGHAM 540-5643135 VA 24755425246732460348848,"August 19, 2025","September 17, 2025",2061,eStmt_2025-09-17.pdf,"[""09/03/25 CHECKCARD  0902 HARRISONBURG ROCKINGHAM 540-5643135  VA"", ""24755425246732460348848-172.64""]"
2025-09-03,09/03/25,-120.00,-12000,debit,other_subtractions,ROBINHOOD DES:DEBITS ID:XXXXXXXXX INDN:Moustafa Nasr CO ID:5326394001 WEB,09/03/25 ROBINHOOD DES:DEBITS ID:XXXXXXXXX INDN:Moustafa Nasr CO ID:5326394001 WEB,"August 19, 2025","September 17, 2025",2061,eStmt_2025-09-17.pdf,"[""09/03/25 ROBINHOOD        DES:DEBITS     ID:XXXXXXXXX  INDN:Moustafa Nasr           CO ID:5326394001"", ""WEB-120.00""]"
2025-09-03,09/03/25,-9.99,-999,debit,withdrawals,PURCHASE 0902 DD *DOORDASHDASHPASS DOORDASH.COM CA,09/03/25 PURCHASE 0902 DD *DOORDASHDASHPASS DOORDASH.COM CA,"August 19, 2025","September 17, 2025",2061,eStmt_2025-09-17.pdf,"[""09/03/25 PURCHASE   0902 DD *DOORDASHDASHPASS DOORDASH.COM CA -9.99""]"
2025-09-04,09/04/25,-30.00,-3000,debit,withdrawals,PMNT SENT 0903 APPLE CASH BALANCE ADD 1INFINITELOOPCA,09/04/25 PMNT SENT 0903 APPLE CASH BALANCE ADD 1INFINITELOOPCA,"August 19, 2025","September 17, 2025",2061,eStmt_2025-09-17.pdf,"[""09/04/25 PMNT SENT  0903 APPLE CASH BALANCE ADD 1INFINITELOOPCA -30.00""]"
2025-09-04,09/04/25,-8.10,-810,debit,withdrawals,MOBILE PURCHASE 0904 SNACK* AKIHI BUBBLE TE 186-68682146 CA,09/04/25 MOBILE PURCHASE 0904 SNACK* AKIHI BUBBLE TE 186-68682146 CA,"August 19, 2025","September 17, 2025",2061,eStmt_2025-09-17.pdf,"[""09/04/25 MOBILE PURCHASE 0904  SNACK* AKIHI BUBBLE TE 186-68682146 CA -8.10""]"
2025-09-05,09/05/25,-4.34,-434,debit,withdrawals,MOBILE PURCHASE 0903 TST*EL JEFES TAQUERIA O NEW BRUNSWICKNJ,09/05/25 MOBILE PURCHASE 0903 TST*EL JEFES TAQUERIA O NEW BRUNSWICKNJ,"August 19, 2025","September 17, 2025",2061,eStmt_2025-09-17.pdf,"[""09/05/25 MOBILE PURCHASE 0903  TST*EL JEFES TAQUERIA O NEW BRUNSWICKNJ -4.34""]"
2025-09-08,09/08/25,-20.00,-2000,debit,withdrawals,PURCHASE 0908 OPENAI *CHATGPT SUBSCR OPENAI.COM CA,09/08/25 PURCHASE 0908 OPENAI *CHATGPT SUBSCR OPENAI.COM CA,"August 19, 2025","September 17, 2025",2061,eStmt_2025-09-17.pdf,"[""09/08/25 PURCHASE   0908 OPENAI *CHATGPT SUBSCR OPENAI.COM   CA -20.00""]"
2025-09-08,09/08/25,-12.00,-1200,debit,withdrawals,PMNT SENT 0905 APPLE CASH BALANCE ADD 1INFINITELOOPCA,09/08/25 PMNT SENT 0905 APPLE CASH BALANCE ADD 1INFINITELOOPCA,"August 19, 2025","September 17, 2025",2061,eStmt_2025-09-17.pdf,"[""09/08/25 PMNT SENT  0905 APPLE CASH BALANCE ADD 1INFINITELOOPCA -12.00""]"
2025-09-08,09/08/25,-11.00,-1100,debit,withdrawals,PMNT SENT 0907 APPLE CASH BALANCE ADD 1INFINITELOOPCA,09/08/25 PMNT SENT 0907 APPLE CASH BALANCE ADD 1INFINITELOOPCA,"August 19, 2025","September 17, 2025",2061,eStmt_2025-09-17.pdf,"[""09/08/25 PMNT SENT  0907 APPLE CASH BALANCE ADD 1INFINITELOOPCA -11.00""]"
2025-09-08,09/08/25,-9.48,-948,debit,withdrawals,MOBILE PURCHASE 0905 TST*SCHNUR MEYER SWEETS New BrunswickNJ,09/08/25 MOBILE PURCHASE 0905 TST*SCHNUR MEYER SWEETS New BrunswickNJ,"August 19, 2025","September 17, 2025",2061,eStmt_2025-09-17.pdf,"[""09/08/25 MOBILE PURCHASE 0905  TST*SCHNUR MEYER SWEETS New BrunswickNJ -9.48""]"
2025-09-08,09/08/25,20.00,2000,credit,deposits,Zelle payment from MOHAMED NASR Conf# bm6y8uykg,09/08/25 Zelle payment from MOHAMED NASR Conf# bm6y8uykg,"August 19, 2025","September 17, 2025",2061,eStmt_2025-09-17.pdf,"[""09/08/25 Zelle payment from MOHAMED NASR Conf# bm6y8uykg 20.00""]"
2025-09-09,09/09/25,-170.46,-17046,debit,other_subtractions,Dairyland DES:Autopay ID:XXXXXXXXX INDN:MOUSTAFA NASR CO ID:SENTRYINS9 WEB,09/09/25 Dairyland DES:Autopay ID:XXXXXXXXX INDN:MOUSTAFA NASR CO ID:SENTRYINS9 WEB,"August 19, 2025","September 17, 2025",2061,eStmt_2025-09-17.pdf,"[""09/09/25 Dairyland        DES:Autopay    ID:XXXXXXXXX  INDN:MOUSTAFA NASR           CO ID:SENTRYINS9"", ""WEB-170.46""]"
2025-09-09,09/09/25,-100.00,-10000,debit,other_subtractions,ROBINHOOD DES:DEBITS ID:XXXXXXXXX INDN:Moustafa Nasr CO ID:5326394001 WEB,09/09/25 ROBINHOOD DES:DEBITS ID:XXXXXXXXX INDN:Moustafa Nasr CO ID:5326394001 WEB,"August 19, 2025","September 17, 2025",2061,eStmt_2025-09-17.pdf,"[""09/09/25 ROBINHOOD        DES:DEBITS     ID:XXXXXXXXX  INDN:Moustafa Nasr           CO ID:5326394001"", ""WEB-100.00""]"
2025-09-09,09/09/25,-10.00,-1000,debit,withdrawals,PURCHASE 0907 CG LAUNDRY RUTGERS COLL 804-7846100 NJ,09/09/25 PURCHASE 0907 CG LAUNDRY RUTGERS COLL 804-7846100 NJ,"August 19, 2025","September 17, 2025",2061,eStmt_2025-09-17.pdf,"[""09/09/25 PURCHASE   0907 CG LAUNDRY RUTGERS COLL 804-7846100  NJ -10.00""]"
2025-09-09,09/09/25,-4.60,-460,debit,withdrawals,MOBILE PURCHASE 0908 CPI*CANTEEN VENDING AVE 800-628-8363 NJ,09/09/25 MOBILE PURCHASE 0908 CPI*CANTEEN VENDING AVE 800-628-8363 NJ,"August 19, 2025","September 17, 2025",2061,eStmt_2025-09-17.pdf,"[""09/09/25 MOBILE PURCHASE 0908  CPI*CANTEEN VENDING AVE 800-628-8363 NJ -4.60""]"
2025-09-10,09/10/25,-10.00,-1000,debit,other_subtractions,VENMO DES:PAYMENT ID:1044748164802 INDN:MOUSTAFA NASR CO ID:3264681992 WEB,09/10/25 VENMO DES:PAYMENT ID:1044748164802 INDN:MOUSTAFA NASR CO ID:3264681992 WEB,"August 19, 2025","September 17, 2025",2061,eStmt_2025-09-17.pdf,"[""09/10/25 VENMO            DES:PAYMENT    ID:1044748164802  INDN:MOUSTAFA NASR           CO"", ""ID:3264681992 WEB-10.00""]"
2025-09-10,09/10/25,-6.17,-617,debit,withdrawals,MOBILE PURCHASE 0909 COLLEGE FOODMART & GRCR NEW BRUNSWICKNJ,09/10/25 MOBILE PURCHASE 0909 COLLEGE FOODMART & GRCR NEW BRUNSWICKNJ,"August 19, 2025","September 17, 2025",2061,eStmt_2025-09-17.pdf,"[""09/10/25 MOBILE PURCHASE 0909  COLLEGE FOODMART & GRCR NEW BRUNSWICKNJ -6.17""]"
2025-09-15,09/15/25,-320.81,-32081,debit,other_subtractions,DEBIT ADJUSTMENT DUPLICATE ITEM,09/15/25 DEBIT ADJUSTMENT DUPLICATE ITEM,"August 19, 2025","September 17, 2025",2061,eStmt_2025-09-17.pdf,"[""09/15/25 DEBIT ADJUSTMENT DUPLICATE ITEM -320.81""]"
2025-09-15,09/15/25,-38.14,-3814,debit,withdrawals,MOBILE PURCHASE 0914 WWW.EFESGRILL.COM 173-22494100 NJ,09/15/25 MOBILE PURCHASE 0914 WWW.EFESGRILL.COM 173-22494100 NJ,"August 19, 2025","September 17, 2025",2061,eStmt_2025-09-17.pdf,"[""09/15/25 MOBILE PURCHASE 0914  WWW.EFESGRILL.COM 173-22494100 NJ -38.14""]"
2025-09-15,09/15/25,100.00,10000,credit,deposits,Online Banking transfer from CHK 3765 Confirmation# 8085101178,09/15/25 Online Banking transfer from CHK 3765 Confirmation# 8085101178,"August 19, 2025","September 17, 2025",2061,eStmt_2025-09-17.pdf,"[""09/15/25 Online Banking transfer from CHK 3765 Confirmation# 8085101178 100.00""]"
2025-09-15,09/15/25,320.81,32081,credit,deposits,BOFA FIN CTR 09/15 #000004466 DEPOSIT 1515 Wildwood Blv Rio Grande NJ,09/15/25 BOFA FIN CTR 09/15 #000004466 DEPOSIT 1515 Wildwood Blv Rio Grande NJ,"August 19, 2025","September 17, 2025",2061,eStmt_2025-09-17.pdf,"[""09/15/25 BOFA FIN CTR    09/15 #000004466 DEPOSIT 1515 Wildwood Blv  Rio Grande    NJ 320.81""]"
2025-09-17,09/17/25,-5.50,-550,debit,withdrawals,MOBILE PURCHASE 0916 SQ *BBS FOODS EFES CAFE New BrunswickNJ,09/17/25 MOBILE PURCHASE 0916 SQ *BBS FOODS EFES CAFE New BrunswickNJ,"August 19, 2025","September 17, 2025",2061,eStmt_2025-09-17.pdf,"[""09/17/25 MOBILE PURCHASE 0916  SQ *BBS FOODS EFES CAFE New BrunswickNJ -5.50""]"
2025-09-18,09/18/25,27.00,2700,credit,deposits,Zelle payment from JENNAMARIE CABRAL Conf# pwb6cxdtp,09/18/25 Zelle payment from JENNAMARIE CABRAL Conf# pwb6cxdtp,"September 18, 2025","October 20, 2025",2061,eStmt_2025-10-20.pdf,"[""09/18/25 Zelle payment from JENNAMARIE CABRAL Conf# pwb6cxdtp 27.00""]"
2025-09-19,09/19/25,-20.00,-2000,debit,other_subtractions,VENMO DES:PAYMENT ID:1044927217017 INDN:MOUSTAFA NASR CO ID:3264681992 WEB,09/19/25 VENMO DES:PAYMENT ID:1044927217017 INDN:MOUSTAFA NASR CO ID:3264681992 WEB,"September 18, 2025","October 20, 2025",2061,eStmt_2025-10-20.pdf,"[""09/19/25 VENMO            DES:PAYMENT    ID:1044927217017  INDN:MOUSTAFA NASR           CO"", ""ID:3264681992 WEB-20.00""]"
2025-09-19,09/19/25,-16.99,-1699,debit,withdrawals,CHECKCARD 0918 HELLO WORLD Paris 74592725261578500774526 RECURRING,09/19/25 CHECKCARD 0918 HELLO WORLD Paris 74592725261578500774526 RECURRING,"September 18, 2025","October 20, 2025",2061,eStmt_2025-10-20.pdf,"[""09/19/25 CHECKCARD  0918 HELLO WORLD Paris           74592725261578500774526 RECURRING -16.99""]"
2025-09-19,09/19/25,20.00,2000,credit,deposits,Zelle payment from JENNAMARIE CABRAL Conf# nzlb125nm,09/19/25 Zelle payment from JENNAMARIE CABRAL Conf# nzlb125nm,"September 18, 2025","October 20, 2025",2061,eStmt_2025-10-20.pdf,"[""09/19/25 Zelle payment from JENNAMARIE CABRAL Conf# nzlb125nm 20.00""]"
2025-09-22,09/22/25,-21.00,-2100,debit,withdrawals,PMNT SENT 0919 APPLE CASH BALANCE ADD 1INFINITELOOPCA,09/22/25 PMNT SENT 0919 APPLE CASH BALANCE ADD 1INFINITELOOPCA,"September 18, 2025","October 20, 2025",2061,eStmt_2025-10-20.pdf,"[""09/22/25 PMNT SENT  0919 APPLE CASH BALANCE ADD 1INFINITELOOPCA -21.00""]"
2025-09-22,09/22/25,-20.00,-2000,debit,withdrawals,PMNT SENT 0919 APPLE CASH BALANCE ADD 1INFINITELOOPCA,09/22/25 PMNT SENT 0919 APPLE CASH BALANCE ADD 1INFINITELOOPCA,"September 18, 2025","October 20, 2025",2061,eStmt_2025-10-20.pdf,"[""09/22/25 PMNT SENT  0919 APPLE CASH BALANCE ADD 1INFINITELOOPCA -20.00""]"
2025-09-22,09/22/25,-16.30,-1630,debit,withdrawals,"MOBILE PURCHASE 0919 INSOMNIA COOKIES- NEW NEW BRUNSWICKNJ continued on the next page Ask Erica®. Get answers fast. Make banking easier with your virtual financial assistant in our Mobile app. See everything Erica can do for you. Scan the code or visit bankofamerica.com/erica. When you use the QRC feature, certain information is collected from your mobile device for business purposes. Mobile Banking requires that you download the Mobile Banking app and may not be available for select mobile devices. Message and data rates may apply. MOUSTAFA MOHAMED NASR ! Account # 3810 6904 2061 ! September 18, 2025 to October 20, 2025","09/22/25 MOBILE PURCHASE 0919 INSOMNIA COOKIES- NEW NEW BRUNSWICKNJ continued on the next page Ask Erica®. Get answers fast. Make banking easier with your virtual financial assistant in our Mobile app. See everything Erica can do for you. Scan the code or visit bankofamerica.com/erica. When you use the QRC feature, certain information is collected from your mobile device for business purposes. Mobile Banking requires that you download the Mobile Banking app and may not be available for select mobile devices. Message and data rates may apply. MOUSTAFA MOHAMED NASR ! Account # 3810 6904 2061 ! September 18, 2025 to October 20, 2025","September 18, 2025","October 20, 2025",2061,eStmt_2025-10-20.pdf,"[""09/22/25 MOBILE PURCHASE 0919  INSOMNIA COOKIES- NEW NEW BRUNSWICKNJ -16.30"", ""continued on the next page"", ""Ask Erica®. Get answers fast."", ""Make banking easier with your virtual financial assistant in our Mobile app."", ""See everything Erica can do for you."", ""Scan the code or visit bankofamerica.com/erica."", ""When you use the QRC feature, certain information is collected from your mobile device for business purposes."", ""Mobile Banking requires that you download the Mobile Banking app and may not be available for select mobile devices."", ""Message and data rates may apply."", ""MOUSTAFA MOHAMED NASR   !   Account # 3810 6904 2061   !   September 18, 2025 to October 20, 2025""]"
2025-09-22,09/22/25,-10.00,-1000,debit,withdrawals,PMNT SENT 0919 APPLE CASH BALANCE ADD 1INFINITELOOPCA,09/22/25 PMNT SENT 0919 APPLE CASH BALANCE ADD 1INFINITELOOPCA,"September 18, 2025","October 20, 2025",2061,eStmt_2025-10-20.pdf,"[""09/22/25 PMNT SENT  0919 APPLE CASH BALANCE ADD 1INFINITELOOPCA -10.00""]"
2025-09-22,09/22/25,50.00,5000,credit,deposits,"Zelle payment from SHERIEN MAHMOUD for ""Havea good weekend mom""; Conf# xknhfi2wp","09/22/25 Zelle payment from SHERIEN MAHMOUD for ""Havea good weekend mom""; Conf# xknhfi2wp","September 18, 2025","October 20, 2025",2061,eStmt_2025-10-20.pdf,"[""09/22/25 Zelle payment from SHERIEN MAHMOUD for \""Havea good weekend mom\""; Conf# xknhfi2wp 50.00""]"
2025-09-23,09/23/25,-6.00,-600,debit,withdrawals,MOBILE PURCHASE 0921 CPI*CANTEEN VENDING AVE 800-628-8363 NJ,09/23/25 MOBILE PURCHASE 0921 CPI*CANTEEN VENDING AVE 800-628-8363 NJ,"September 18, 2025","October 20, 2025",2061,eStmt_2025-10-20.pdf,"[""09/23/25 MOBILE PURCHASE 0921  CPI*CANTEEN VENDING AVE 800-628-8363 NJ -6.00""]"
2025-09-25,09/25/25,-16.99,-1699,debit,withdrawals,CHECKCARD 0924 HELLO WORLD Paris 74592725267581846501821 RECURRING,09/25/25 CHECKCARD 0924 HELLO WORLD Paris 74592725267581846501821 RECURRING,"September 18, 2025","October 20, 2025",2061,eStmt_2025-10-20.pdf,"[""09/25/25 CHECKCARD  0924 HELLO WORLD Paris           74592725267581846501821 RECURRING -16.99""]"
2025-09-26,09/26/25,-16.00,-1600,debit,withdrawals,PMNT SENT 0925 APPLE CASH BALANCE ADD 1INFINITELOOPCA,09/26/25 PMNT SENT 0925 APPLE CASH BALANCE ADD 1INFINITELOOPCA,"September 18, 2025","October 20, 2025",2061,eStmt_2025-10-20.pdf,"[""09/26/25 PMNT SENT  0925 APPLE CASH BALANCE ADD 1INFINITELOOPCA -16.00""]"
2025-09-26,09/26/25,-10.02,-1002,debit,withdrawals,MOBILE PURCHASE 0924 TST*GUAC TIME - NEW BRU NEW BRUNSWICKNJ,09/26/25 MOBILE PURCHASE 0924 TST*GUAC TIME - NEW BRU NEW BRUNSWICKNJ,"September 18, 2025","October 20, 2025",2061,eStmt_2025-10-20.pdf,"[""09/26/25 MOBILE PURCHASE 0924  TST*GUAC TIME - NEW BRU NEW BRUNSWICKNJ -10.02""]"
2025-09-26,09/26/25,-2.65,-265,debit,withdrawals,MOBILE PURCHASE 0924 TST*GUAC TIME - NEW BRU NEW BRUNSWICKNJ,09/26/25 MOBILE PURCHASE 0924 TST*GUAC TIME - NEW BRU NEW BRUNSWICKNJ,"September 18, 2025","October 20, 2025",2061,eStmt_2025-10-20.pdf,"[""09/26/25 MOBILE PURCHASE 0924  TST*GUAC TIME - NEW BRU NEW BRUNSWICKNJ -2.65""]"
2025-09-26,09/26/25,-1.00,-100,debit,withdrawals,PMNT SENT 0925 APPLE CASH SENT MONEY 1INFINITELOOPCA,09/26/25 PMNT SENT 0925 APPLE CASH SENT MONEY 1INFINITELOOPCA,"September 18, 2025","October 20, 2025",2061,eStmt_2025-10-20.pdf,"[""09/26/25 PMNT SENT  0925 APPLE CASH SENT MONEY 1INFINITELOOPCA -1.00""]"
2025-09-29,09/29/25,-28.16,-2816,debit,withdrawals,MOBILE PURCHASE 0928 COOL RUNNING CARIBBEAN NEW BRUNSWICKNJ,09/29/25 MOBILE PURCHASE 0928 COOL RUNNING CARIBBEAN NEW BRUNSWICKNJ,"September 18, 2025","October 20, 2025",2061,eStmt_2025-10-20.pdf,"[""09/29/25 MOBILE PURCHASE 0928  COOL RUNNING CARIBBEAN NEW BRUNSWICKNJ -28.16""]"
2025-09-29,09/29/25,-6.38,-638,debit,withdrawals,MOBILE PURCHASE 0928 COOL RUNNING CARIBBEAN NEW BRUNSWICKNJ,09/29/25 MOBILE PURCHASE 0928 COOL RUNNING CARIBBEAN NEW BRUNSWICKNJ,"September 18, 2025","October 20, 2025",2061,eStmt_2025-10-20.pdf,"[""09/29/25 MOBILE PURCHASE 0928  COOL RUNNING CARIBBEAN NEW BRUNSWICKNJ -6.38""]"
2025-09-29,09/29/25,50.00,5000,credit,deposits,Zelle payment from SHERIEN MAHMOUD Conf# z7ehsf633,09/29/25 Zelle payment from SHERIEN MAHMOUD Conf# z7ehsf633,"September 18, 2025","October 20, 2025",2061,eStmt_2025-10-20.pdf,"[""09/29/25 Zelle payment from SHERIEN MAHMOUD Conf# z7ehsf633 50.00""]"
2025-09-30,09/30/25,-6.39,-639,debit,withdrawals,PURCHASE 0930 SPOTIFY 877-778-1161 NY,09/30/25 PURCHASE 0930 SPOTIFY 877-778-1161 NY,"September 18, 2025","October 20, 2025",2061,eStmt_2025-10-20.pdf,"[""09/30/25 PURCHASE   0930 SPOTIFY 877-778-1161 NY -6.39""]"
2025-10-02,10/02/25,-2.12,-212,debit,withdrawals,MOBILE PURCHASE 1001 DOMINO'S 4973 NORTH BRUNSWINJ,10/02/25 MOBILE PURCHASE 1001 DOMINO'S 4973 NORTH BRUNSWINJ,"September 18, 2025","October 20, 2025",2061,eStmt_2025-10-20.pdf,"[""10/02/25 MOBILE PURCHASE 1001  DOMINO'S 4973 NORTH BRUNSWINJ -2.12""]"
2025-10-02,10/02/25,30.00,3000,credit,deposits,Zelle payment from JENNAMARIE CABRAL Conf# o8sk1lu98,10/02/25 Zelle payment from JENNAMARIE CABRAL Conf# o8sk1lu98,"September 18, 2025","October 20, 2025",2061,eStmt_2025-10-20.pdf,"[""10/02/25 Zelle payment from JENNAMARIE CABRAL Conf# o8sk1lu98 30.00""]"
2025-10-03,10/03/25,-30.00,-3000,debit,other_subtractions,Zelle payment to Jennamarie Conf# o8nca6drs,10/03/25 Zelle payment to Jennamarie Conf# o8nca6drs,"September 18, 2025","October 20, 2025",2061,eStmt_2025-10-20.pdf,"[""10/03/25 Zelle payment to  Jennamarie Conf# o8nca6drs -30.00""]"
2025-10-03,10/03/25,-9.99,-999,debit,withdrawals,PURCHASE 1002 DD *DOORDASHDASHPASS DOORDASH.COM CA,10/03/25 PURCHASE 1002 DD *DOORDASHDASHPASS DOORDASH.COM CA,"September 18, 2025","October 20, 2025",2061,eStmt_2025-10-20.pdf,"[""10/03/25 PURCHASE   1002 DD *DOORDASHDASHPASS DOORDASH.COM CA -9.99""]"
2025-10-03,10/03/25,-0.79,-79,debit,withdrawals,MOBILE PURCHASE 1001 TST*GUAC TIME - NEW BRU NEW BRUNSWICKNJ,10/03/25 MOBILE PURCHASE 1001 TST*GUAC TIME - NEW BRU NEW BRUNSWICKNJ,"September 18, 2025","October 20, 2025",2061,eStmt_2025-10-20.pdf,"[""10/03/25 MOBILE PURCHASE 1001  TST*GUAC TIME - NEW BRU NEW BRUNSWICKNJ -0.79""]"
2025-10-06,10/06/25,-4.89,-489,debit,withdrawals,MOBILE PURCHASE 1004 GIOVANELLIS - PIZZA NEW BRUNSWICKNJ,10/06/25 MOBILE PURCHASE 1004 GIOVANELLIS - PIZZA NEW BRUNSWICKNJ,"September 18, 2025","October 20, 2025",2061,eStmt_2025-10-20.pdf,"[""10/06/25 MOBILE PURCHASE 1004  GIOVANELLIS - PIZZA NEW BRUNSWICKNJ -4.89""]"
2025-10-06,10/06/25,13.00,1300,credit,deposits,Zelle payment from JENNAMARIE CABRAL Conf# jcekgphx5,10/06/25 Zelle payment from JENNAMARIE CABRAL Conf# jcekgphx5,"September 18, 2025","October 20, 2025",2061,eStmt_2025-10-20.pdf,"[""10/06/25 Zelle payment from JENNAMARIE CABRAL Conf# jcekgphx5 13.00""]"
2025-10-06,10/06/25,50.00,5000,credit,deposits,Zelle payment from SHERIEN MAHMOUD Conf# xl7eidsx8,10/06/25 Zelle payment from SHERIEN MAHMOUD Conf# xl7eidsx8,"September 18, 2025","October 20, 2025",2061,eStmt_2025-10-20.pdf,"[""10/06/25 Zelle payment from SHERIEN MAHMOUD Conf# xl7eidsx8 50.00""]"
2025-10-06,10/06/25,500.00,50000,credit,deposits,Online Banking transfer from CHK 3765 Confirmation# 8075750923,10/06/25 Online Banking transfer from CHK 3765 Confirmation# 8075750923,"September 18, 2025","October 20, 2025",2061,eStmt_2025-10-20.pdf,"[""10/06/25 Online Banking transfer from CHK 3765 Confirmation# 8075750923 500.00""]"
2025-10-07,10/07/25,-9.16,-916,debit,withdrawals,MOBILE PURCHASE 1006 WAWA 8435 NORTH BRUNSWINJ,10/07/25 MOBILE PURCHASE 1006 WAWA 8435 NORTH BRUNSWINJ,"September 18, 2025","October 20, 2025",2061,eStmt_2025-10-20.pdf,"[""10/07/25 MOBILE PURCHASE 1006  WAWA 8435 NORTH BRUNSWINJ -9.16""]"
2025-10-07,10/07/25,-4.60,-460,debit,withdrawals,MOBILE PURCHASE 1006 CPI*CANTEEN VENDING AVE 800-628-8363 NJ,10/07/25 MOBILE PURCHASE 1006 CPI*CANTEEN VENDING AVE 800-628-8363 NJ,"September 18, 2025","October 20, 2025",2061,eStmt_2025-10-20.pdf,"[""10/07/25 MOBILE PURCHASE 1006  CPI*CANTEEN VENDING AVE 800-628-8363 NJ -4.60""]"
2025-10-08,10/08/25,-500.00,-50000,debit,withdrawals,PMNT SENT 1007 APPLE CASH BALANCE ADD 1INFINITELOOPCA,10/08/25 PMNT SENT 1007 APPLE CASH BALANCE ADD 1INFINITELOOPCA,"September 18, 2025","October 20, 2025",2061,eStmt_2025-10-20.pdf,"[""10/08/25 PMNT SENT  1007 APPLE CASH BALANCE ADD 1INFINITELOOPCA -500.00""]"
2025-10-08,10/08/25,-20.00,-2000,debit,withdrawals,PURCHASE 1008 OPENAI *CHATGPT SUBSCR OPENAI.COM CA,10/08/25 PURCHASE 1008 OPENAI *CHATGPT SUBSCR OPENAI.COM CA,"September 18, 2025","October 20, 2025",2061,eStmt_2025-10-20.pdf,"[""10/08/25 PURCHASE   1008 OPENAI *CHATGPT SUBSCR OPENAI.COM   CA -20.00""]"
2025-10-08,10/08/25,-11.06,-1106,debit,withdrawals,MOBILE PURCHASE 1007 EASTON SMOKES NEW BRUNSWICKNJ,10/08/25 MOBILE PURCHASE 1007 EASTON SMOKES NEW BRUNSWICKNJ,"September 18, 2025","October 20, 2025",2061,eStmt_2025-10-20.pdf,"[""10/08/25 MOBILE PURCHASE 1007  EASTON SMOKES NEW BRUNSWICKNJ -11.06""]"
2025-10-09,10/09/25,-14.39,-1439,debit,withdrawals,MOBILE PURCHASE 1007 TST*GUAC TIME - NEW BRU NEW BRUNSWICKNJ,10/09/25 MOBILE PURCHASE 1007 TST*GUAC TIME - NEW BRU NEW BRUNSWICKNJ,"September 18, 2025","October 20, 2025",2061,eStmt_2025-10-20.pdf,"[""10/09/25 MOBILE PURCHASE 1007  TST*GUAC TIME - NEW BRU NEW BRUNSWICKNJ -14.39""]"
2025-10-14,10/14/25,-35.00,-3500,debit,withdrawals,MOBILE PURCHASE 1012 SQ *TRUE CUTS New BrunswickNJ,10/14/25 MOBILE PURCHASE 1012 SQ *TRUE CUTS New BrunswickNJ,"September 18, 2025","October 20, 2025",2061,eStmt_2025-10-20.pdf,"[""10/14/25 MOBILE PURCHASE 1012  SQ *TRUE CUTS New BrunswickNJ -35.00""]"
2025-10-14,10/14/25,-17.25,-1725,debit,withdrawals,MOBILE PURCHASE 1012 TRULY YOGURT NEW BRUNSWICKNJ,10/14/25 MOBILE PURCHASE 1012 TRULY YOGURT NEW BRUNSWICKNJ,"September 18, 2025","October 20, 2025",2061,eStmt_2025-10-20.pdf,"[""10/14/25 MOBILE PURCHASE 1012  TRULY YOGURT NEW BRUNSWICKNJ -17.25""]"
2025-10-14,10/14/25,-14.61,-1461,debit,withdrawals,MOBILE PURCHASE 1012 UEP*NOODLE GOURMET NEW BRUNSWICKNJ,10/14/25 MOBILE PURCHASE 1012 UEP*NOODLE GOURMET NEW BRUNSWICKNJ,"September 18, 2025","October 20, 2025",2061,eStmt_2025-10-20.pdf,"[""10/14/25 MOBILE PURCHASE 1012  UEP*NOODLE GOURMET NEW BRUNSWICKNJ -14.61""]"
2025-10-14,10/14/25,-2.00,-200,debit,other_subtractions,VENMO DES:PAYMENT ID:1045430348404 INDN:MOUSTAFA NASR CO ID:3264681992 WEB,10/14/25 VENMO DES:PAYMENT ID:1045430348404 INDN:MOUSTAFA NASR CO ID:3264681992 WEB,"September 18, 2025","October 20, 2025",2061,eStmt_2025-10-20.pdf,"[""10/14/25 VENMO            DES:PAYMENT    ID:1045430348404  INDN:MOUSTAFA NASR           CO"", ""ID:3264681992 WEB-2.00""]"
2025-10-14,10/14/25,4.00,400,credit,deposits,"Zelle payment from SHLOK SUDHAKAR KAMBLE for ""g""; Conf# 99bqmmg9a","10/14/25 Zelle payment from SHLOK SUDHAKAR KAMBLE for ""g""; Conf# 99bqmmg9a","September 18, 2025","October 20, 2025",2061,eStmt_2025-10-20.pdf,"[""10/14/25 Zelle payment from  SHLOK SUDHAKAR KAMBLE for \""g\""; Conf# 99bqmmg9a 4.00""]"
2025-10-14,10/14/25,75.00,7500,credit,deposits,"Zelle payment from SHERIEN MAHMOUD for ""Have a nice day mom""; Conf# s49vnnnb1","10/14/25 Zelle payment from SHERIEN MAHMOUD for ""Have a nice day mom""; Conf# s49vnnnb1","September 18, 2025","October 20, 2025",2061,eStmt_2025-10-20.pdf,"[""10/14/25 Zelle payment from SHERIEN MAHMOUD for \""Have a nice day mom\""; Conf# s49vnnnb1 75.00""]"
2025-10-16,10/16/25,-9.24,-924,debit,withdrawals,MOBILE PURCHASE 1015 INSOMNIA COOKIES- NEW NEW BRUNSWICKNJ,10/16/25 MOBILE PURCHASE 1015 INSOMNIA COOKIES- NEW NEW BRUNSWICKNJ,"September 18, 2025","October 20, 2025",2061,eStmt_2025-10-20.pdf,"[""10/16/25 MOBILE PURCHASE 1015  INSOMNIA COOKIES- NEW NEW BRUNSWICKNJ -9.24""]"
2025-10-16,10/16/25,12.00,1200,credit,deposits,Zelle payment from JUSTIN GOMEZ Conf# 0JIHBBRCB,10/16/25 Zelle payment from JUSTIN GOMEZ Conf# 0JIHBBRCB,"September 18, 2025","October 20, 2025",2061,eStmt_2025-10-20.pdf,"[""10/16/25 Zelle payment from  JUSTIN GOMEZ Conf# 0JIHBBRCB 12.00""]"
2025-10-17,10/17/25,10.00,1000,credit,deposits,"Zelle payment from SHERIEN MAHMOUD for ""Yummy pumpkin""; Conf# u9mau3yla","10/17/25 Zelle payment from SHERIEN MAHMOUD for ""Yummy pumpkin""; Conf# u9mau3yla","September 18, 2025","October 20, 2025",2061,eStmt_2025-10-20.pdf,"[""10/17/25 Zelle payment from SHERIEN MAHMOUD for \""Yummy pumpkin\""; Conf# u9mau3yla 10.00""]"
2025-10-20,10/20/25,-26.11,-2611,debit,withdrawals,MOBILE PURCHASE 1018 NNT KNIGHTEXPR NEW BRUNSWICKNJ,10/20/25 MOBILE PURCHASE 1018 NNT KNIGHTEXPR NEW BRUNSWICKNJ,"September 18, 2025","October 20, 2025",2061,eStmt_2025-10-20.pdf,"[""10/20/25 MOBILE PURCHASE 1018  NNT KNIGHTEXPR NEW BRUNSWICKNJ -26.11""]"
2025-10-20,10/20/25,-11.00,-1100,debit,withdrawals,PMNT SENT 1017 APPLE CASH BALANCE ADD 1INFINITELOOPCA,10/20/25 PMNT SENT 1017 APPLE CASH BALANCE ADD 1INFINITELOOPCA,"September 18, 2025","October 20, 2025",2061,eStmt_2025-10-20.pdf,"[""10/20/25 PMNT SENT  1017 APPLE CASH BALANCE ADD 1INFINITELOOPCA -11.00""]"
2025-10-20,10/20/25,-7.48,-748,debit,withdrawals,MOBILE PURCHASE 1017 LATINO SUPERMARKET NEW BRUNSWICKNJ,10/20/25 MOBILE PURCHASE 1017 LATINO SUPERMARKET NEW BRUNSWICKNJ,"September 18, 2025","October 20, 2025",2061,eStmt_2025-10-20.pdf,"[""10/20/25 MOBILE PURCHASE 1017  LATINO SUPERMARKET NEW BRUNSWICKNJ -7.48""]"
2025-10-20,10/20/25,-4.43,-443,debit,withdrawals,MOBILE PURCHASE 1017 GIOVANELLIS - PIZZA NEW BRUNSWICKNJ,10/20/25 MOBILE PURCHASE 1017 GIOVANELLIS - PIZZA NEW BRUNSWICKNJ,"September 18, 2025","October 20, 2025",2061,eStmt_2025-10-20.pdf,"[""10/20/25 MOBILE PURCHASE 1017  GIOVANELLIS - PIZZA NEW BRUNSWICKNJ -4.43""]"
2025-10-20,10/20/25,50.00,5000,credit,deposits,"Zelle payment from SHERIEN MAHMOUD for ""Enjoy your weekendmom""; Conf# v5y6eqc4l","10/20/25 Zelle payment from SHERIEN MAHMOUD for ""Enjoy your weekendmom""; Conf# v5y6eqc4l","September 18, 2025","October 20, 2025",2061,eStmt_2025-10-20.pdf,"[""10/20/25 Zelle payment from SHERIEN MAHMOUD for \""Enjoy your weekendmom\""; Conf# v5y6eqc4l 50.00""]"
2025-10-24,10/24/25,-23.30,-2330,debit,other_subtractions,Zelle payment to ANDREW MANALANSAN Conf# ojyvx02zl,10/24/25 Zelle payment to ANDREW MANALANSAN Conf# ojyvx02zl,"October 21, 2025","November 14, 2025",2061,eStmt_2025-11-14.pdf,"[""10/24/25 Zelle payment to  ANDREW MANALANSAN Conf# ojyvx02zl -23.30""]"
2025-10-27,10/27/25,-15.00,-1500,debit,withdrawals,PMNT SENT 1025 VENMO* Moustaf Visa Direct NY,10/27/25 PMNT SENT 1025 VENMO* Moustaf Visa Direct NY,"October 21, 2025","November 14, 2025",2061,eStmt_2025-11-14.pdf,"[""10/27/25 PMNT SENT  1025 VENMO* Moustaf Visa Direct  NY -15.00""]"
2025-10-27,10/27/25,-15.00,-1500,debit,withdrawals,PMNT SENT 1026 VENMO* Moustaf Visa Direct NY,10/27/25 PMNT SENT 1026 VENMO* Moustaf Visa Direct NY,"October 21, 2025","November 14, 2025",2061,eStmt_2025-11-14.pdf,"[""10/27/25 PMNT SENT  1026 VENMO* Moustaf Visa Direct  NY -15.00""]"
2025-10-27,10/27/25,-15.00,-1500,debit,withdrawals,PMNT SENT 1027 VENMO* Moustaf Visa Direct NY,10/27/25 PMNT SENT 1027 VENMO* Moustaf Visa Direct NY,"October 21, 2025","November 14, 2025",2061,eStmt_2025-11-14.pdf,"[""10/27/25 PMNT SENT  1027 VENMO* Moustaf Visa Direct  NY -15.00""]"
2025-10-27,10/27/25,-14.00,-1400,debit,other_subtractions,VENMO DES:PAYMENT ID:1045753621119 INDN:MOUSTAFA NASR CO ID:3264681992 WEB,10/27/25 VENMO DES:PAYMENT ID:1045753621119 INDN:MOUSTAFA NASR CO ID:3264681992 WEB,"October 21, 2025","November 14, 2025",2061,eStmt_2025-11-14.pdf,"[""10/27/25 VENMO            DES:PAYMENT    ID:1045753621119  INDN:MOUSTAFA NASR           CO"", ""ID:3264681992 WEB-14.00""]"
2025-10-27,10/27/25,13.00,1300,credit,deposits,"Zelle payment from SHLOK SUDHAKAR KAMBLE for ""shjs""; Conf# 99bs8ezhd","10/27/25 Zelle payment from SHLOK SUDHAKAR KAMBLE for ""shjs""; Conf# 99bs8ezhd","October 21, 2025","November 14, 2025",2061,eStmt_2025-11-14.pdf,"[""10/27/25 Zelle payment from  SHLOK SUDHAKAR KAMBLE for \""shjs\""; Conf# 99bs8ezhd 13.00""]"
2025-10-27,10/27/25,750.00,75000,credit,deposits,"Zelle payment from SHERIEN MAHMOUD for ""Get some grocery havea nice weekend""; Conf# td9jzaa5","10/27/25 Zelle payment from SHERIEN MAHMOUD for ""Get some grocery havea nice weekend""; Conf# td9jzaa5","October 21, 2025","November 14, 2025",2061,eStmt_2025-11-14.pdf,"[""10/27/25 Zelle payment from SHERIEN MAHMOUD for \""Get some grocery  havea nice weekend\""; Conf#"", ""td9jzaa5750.00""]"
2025-10-29,10/29/25,-3.00,-300,debit,withdrawals,PURCHASE 1029 UBER *ONE MEMB San FranciscoCA,10/29/25 PURCHASE 1029 UBER *ONE MEMB San FranciscoCA,"October 21, 2025","November 14, 2025",2061,eStmt_2025-11-14.pdf,"[""10/29/25 PURCHASE   1029 UBER *ONE MEMB San FranciscoCA -3.00""]"
2025-10-30,10/30/25,10.00,1000,credit,deposits,Zelle payment from SHERIEN MAHMOUD Conf# z8p9t3ud6,10/30/25 Zelle payment from SHERIEN MAHMOUD Conf# z8p9t3ud6,"October 21, 2025","November 14, 2025",2061,eStmt_2025-11-14.pdf,"[""10/30/25 Zelle payment from SHERIEN MAHMOUD Conf# z8p9t3ud6 10.00""]"
2025-10-31,10/31/25,-300.00,-30000,debit,other_subtractions,Online Banking transfer to CHK 3765 Confirmation# 8294923829,10/31/25 Online Banking transfer to CHK 3765 Confirmation# 8294923829,"October 21, 2025","November 14, 2025",2061,eStmt_2025-11-14.pdf,"[""10/31/25 Online Banking transfer to CHK 3765 Confirmation# 8294923829 -300.00""]"
2025-10-31,10/31/25,-6.39,-639,debit,withdrawals,PURCHASE 1031 SPOTIFY 877-778-1161 NY,10/31/25 PURCHASE 1031 SPOTIFY 877-778-1161 NY,"October 21, 2025","November 14, 2025",2061,eStmt_2025-11-14.pdf,"[""10/31/25 PURCHASE   1031 SPOTIFY 877-778-1161 NY -6.39""]"
2025-10-31,10/31/25,300.00,30000,credit,deposits,"Zelle payment from SHERIEN MAHMOUD for ""I love youmom""; Conf# y1rx31peq","10/31/25 Zelle payment from SHERIEN MAHMOUD for ""I love youmom""; Conf# y1rx31peq","October 21, 2025","November 14, 2025",2061,eStmt_2025-11-14.pdf,"[""10/31/25 Zelle payment from SHERIEN MAHMOUD for \""I love youmom\""; Conf# y1rx31peq 300.00""]"
2025-11-03,11/03/25,-3.86,-386,debit,withdrawals,"MOBILE PURCHASE 1102 PLAYA BOWLS NEW BRUNS NEW BRUNSWICKNJ continued on the next page A STORY 250 YEARS IN THE MAKING THE AMERICAN REVOLUTION A FILM BY KEN BURNS, SARAH BOTSTEIN & DAVID SCHMIDT See The American Revolution through the lens of Ken Burns in this exploration of the people, events and imagination that became a nation. Only on PBS starting Sun Nov 16 8/7c Learn more at bankofamerica.com/KenBurns MOUSTAFA MOHAMED NASR ! Account # 3810 6904 2061 ! October 21, 2025 to November 14, 2025","11/03/25 MOBILE PURCHASE 1102 PLAYA BOWLS NEW BRUNS NEW BRUNSWICKNJ continued on the next page A STORY 250 YEARS IN THE MAKING THE AMERICAN REVOLUTION A FILM BY KEN BURNS, SARAH BOTSTEIN & DAVID SCHMIDT See The American Revolution through the lens of Ken Burns in this exploration of the people, events and imagination that became a nation. Only on PBS starting Sun Nov 16 8/7c Learn more at bankofamerica.com/KenBurns MOUSTAFA MOHAMED NASR ! Account # 3810 6904 2061 ! October 21, 2025 to November 14, 2025","October 21, 2025","November 14, 2025",2061,eStmt_2025-11-14.pdf,"[""11/03/25 MOBILE PURCHASE 1102  PLAYA BOWLS NEW BRUNS NEW BRUNSWICKNJ -3.86"", ""continued on the next page"", ""A STORY 250 YEARS IN THE MAKING"", ""THE AMERICAN REVOLUTION"", ""A FILM BY KEN BURNS, SARAH BOTSTEIN & DAVID SCHMIDT"", ""See The American Revolution through the lens of Ken Burns in this exploration"", ""of the people, events and imagination that became a nation."", ""Only on PBS starting Sun Nov 16 8/7c"", ""Learn more at bankofamerica.com/KenBurns"", ""MOUSTAFA MOHAMED NASR   !   Account # 3810 6904 2061   !   October 21, 2025 to November 14, 2025""]"
2025-11-03,11/03/25,50.00,5000,credit,deposits,"Zelle payment from SHERIEN MAHMOUD for ""Have a nice week mom""; Conf# vji4pe7s5","11/03/25 Zelle payment from SHERIEN MAHMOUD for ""Have a nice week mom""; Conf# vji4pe7s5","October 21, 2025","November 14, 2025",2061,eStmt_2025-11-14.pdf,"[""11/03/25 Zelle payment from SHERIEN MAHMOUD for \""Have a nice week mom\""; Conf# vji4pe7s5 50.00""]"
2025-11-04,11/04/25,-100.00,-10000,debit,other_subtractions,Zelle payment to Dad Conf# nb8rgvpc6,11/04/25 Zelle payment to Dad Conf# nb8rgvpc6,"October 21, 2025","November 14, 2025",2061,eStmt_2025-11-14.pdf,"[""11/04/25 Zelle payment to  Dad Conf# nb8rgvpc6 -100.00""]"
2025-11-04,11/04/25,100.00,10000,credit,deposits,"Zelle payment from MOHAMED NASR for ""For motorcycle insurance""; Conf# iub0t3bgq","11/04/25 Zelle payment from MOHAMED NASR for ""For motorcycle insurance""; Conf# iub0t3bgq","October 21, 2025","November 14, 2025",2061,eStmt_2025-11-14.pdf,"[""11/04/25 Zelle payment from MOHAMED NASR for \""For motorcycle insurance\""; Conf# iub0t3bgq 100.00""]"
2025-11-05,11/05/25,-12.98,-1298,debit,withdrawals,PMNT SENT 1104 APPLE CASH SENT MONEY 1INFINITELOOPCA,11/05/25 PMNT SENT 1104 APPLE CASH SENT MONEY 1INFINITELOOPCA,"October 21, 2025","November 14, 2025",2061,eStmt_2025-11-14.pdf,"[""11/05/25 PMNT SENT  1104 APPLE CASH SENT MONEY 1INFINITELOOPCA -12.98""]"
2025-11-05,11/05/25,20.00,2000,credit,deposits,"Zelle payment from MOHAMED NASR for ""Ok""; Conf# ao5sm1yi5","11/05/25 Zelle payment from MOHAMED NASR for ""Ok""; Conf# ao5sm1yi5","October 21, 2025","November 14, 2025",2061,eStmt_2025-11-14.pdf,"[""11/05/25 Zelle payment from MOHAMED NASR for \""Ok\""; Conf# ao5sm1yi5 20.00""]"
2025-11-06,11/06/25,-15.36,-1536,debit,withdrawals,MOBILE PURCHASE 1104 HANSEL N GRIDDLE NEW BRUNSWICKNJ,11/06/25 MOBILE PURCHASE 1104 HANSEL N GRIDDLE NEW BRUNSWICKNJ,"October 21, 2025","November 14, 2025",2061,eStmt_2025-11-14.pdf,"[""11/06/25 MOBILE PURCHASE 1104  HANSEL N GRIDDLE NEW BRUNSWICKNJ -15.36""]"
2025-11-06,11/06/25,-12.00,-1200,debit,withdrawals,PMNT SENT 1105 APPLE CASH BALANCE ADD 1INFINITELOOPCA,11/06/25 PMNT SENT 1105 APPLE CASH BALANCE ADD 1INFINITELOOPCA,"October 21, 2025","November 14, 2025",2061,eStmt_2025-11-14.pdf,"[""11/06/25 PMNT SENT  1105 APPLE CASH BALANCE ADD 1INFINITELOOPCA -12.00""]"
2025-11-06,11/06/25,-10.00,-1000,debit,withdrawals,PMNT SENT 1105 APPLE CASH BALANCE ADD 1INFINITELOOPCA,11/06/25 PMNT SENT 1105 APPLE CASH BALANCE ADD 1INFINITELOOPCA,"October 21, 2025","November 14, 2025",2061,eStmt_2025-11-14.pdf,"[""11/06/25 PMNT SENT  1105 APPLE CASH BALANCE ADD 1INFINITELOOPCA -10.00""]"
2025-11-06,11/06/25,-0.45,-45,debit,withdrawals,MOBILE PURCHASE 1104 CAFE WEST NEW BRUNSWICKNJ,11/06/25 MOBILE PURCHASE 1104 CAFE WEST NEW BRUNSWICKNJ,"October 21, 2025","November 14, 2025",2061,eStmt_2025-11-14.pdf,"[""11/06/25 MOBILE PURCHASE 1104  CAFE WEST NEW BRUNSWICKNJ -0.45""]"
2025-11-07,11/07/25,-10.00,-1000,debit,withdrawals,MOBILE PURCHASE 1105 SHELL OIL 57545709404 NEW BRUNSWICKNJ,11/07/25 MOBILE PURCHASE 1105 SHELL OIL 57545709404 NEW BRUNSWICKNJ,"October 21, 2025","November 14, 2025",2061,eStmt_2025-11-14.pdf,"[""11/07/25 MOBILE PURCHASE 1105  SHELL OIL 57545709404 NEW BRUNSWICKNJ -10.00""]"
2025-11-07,11/07/25,-10.00,-1000,debit,withdrawals,MOBILE PURCHASE 1105 SHELL OIL 57545709404 NEW BRUNSWICKNJ,11/07/25 MOBILE PURCHASE 1105 SHELL OIL 57545709404 NEW BRUNSWICKNJ,"October 21, 2025","November 14, 2025",2061,eStmt_2025-11-14.pdf,"[""11/07/25 MOBILE PURCHASE 1105  SHELL OIL 57545709404 NEW BRUNSWICKNJ -10.00""]"
2025-11-10,11/10/25,-15.00,-1500,debit,withdrawals,PMNT SENT 1109 APPLE CASH BALANCE ADD 1INFINITELOOPCA,11/10/25 PMNT SENT 1109 APPLE CASH BALANCE ADD 1INFINITELOOPCA,"October 21, 2025","November 14, 2025",2061,eStmt_2025-11-14.pdf,"[""11/10/25 PMNT SENT  1109 APPLE CASH BALANCE ADD 1INFINITELOOPCA -15.00""]"
2025-11-10,11/10/25,15.00,1500,credit,deposits,"Zelle payment from JUSTIN GOMEZ for ""Laundry""; Conf# 0JJ4WA6MI","11/10/25 Zelle payment from JUSTIN GOMEZ for ""Laundry""; Conf# 0JJ4WA6MI","October 21, 2025","November 14, 2025",2061,eStmt_2025-11-14.pdf,"[""11/10/25 Zelle payment from  JUSTIN GOMEZ for \""Laundry\""; Conf# 0JJ4WA6MI 15.00""]"
2025-11-10,11/10/25,50.00,5000,credit,deposits,"Zelle payment from SHERIEN MAHMOUD for ""Have a nice weekmom""; Conf# omyu1tnjn","11/10/25 Zelle payment from SHERIEN MAHMOUD for ""Have a nice weekmom""; Conf# omyu1tnjn","October 21, 2025","November 14, 2025",2061,eStmt_2025-11-14.pdf,"[""11/10/25 Zelle payment from SHERIEN MAHMOUD for \""Have a nice weekmom\""; Conf# omyu1tnjn 50.00""]"
2025-11-12,11/12/25,-13.85,-1385,debit,withdrawals,MOBILE PURCHASE 1111 SQ *RAMYUN101 NEW BRUNSWICKNJ,11/12/25 MOBILE PURCHASE 1111 SQ *RAMYUN101 NEW BRUNSWICKNJ,"October 21, 2025","November 14, 2025",2061,eStmt_2025-11-14.pdf,"[""11/12/25 MOBILE PURCHASE 1111  SQ *RAMYUN101 NEW BRUNSWICKNJ -13.85""]"
2025-11-12,11/12/25,-9.69,-969,debit,withdrawals,MOBILE PURCHASE 1111 WAWA 8406 EDISON NJ,11/12/25 MOBILE PURCHASE 1111 WAWA 8406 EDISON NJ,"October 21, 2025","November 14, 2025",2061,eStmt_2025-11-14.pdf,"[""11/12/25 MOBILE PURCHASE 1111  WAWA 8406 EDISON       NJ -9.69""]"
2025-11-12,11/12/25,-9.06,-906,debit,withdrawals,MOBILE PURCHASE 1111 SQ *THE BAKED BEAR New BrunswickNJ,11/12/25 MOBILE PURCHASE 1111 SQ *THE BAKED BEAR New BrunswickNJ,"October 21, 2025","November 14, 2025",2061,eStmt_2025-11-14.pdf,"[""11/12/25 MOBILE PURCHASE 1111  SQ *THE BAKED BEAR New BrunswickNJ -9.06""]"
2025-11-12,11/12/25,-2.06,-206,debit,withdrawals,MOBILE PURCHASE 1111 RUTHERS QUICK SHOP NEW BRUNSWICKNJ,11/12/25 MOBILE PURCHASE 1111 RUTHERS QUICK SHOP NEW BRUNSWICKNJ,"October 21, 2025","November 14, 2025",2061,eStmt_2025-11-14.pdf,"[""11/12/25 MOBILE PURCHASE 1111  RUTHERS QUICK SHOP NEW BRUNSWICKNJ -2.06""]"
2025-11-13,11/13/25,-100.00,-10000,debit,other_subtractions,Zelle payment to Dad Conf# luw3f8dzb,11/13/25 Zelle payment to Dad Conf# luw3f8dzb,"October 21, 2025","November 14, 2025",2061,eStmt_2025-11-14.pdf,"[""11/13/25 Zelle payment to  Dad Conf# luw3f8dzb -100.00""]"
2025-11-13,11/13/25,-10.00,-1000,debit,withdrawals,PMNT SENT 1112 APPLE CASH BALANCE ADD 1INFINITELOOPCA,11/13/25 PMNT SENT 1112 APPLE CASH BALANCE ADD 1INFINITELOOPCA,"October 21, 2025","November 14, 2025",2061,eStmt_2025-11-14.pdf,"[""11/13/25 PMNT SENT  1112 APPLE CASH BALANCE ADD 1INFINITELOOPCA -10.00""]"
2025-11-13,11/13/25,10.00,1000,credit,deposits,Zelle payment from SHERIEN MAHMOUD Conf# xalb10bdq,11/13/25 Zelle payment from SHERIEN MAHMOUD Conf# xalb10bdq,"October 21, 2025","November 14, 2025",2061,eStmt_2025-11-14.pdf,"[""11/13/25 Zelle payment from SHERIEN MAHMOUD Conf# xalb10bdq 10.00""]"
2025-11-13,11/13/25,100.00,10000,credit,deposits,"Zelle payment from MOHAMED NASR for ""I promise to bay 100$ for your motorcycle insur""; Conf# gtflk13mc","11/13/25 Zelle payment from MOHAMED NASR for ""I promise to bay 100$ for your motorcycle insur""; Conf# gtflk13mc","October 21, 2025","November 14, 2025",2061,eStmt_2025-11-14.pdf,"[""11/13/25 Zelle payment from MOHAMED NASR for \""I promise to bay 100$ for your motorcycle insur\""; Conf#"", ""gtflk13mc100.00""]"
2025-11-14,11/14/25,-10.00,-1000,debit,withdrawals,MOBILE PURCHASE 1112 SHELL OIL 57545709404 NEW BRUNSWICKNJ,11/14/25 MOBILE PURCHASE 1112 SHELL OIL 57545709404 NEW BRUNSWICKNJ,"October 21, 2025","November 14, 2025",2061,eStmt_2025-11-14.pdf,"[""11/14/25 MOBILE PURCHASE 1112  SHELL OIL 57545709404 NEW BRUNSWICKNJ -10.00""]"
